108 2976 653 626 868 2219 4815 1494 4510 3671 1731 48 3753 3598 1196 2819 1665 999 
500 4668 888 758 3685 4386 1273 4342 3934 3607 966 559 3255 3101 778 4880 3396 1435 
4895 1169 1758 2711 2085 284 4195 4749 495 854 3587 4800 4036 4167 1138 262 3309 926 
90 3752 2571 2321 3504 3686 4550 1028 142 4432 4283 1996 4456 634 4149 3877 3836 1212 
2045 4037 1014 1139 4501 4602 4379 4899 512 2534 1264 3121 4241 1382 3489 2903 3729 1562 
3615 3907 737 594 2839 498 503 2768 321 4932 4310 3953 2557 2873 30 3926 3601 4030 
448 1345 543 4279 2081 2727 3106 1830 3158 4137 2119 2054 1690 463 4013 3179 2197 2852 
3844 2321 137 2950 1608 4798 14 2582 3937 171 2722 32 2841 3992 3550 3235 4011 296 
4787 1267 1049 404 1810 1284 3095 2272 3522 2563 40 277 3161 1030 4350 3130 4206 2629 
3303 1316 1597 2233 556 4805 143 4320 1147 2532 1046 3343 970 1076 1458 1561 1382 1906 
918 2638 3786 3062 2678 1712 3120 3122 4814 3545 1913 3971 4764 3734 3530 2529 3018 4057 
4505 3954 1827 1271 1519 3551 1338 954 327 2859 3682 2749 1404 4022 1221 165 692 400 
3519 4056 1321 3259 571 269 571 117 869 3295 685 4896 2803 3836 3012 851 1724 4431 
225 2592 311 722 3314 4295 4683 1649 1771 4434 4116 2452 3855 1665 749 2170 2161 4842 
3061 4197 4910 4172 2617 1180 3308 3762 1003 1864 3684 543 4530 1917 3424 568 4795 3986 
277 842 2305 4561 1198 3308 2691 3787 747 1261 1162 18 3838 2127 2569 1170 4015 1122 
3841 4029 2768 4842 402 884 455 3769 699 2245 2180 872 3018 1889 1122 778 942 1004 
3994 1331 1916 2265 3589 3339 1063 1276 657 769 2075 3700 159 1695 765 4512 285 4241 
1007 1446 1662 427 1475 3656 2561 3465 4771 426 4619 2972 1918 1679 4640 4401 1302 3464 
112 420 479 1907 1247 2701 4923 707 1088 227 3394 1760 1676 2209 1883 3685 885 4471 
1957 4426 38 2318 507 2472 696 4647 2165 1487 1146 818 77 288 485 2049 1787 373 
2454 2717 1905 3545 1390 3202 1403 729 3370 1888 1406 1219 2083 1136 4810 1961 1831 4421 
3907 2563 2145 4253 4038 11 121 3475 4383 3110 1641 4834 1098 1214 3797 4167 3410 3386 
2362 2138 4312 1057 4234 360 4001 4846 1484 3723 324 307 4243 29 3707 765 2327 4291 
865 1166 2361 3135 4719 4846 973 4815 4152 1547 1690 355 1994 3035 1420 3319 142 1495 
3361 1399 1977 4868 3824 2187 1411 1407 2007 2579 2789 206 1293 2152 1971 3266 1107 4098 
1030 390 3273 994 2307 3457 1724 3729 2981 3380 3557 2810 631 4253 4211 4699 2373 512 
1261 4173 1074 4558 4382 3386 4667 2926 2357 4310 4628 3281 1707 705 2894 2765 2129 2336 
1571 3128 2954 2194 3507 155 1633 3575 103 2333 1805 3378 4111 2449 3105 2271 1109 4167 
737 2523 3417 4154 3730 4608 3401 554 602 4073 670 2931 543 2249 4272 505 1195 1949 
1337 1082 2125 3955 1637 2363 2432 3714 3883 1116 620 1331 4167 59 1948 27 4201 2095 
3466 1711 2945 3722 1123 2567 396 3019 4467 1322 449 924 2929 3988 96 3198 4235 4818 
3280 3440 4631 4328 3178 2798 1967 3831 230 2527 2849 1508 4417 1498 1937 4664 1061 1068 
3365 759 4703 3057 2414 1553 552 2482 2636 2653 4110 4766 1144 794 3090 3340 2115 4319 
4842 3097 2437 1102 3497 4657 2630 4734 1862 4193 2189 3123 1957 2491 634 894 1698 775 
1421 1977 1293 4633 2952 514 1740 4243 2549 2256 1522 2100 4869 561 4863 4180 69 2259 
435 1390 3956 4117 4908 1984 3524 1862 339 539 1286 3789 491 492 2999 4078 3525 4931 
2112 442 1953 3595 4056 1795 4071 1199 633 274 602 2172 1347 1488 4224 509 3801 3099 
4804 1990 3051 2812 2340 2517 27 3133 378 2289 3188 4473 1975 4677 380 2055 4473 3493 
1895 446 1266 264 4652 1601 4221 4127 578 641 1640 4599 3491 473 2617 3871 3743 622 
540 3438 3342 3946 1219 609 1551 1989 2 1308 2583 666 1714 539 4491 2342 846 3751 
1324 4258 100 504 1437 1909 1962 3218 470 2343 4883 1890 3034 2708 766 2428 3749 3468 
614 316 400 3445 4684 2730 4763 3739 3952 242 491 4791 724 2990 1514 4135 3171 1771 
3617 3192 3052 2116 2071 2133 809 1033 2663 3794 1226 394 621 990 4569 4770 4805 1514 
3496 1414 129 2077 1527 4380 1689 1430 1726 3645 3479 716 1498 988 4659 2185 2588 1119 
1713 1610 1018 4005 4693 2992 3835 1473 1112 4532 258 1450 469 3424 3568 4163 1673 1002 
1589 1285 2243 192 1028 4008 4557 4227 4027 36 3647 1946 744 3054 4936 1447 2301 2194 
4589 1526 4088 3942 1436 4782 3710 2561 760 2757 1133 1031 3287 672 1404 3709 1743 3260 
1689 1376 4802 1712 2416 4451 3202 1016 1772 446 953 1891 2363 1405 1983 3003 4642 900 
3120 1800 4843 129 1858 1099 2992 3021 1656 174 532 1391 2050 4808 3061 3908 340 2176 
2603 244 2585 3344 1020 3198 4925 82 3083 3902 4725 1751 3761 4111 3374 130 1394 3293 
4826 2827 1563 4696 2067 3753 302 1626 3290 624 1814 2586 4801 4583 4388 673 3361 3803 
1843 4249 11 3117 1850 813 1467 4835 1535 3377 4333 2514 1741 153 2206 4097 4078 2900 
3293 932 3485 3784 4721 159 3119 449 635 2265 2964 500 3475 3239 1374 4919 1822 1006 
2128 652 1343 1056 1 2649 969 853 4902 1131 3515 3217 3487 2570 2828 3942 3708 1171 
591 808 4206 4602 4294 3796 2657 2413 111 3456 1862 1420 4414 1477 2218 4513 2382 4430 
1070 1140 4671 271 2137 2311 1916 1947 3543 2965 930 281 1699 2828 548 377 2437 1701 
2797 197 3784 2315 2814 1895 3206 3059 3922 2313 2101 3773 1919 1858 2342 1700 2385 2269 
3710 3894 294 986 3788 4247 1911 2903 4449 3235 2699 2661 3362 3407 1219 344 3486 1140 
3752 1091 1620 1292 4149 974 4066 76 1914 1147 2376 2197 2119 3270 4466 4846 4288 331 
3723 4414 2040 124 1105 2064 29 3788 185 1805 2405 4609 347 854 1539 2090 4077 2511 
4353 3493 4124 4036 1750 3974 3477 494 1608 3302 4461 2716 122 357 2670 1260 2381 2350 
3070 506 3258 3604 3137 95 1570 1240 2708 3472 916 980 3718 2792 3750 1502 2421 3079 
2534 414 1380 2648 2482 3623 922 2908 2562 1844 2260 3186 3852 4595 303 4866 928 3231 
1428 839 3864 3218 3011 1279 4528 1540 4350 1181 1598 938 993 3421 1291 4047 558 1755 
2739 3689 1416 1236 638 1081 4703 637 3525 2947 238 406 4948 2006 3582 795 2938 4248 
3578 3854 3070 3516 2267 3895 4666 1584 541 163 1075 1402 1609 3305 3362 1723 881 1822 
1492 4915 4889 1381 1801 1719 3517 3619 3613 713 642 3326 3582 3337 387 4268 688 60 
4087 1268 1156 625 773 3611 3456 3297 576 2899 517 3267 4658 610 2390 1634 3037 465 
4509 3103 592 4418 2298 2138 2851 3630 80 2690 231 1148 290 3857 1503 2279 4553 2795 
738 1954 3553 732 3160 2974 1355 4176 4296 3788 1747 2603 4581 1943 1245 4161 2897 4436 
3168 538 2799 3634 1994 4906 3830 1994 1267 3195 1271 1788 3376 3700 3389 3051 3763 605 
2300 3254 1804 3893 3820 2613 1959 1538 3717 3340 2657 2282 2912 4153 2508 4286 1120 4192 
2079 4201 1692 4587 4061 2971 3917 4413 2296 2514 777 3139 701 3003 3022 1842 2945 892 
3739 87 2921 1581 1048 547 1909 2160 4905 2754 3901 3995 2645 4344 3177 372 323 1404 
3201 4456 1268 3005 2104 1303 364 275 2439 2002 3246 3486 549 245 2648 1474 2593 3250 
1735 4042 75 2389 3092 1793 3303 3428 3072 2978 1212 3627 346 2749 1825 3707 2850 453 
4620 1973 3694 4345 1032 223 4274 468 4413 361 570 3956 176 451 2544 100 2686 189 
417 4622 2786 355 983 2200 3641 3372 68 4886 4924 2753 3570 164 3241 2498 1865 3338 
79 4212 2485 3990 366 2565 3918 4029 2525 2681 1628 657 2208 3082 617 4924 3647 1209 
4740 2393 917 4872 511 1350 2891 3883 4929 4937 1125 2933 991 3448 1927 2501 3815 1063 
3156 416 3089 387 4648 4390 654 4793 3199 301 775 1810 4284 4817 2208 1312 2223 3169 
1912 4920 2710 1810 2384 4896 3343 4550 3851 4226 639 3288 1304 3332 1841 1541 4383 412 
2688 1279 2260 3776 2109 4733 3455 3932 4569 2300 2784 2815 416 2712 2940 1252 914 1987 
2514 4711 1020 2334 4831 1587 3380 283 2039 1232 3822 1232 3378 4258 684 2993 2510 4230 
4267 4433 1110 2440 3680 1996 3138 2371 2199 4866 4217 395 2043 529 4281 797 4890 2051 
723 4121 2854 3639 4520 2336 3880 2014 1385 1827 4826 4011 3869 2205 3260 584 3999 2061 
4164 981 940 4884 2238 3513 3634 887 3207 4025 591 212 3716 4778 2297 1964 306 2974 
53 1596 1064 3602 4532 1589 395 3357 3112 3610 196 1921 3628 605 3923 373 3698 4605 
2808 3407 1006 2803 566 1875 20 4076 900 3223 694 2333 4272 4753 989 1020 1942 4387 
505 4737 1828 2142 3483 3902 4086 555 2266 3105 2469 4531 4753 1409 850 535 4511 640 
1612 1736 120 4264 3228 4884 4831 1011 3115 3333 23 233 1955 3916 444 3873 473 2875 
2423 2135 3193 4028 1387 273 3351 3264 842 3339 1364 2222 2340 3362 4835 3501 3131 1801 
1643 273 3571 4473 321 1033 1174 1916 3021 1897 4354 2606 1937 1490 4643 3419 1499 1836 
23 957 3185 642 3741 3790 3415 3664 3849 723 2121 3038 452 407 3124 2682 1019 3052 
2358 2782 3539 2172 979 1717 3776 1343 2672 1653 108 4852 301 3595 2432 3857 1132 102 
396 4316 4502 4030 2896 4635 3462 1819 665 1615 2237 2614 1797 1147 3272 43 4916 2805 
3305 2137 1754 1990 3713 3368 4594 4266 4554 4871 133 1371 3614 4252 283 3086 4691 3495 
3744 4454 4137 3654 4519 3093 4494 2590 2288 645 915 2266 996 993 2097 2584 936 61 
4888 4292 939 3874 3879 528 4344 4200 2969 3567 3143 1320 1718 1916 148 23 4946 3638 
2497 3914 1908 1439 3131 3122 2991 1044 1613 3519 3876 4685 4114 1652 1387 139 4839 3108 
3544 395 3903 3729 2682 1644 346 695 2062 2150 3210 3507 3882 3677 2451 2740 1216 3383 
4449 3544 947 1140 4635 3787 1487 3616 1411 2413 4786 855 3859 2573 1601 761 959 4451 
4382 2029 4624 778 2964 427 3850 3392 1262 2812 1948 2720 4200 1298 1325 2651 2561 195 
4821 4472 1256 1541 1849 3156 3215 2953 4282 1604 521 3250 3689 3506 3349 3239 1291 2618 
218 2661 4931 3425 132 3110 3330 4367 905 3358 592 4034 666 464 3957 1159 1684 673 
2148 4718 4200 2885 3816 3342 4898 2414 2936 3167 2561 3646 4095 2035 1474 2077 229 2234 
509 3144 2628 4487 4919 2684 3740 3231 2743 1568 48 20 2341 3263 2540 1141 2332 447 
4422 2032 4354 3132 1398 1408 4196 1198 3069 3262 2981 2106 4125 1138 20 415 2656 4614 
129 964 1265 203 1892 4034 845 3965 93 2594 3601 3608 3549 2072 2287 2954 99 4724 
515 3417 842 146 2648 3047 1598 1822 4275 3107 1298 3626 2132 3289 1716 4690 4589 4747 
2906 1113 468 1089 653 1659 4600 2166 2015 3023 1608 1274 3709 3917 2275 1805 4214 1954 
3041 972 3109 4158 4299 3244 3058 1875 2702 764 3156 3915 861 1677 4713 3399 1980 713 
3385 2248 4395 4365 1717 2857 2376 2843 554 2261 2464 3506 2408 358 1581 78 4009 4545 
4685 4801 1616 1415 2440 2521 1898 469 3540 1437 4676 2773 388 3999 4046 1636 2766 2138 
3671 3799 4871 2415 1239 1864 2917 2594 4156 1957 3714 1569 1089 1504 2595 550 4462 2245 
4256 499 855 2727 1243 656 946 3472 2316 4186 1465 3459 3865 1506 1242 46 2485 777 
4755 4226 3013 4011 1259 1478 4377 399 3179 165 1968 1284 3945 2781 1691 2267 196 2912 
2623 3684 2933 3239 4367 3692 1658 214 637 4466 3353 821 717 2203 2447 620 1327 409 
1899 4869 4547 2667 641 1841 3136 1698 2156 4658 3094 3742 1748 26 4210 1437 2240 2489 
2312 578 2010 4897 4137 2127 2322 4017 4378 2507 2154 4417 2106 3858 2471 3186 2543 3895 
775 631 2535 1152 567 4042 765 3437 1575 770 2494 4606 1904 1493 1201 4895 1593 1939 
1699 3484 1025 4173 3275 3078 1045 4585 4233 1408 120 2774 162 1135 1977 1492 3119 84 
3688 3309 4046 3296 1228 566 3969 4950 4255 74 3666 1344 688 587 2829 1309 1156 3316 
2965 2406 1005 715 85 1606 4158 4207 4828 1508 1371 3024 2520 1256 368 4024 3956 4004 
4757 1848 2474 1902 2731 3062 170 154 2138 3588 2933 4032 4324 1219 3581 3160 2038 174 
724 2458 3244 3096 68 583 1880 4762 4839 3080 4729 4529 2493 3148 2760 2083 3662 3697 
1223 4383 3181 1966 4865 304 2875 4301 3020 553 292 643 3968 4952 3586 2162 232 4816 
276 2758 2803 1539 856 4869 4951 1247 4519 3899 573 3606 4760 3344 416 1939 3260 1521 
3367 1725 1683 2268 2929 3617 1069 261 4500 4011 2298 4641 3925 1578 1777 4300 1296 4244 
4642 737 371 2043 3886 4455 4373 4469 3811 409 3602 524 501 4486 193 1822 1985 508 
3287 2939 4908 1639 2676 1270 1978 731 1995 2168 2088 2281 2099 2501 2983 2206 2054 978 
2942 4482 2139 1304 510 2940 4537 701 3079 3695 149 3251 915 1462 4624 4686 2445 2349 
1145 2744 1830 3043 4562 3478 4538 3884 1167 2038 406 3695 4250 1436 2946 1916 4363 3904 
1437 1568 4163 4917 307 4770 931 1820 63 2479 2197 2057 2761 2210 1162 3980 4935 607 
2382 1433 3341 2736 1600 3934 1350 2038 4499 4213 3781 1098 4872 4635 1416 3478 2365 3327 
4556 140 2249 2288 3742 2424 1039 4010 448 541 1470 1158 470 4141 4699 3070 2292 2563 
1807 761 777 2988 412 710 295 3044 4696 1744 1247 3475 36 2240 2082 2081 2062 1216 
1374 4855 3302 4814 2061 2647 3328 4424 4593 1389 2900 3493 4145 3019 431 2908 3459 4411 
4940 4839 2031 1595 1324 4928 718 922 3893 399 3705 1240 2934 2572 4064 4119 2380 483 
1694 1849 4724 1938 2847 2731 2041 2197 4207 3114 4911 4259 597 2949 3301 3204 1994 1978 
1611 4799 2829 1578 338 1457 446 4161 4081 2505 4613 121 151 1151 2747 3375 4344 186 
4690 4067 4686 784 1194 169 222 3023 1623 2440 4587 1381 2831 3613 389 1943 379 1316 
3320 1349 1829 728 3916 2747 3718 2779 2589 982 2161 4213 3744 3477 2302 1949 4243 1679 
4018 2884 3643 3489 4905 3155 2606 3255 4732 4047 1622 3119 4393 1055 4927 734 2118 1785 
1576 153 1844 368 3963 4848 3914 1895 67 3385 404 2590 2222 941 1473 1992 287 2506 
1524 2846 204 3603 1687 4265 714 4630 804 1596 3237 754 4072 1568 841 391 4674 2228 
3978 3923 4217 1807 3708 1897 244 331 2819 4860 2097 4653 4285 4792 4577 2133 4851 1222 
2757 2410 4845 941 3520 800 1123 2373 1924 744 582 2074 777 4939 2514 1960 1015 2776 
4833 1494 155 1706 283 403 4428 4859 2943 1431 1206 2408 3434 3083 2709 181 4815 1084 
3317 1638 1089 2840 4206 4622 853 4816 1675 2674 4889 869 4639 3093 1135 4277 4919 4593 
1686 807 4742 2324 694 197 2198 4570 3819 1500 1728 2780 2588 4049 3638 39 2615 583 
452 4246 3889 727 606 66 3983 2744 1540 2601 4269 1538 4758 511 1008 2946 3903 3105 
423 3236 4563 292 3055 998 1332 1778 335 2240 2174 2991 1014 4606 287 3921 3305 1931 
2983 707 1632 4800 2214 2056 2135 4837 2752 1727 3029 3315 4371 2272 2974 4746 4020 4585 
3346 477 633 3315 1638 1764 31 1853 3754 2912 28 1105 3518 1640 496 2788 347 4789 
3756 1501 1093 4956 3048 4334 2543 2077 2125 4276 1660 221 4007 1572 893 953 4112 1563 
1117 3829 2754 3365 2692 4319 787 1850 4558 3864 4331 1526 1371 3703 4387 2288 277 3741 
3527 2575 764 1073 4276 1227 2601 424 2857 4709 127 2818 1662 248 2161 2648 540 3777 
2608 2293 483 2248 948 3560 758 1349 2595 2526 2692 338 2063 3616 890 2975 2216 4327 
3230 4283 4113 2453 41 417 2974 96 1446 3942 1276 1758 2767 1269 1664 4835 3323 3640 
1633 2231 4480 154 2242 1078 4343 2592 3578 3824 3272 1009 551 847 27 2328 2087 140 
4878 2876 4527 1491 1035 3036 4060 1066 1699 4121 2040 4567 2627 735 701 3363 2816 3838 
223 4144 4497 2406 4813 4940 882 4225 4853 3628 803 367 2285 241 3103 1346 1669 4466 
3842 4 2976 3101 1486 861 748 3062 3864 607 2241 1878 2097 2009 933 4600 864 3813 
2872 3999 4141 3439 2400 1499 4891 3542 4752 2792 2799 4214 2836 2481 4878 1501 3007 2110 
902 838 3989 2275 4510 1756 547 3026 4140 2571 1585 2882 4793 2740 1767 3672 4574 3942 
3890 1873 4775 2177 608 2986 2491 1713 884 1973 2098 4536 4654 2190 1685 4682 1492 4437 
12 1237 2989 410 634 1162 4513 1788 1848 822 2994 203 299 139 3807 3511 2481 2375 
1332 3595 1149 157 3993 4394 2235 3414 2939 2398 2223 4932 939 1474 863 4623 2025 3756 
1881 3099 4451 3193 34 3731 3494 4313 1295 326 1433 2130 4663 4118 3897 1495 286 1417 
1498 1312 906 3416 1535 1815 4207 4285 4174 3287 1059 3581 3430 1892 2761 1733 4649 3681 
1798 1883 1910 3947 3797 3841 4591 1922 3041 4486 1145 4346 2990 4130 1805 2147 3667 4740 
132 2735 4454 1097 932 1619 2328 3521 1690 141 3816 1266 1168 4598 3893 2376 404 55 
4151 4284 3056 734 436 3539 2016 3046 916 2645 2058 4905 3463 4139 2128 1115 3898 4548 
3059 675 4644 849 1231 2003 4188 1654 2554 327 1352 3398 1700 583 239 533 2349 3684 
1074 3997 4037 1229 2876 2442 2158 1763 3536 1919 4222 4524 3822 3047 915 2880 3139 3834 
3241 3348 909 2475 4725 2634 3742 2190 2304 4349 2072 273 4496 1302 619 1669 2253 3796 
884 3074 2996 729 1432 4574 2277 1906 4580 2321 4931 3293 2014 2802 2181 1242 3337 2979 
2531 1860 169 252 1191 2660 1571 3667 2376 2236 1802 4665 2016 3225 4916 1897 1485 1631 
1539 2899 3841 2444 642 4579 411 3200 3127 3185 3963 2671 4750 1240 4683 898 2796 4374 
182 2546 2235 87 3402 110 4331 2956 1653 4495 3179 1718 632 3004 4663 97 4911 723 
1038 1795 4462 795 2879 899 929 1894 3410 4720 601 4337 3702 3081 4253 1322 4700 2735 
2647 2173 535 571 2 1693 2573 4119 341 4478 2714 1733 1549 4067 4435 2794 3987 4020 
3022 597 1157 2017 2181 2664 1818 801 1709 939 4006 1180 1789 192 2554 862 2613 101 
115 1607 4448 50 2759 3717 2285 929 3848 1874 1800 1698 1514 2612 1545 2141 2894 4310 
1955 1239 1727 4445 722 4208 451 2664 3302 1149 452 2152 1456 2563 1098 3480 3130 4780 
2725 3419 2839 1493 2567 1665 4087 2182 2430 3533 2411 4301 3789 3906 4479 991 1268 4072 
3122 4686 1486 3030 1445 4199 983 2130 4194 2370 3175 2214 4813 1531 4143 2292 4605 4722 
3297 1062 4367 1247 2524 3696 1203 2521 2996 3503 4839 3400 4676 4825 2030 868 2562 1371 
4731 803 3044 2456 4499 3418 4162 881 1425 3898 3566 371 1735 2406 2542 2808 4593 3965 
149 3863 4925 3988 2468 2397 1719 413 3091 1439 1657 1213 4184 3408 3147 1630 3270 1773 
1012 2427 3566 2221 3386 3258 3769 257 2777 1968 2560 925 1500 520 4800 4778 2139 3831 
2941 878 345 3411 4082 1120 750 2011 3825 3878 3532 567 622 967 982 1759 182 2726 
4919 1002 2284 2853 3590 1028 1811 44 4254 654 4093 4545 4270 3788 3687 1169 3596 3695 
1193 645 1473 966 3039 834 3828 3741 1404 2324 185 2241 3642 922 1439 4575 2100 3520 
2914 2512 580 1364 4007 394 3532 2803 2172 2625 2050 2483 4073 1101 4768 2645 4330 812 
3960 2919 3323 2707 2623 3789 540 1752 1620 2403 459 4490 214 4882 3436 2542 43 1424 
273 1130 2256 4206 2111 2128 4333 2835 2543 1875 450 1397 3601 181 3637 2734 4583 3879 
691 4396 3503 107 757 4925 3851 4395 4723 3401 1085 1990 1617 4472 1874 1730 962 3103 
4730 4507 216 1419 3861 3076 3460 4864 700 4555 3580 875 830 341 396 1837 582 3793 
833 89 1520 4479 1578 964 4655 37 3651 1288 495 3982 3631 4227 3132 471 3828 3967 
3375 4779 459 1150 4661 3163 72 2656 3894 526 4464 4853 1053 752 1086 985 4132 2166 
1570 865 240 555 3132 594 2353 3140 2464 4579 3239 1702 3468 1306 985 3914 3988 2002 
2137 767 6 41 306 375 2783 1111 579 781 3434 4103 4373 3744 681 794 2858 2494 
359 1554 4325 462 2218 4927 2110 3082 1054 4238 1616 518 574 2889 2607 2906 2415 778 
65 4457 534 4397 1139 2301 3587 3773 4457 2477 3152 1122 4022 4813 3473 1937 3192 1493 
240 177 1943 2284 4880 2618 2567 1081 2234 3090 1729 50 3674 702 2214 1114 2602 341 
511 173 2595 655 644 3023 1327 4686 3524 1927 334 4010 4453 2439 705 3562 3976 268 
547 1444 3304 279 937 1362 1027 2436 1899 3142 2204 3200 415 4524 3754 47 3126 3354 
2979 3960 3008 3337 2154 720 1399 2916 1891 768 3564 4748 750 1261 318 4672 2570 4761 
2854 2431 1334 4072 1459 3809 4342 960 750 3312 3117 3885 197 2381 2710 2298 2631 359 
2171 3091 4030 2425 4493 3152 4139 3851 1538 94 1796 3761 1802 1139 3518 507 4610 1395 
1555 4821 320 4092 3739 2372 924 4454 786 1436 4528 2974 2580 421 2290 3180 3955 1544 
39 2472 1009 2568 1956 4844 4392 2513 962 2702 3132 3147 918 1963 4184 3785 1760 933 
2103 2934 2220 47 998 1025 1525 3626 3612 3070 1686 3077 1510 1752 1742 4231 1830 2633 
1258 1531 4290 4829 1825 3855 887 166 1525 3543 2540 1550 2385 4229 3878 351 4296 844 
2273 3476 902 2934 3332 137 3620 2522 1512 3003 4735 3488 2875 516 2937 910 2198 2985 
2211 2005 4676 2301 4942 1673 4399 4522 4019 951 4039 2945 3555 910 3430 530 3713 1765 
3381 437 89 4031 4009 4409 1850 647 2826 986 2467 4650 353 4417 1378 1388 1717 2205 
4596 3368 527 1607 555 745 2968 3980 2984 80 843 2530 3117 1715 3225 4403 1627 2543 
3438 3701 1456 2227 3397 4685 3924 163 3595 1238 3780 3509 377 198 4343 2688 3402 4281 
1835 3965 347 3687 1375 306 3030 1207 3841 239 2233 300 4751 972 2850 222 4370 2699 
3509 2881 2739 1161 1143 4151 2287 4620 526 196 3773 1539 2406 3963 4076 3237 1412 2469 
3308 106 3578 3037 3333 3456 3445 2892 229 4844 3612 2437 1154 1573 4119 4700 4093 1991 
1706 2604 2027 4194 246 4638 1358 4947 1632 2742 4847 3352 2213 4568 2907 446 3113 2160 
1136 3757 2196 2256 520 3276 3805 3188 1397 2377 4044 245 1113 4627 2374 534 710 4504 
3355 3295 1415 1155 1082 3363 836 4063 1641 388 2020 1567 1866 254 3087 4338 1588 1777 
306 2875 297 2790 234 71 1674 4643 2998 2381 4069 3960 192 1455 4331 1666 163 1340 
2804 4215 4460 4313 4019 1023 1393 4075 2718 4378 4199 2497 3496 4379 4737 2220 2390 2329 
4843 1281 801 1624 2306 3287 2402 4675 1240 2400 923 3083 178 1749 1348 13 431 2902 
4032 2144 769 2844 4081 3091 384 2173 2028 4574 4412 3114 960 3268 4268 2243 2055 4671 
4161 4555 3802 2737 2667 28 4744 2807 397 4700 3661 4655 2755 1489 3860 247 4613 4732 
610 2868 4233 3670 3187 534 689 2098 3730 2272 1423 2852 2416 146 2890 4631 27 160 
1959 4398 3563 2729 972 2467 2021 1613 4734 3448 2253 1811 1544 1496 2530 2363 2900 1513 
3988 4487 4811 2674 4746 2371 658 4311 2084 3015 4431 4830 3598 1466 1495 630 3571 4228 
2894 2447 1317 2511 4135 1702 181 2976 2171 3961 2131 249 4599 4192 886 2388 1018 2842 
3569 4125 2956 3693 3060 4650 2865 4393 45 2811 1715 2737 2245 73 138 2391 970 1254 
1868 1903 2742 2967 4814 1794 891 1681 2882 2574 4403 2236 3333 3871 1056 686 1750 3683 
4513 1932 2588 856 3885 225 2361 1485 2188 2541 1837 4155 2093 4757 4945 4116 2364 2711 
3815 3075 3736 3082 2266 970 362 4499 3263 4672 286 1800 1218 1929 2111 1265 2091 4011 
3471 2713 2395 1354 1346 16 4127 991 3629 2802 3189 4797 876 399 1853 2478 3079 1018 
2275 2602 1773 4228 3193 4119 678 4400 2427 4065 4632 3638 1024 745 1184 2593 4443 2802 
1381 753 234 4737 1433 3096 1356 1172 2854 892 2989 746 2435 4101 141 4004 1641 4178 
4168 1141 552 4932 2603 4160 2114 2332 4342 3054 3679 3232 1599 1363 2018 1129 4117 614 
2037 887 674 3881 4788 3497 1102 2421 4751 3429 3614 3880 890 3275 2099 3614 4925 3580 
1517 3655 261 1270 1208 3201 4200 3887 2989 3600 3113 1795 2154 494 3277 3436 4359 347 
2904 353 3686 1516 4958 2625 827 4569 331 3620 776 4284 4322 4166 4639 3953 2008 3317 
2928 1900 3870 2818 4604 1142 2482 1545 4481 706 2255 3521 4472 3814 3331 4825 2857 870 
4331 4058 496 3428 3620 3437 4940 4305 2793 2867 1291 3694 1457 3532 3144 2989 3104 2935 
994 1891 762 4270 2994 3158 3890 1059 3132 3526 4947 1254 1490 3696 4341 2035 1239 648 
962 1793 1076 4335 220 3768 2614 3003 1353 1331 4766 1933 1627 4876 196 4515 3751 3599 
4046 4243 3238 2152 3125 3829 2253 996 952 1893 3875 901 4705 3981 1186 1689 3736 4449 
3973 1679 2672 3224 4561 328 1709 4923 349 4588 1394 2907 3293 3157 1964 4906 1263 687 
2924 449 79 4392 2144 4483 425 538 1845 2362 4347 4699 3918 2607 581 2094 2531 2652 
4663 1869 1246 4707 80 1420 1820 4317 2390 3685 3333 3213 3772 1307 2409 612 353 4261 
2741 2522 1983 1564 766 3434 2334 204 2479 3585 4054 3007 3097 4892 3406 3217 112 2338 
1017 3805 4084 4836 369 1916 4575 3282 254 4177 2869 3154 3051 550 1499 3719 2357 3155 
2342 2045 1958 929 3323 664 2274 4567 3527 1422 2375 2430 3211 1220 2541 914 3213 3208 
1079 219 1388 3824 3556 1836 4085 1157 1464 20 1916 3394 4642 2094 4580 4275 1622 3111 
1014 402 2352 4712 4457 2694 24 2002 2147 3879 4004 541 4384 4163 3545 774 3256 1908 
4291 1242 1736 1675 992 3658 2338 4541 1498 4775 1393 326 487 1374 3686 3061 1513 121 
405 820 3054 3477 2108 1342 1502 3212 1465 729 1751 2643 3941 328 1414 1521 3714 4802 
262 1742 2937 2592 2179 2455 1228 102 2329 806 1028 906 919 2370 4080 2309 1375 1509 
1546 2500 1017 2337 616 2915 4662 4739 4013 1881 1572 4817 2641 3693 3736 4221 150 1367 
1578 3617 3458 1499 142 640 2681 4771 3287 3912 950 4804 3191 4070 1974 160 4701 3454 
1395 723 4833 1257 4552 3037 3075 2523 1880 815 3087 4518 3873 2183 1365 2980 4557 1304 
3208 3028 2747 4699 3234 1094 1329 2375 716 1663 3595 833 1205 2421 2016 1464 3166 4023 
183 1935 73 247 1049 2146 2846 2680 4109 628 3474 4371 1669 2058 2363 1104 3706 390 
1900 3800 4273 4903 4029 907 2476 411 4249 1409 2682 1113 4004 2221 2395 1932 3845 181 
2459 1971 3423 136 1876 3372 2803 4455 1143 2910 4698 3824 2476 943 837 1729 4801 1650 
1987 2257 4381 2450 151 2197 3817 1899 2262 2500 747 268 4845 3454 1890 4666 4822 4400 
2327 620 61 1571 2593 4213 4018 2385 1185 4796 3788 660 1102 2916 2144 2411 3885 3276 
317 2488 2613 4219 1959 563 1153 3738 2742 2536 979 4307 441 100 4884 662 2045 1279 
3677 3831 3063 3943 963 939 4832 2845 610 3909 3880 4246 2306 4056 1737 1239 4153 1675 
2793 1888 1059 338 4749 4840 1726 85 2526 1279 1095 4179 2760 2687 3982 658 810 4232 
1871 4742 1063 730 200 4569 323 1460 3778 3787 2431 507 2950 996 876 4893 2217 3998 
4408 3462 4414 223 4613 1941 4914 447 3070 826 3713 87 2932 3901 209 4175 1680 2441 
3928 3524 621 2262 2558 4552 3125 3936 3591 2612 4452 3419 3263 2287 2743 2282 1197 1869 
434 541 4310 4477 1951 3862 1536 1953 4181 2680 4434 257 2655 858 2487 546 2612 3929 
1645 1248 2406 386 4449 2025 4077 3763 1227 1965 153 2663 540 2227 1182 1455 4305 2538 
2510 671 3140 3121 4129 1264 2654 3446 2247 2835 1990 4487 1582 816 3390 2985 4580 1505 
1732 2496 2731 837 2155 2447 3187 2791 3479 3228 2080 2718 4525 3852 1641 3159 2545 271 
646 642 2344 2107 2044 111 2582 4715 1976 3318 550 4514 1308 1237 2501 4569 151 981 
4759 2820 4774 1750 1580 1056 859 4738 4658 756 897 4738 1922 4233 3685 2783 1655 3297 
3512 4241 2502 3205 2915 2827 306 2961 3904 473 1055 1728 3007 1562 1911 1267 3272 2785 
1468 339 3739 2345 1389 2316 242 527 812 1313 1853 1672 562 4915 4812 143 4414 4095 
1662 288 4133 3779 3716 620 2142 1387 1471 4577 4614 92 4277 3303 3226 860 1954 3713 
322 3594 2162 4226 2894 3285 3894 1213 1628 1845 3834 2274 445 3359 4153 4267 4092 3116 
3421 3563 4870 1588 1468 3876 2211 4800 4115 4682 2309 99 3647 962 1665 195 2871 403 
1522 1642 4666 785 2923 3520 558 2275 2260 3439 499 3687 516 2537 4553 267 121 3574 
3124 1562 4494 2433 19 3847 4452 2217 459 2902 2417 5 1123 80 889 911 408 2071 
1013 4829 4859 4398 4358 850 2074 4046 4844 623 2366 230 32 4566 1478 1793 619 1758 
3632 1197 4025 2560 263 831 4289 4443 1490 3384 65 774 1553 562 1434 468 3411 405 
4030 4422 672 463 4258 35 3300 569 219 2366 1777 571 2544 1856 875 3133 1702 4137 
4020 2097 3293 4015 1555 4391 3627 4882 1175 1960 4355 3607 2462 1767 2137 2896 301 2997 
4229 3612 3600 2012 371 168 4305 1114 4721 2932 2673 3589 4338 4640 487 280 3878 4536 
707 1516 688 3543 706 1381 4247 243 1258 4919 4621 4573 4888 524 2703 3776 734 1475 
3362 200 2931 236 2568 3146 4604 2442 1354 4250 4794 2540 2428 3315 4295 3426 2132 4563 
2486 1052 1802 67 1551 2928 95 3136 684 1401 3104 900 1422 548 4505 4643 343 4516 
2349 266 4223 3002 2634 934 3824 3481 2024 4395 3772 2090 1586 2487 2496 3783 2750 4066 
632 2759 4491 31 4244 1480 4761 4055 795 1225 414 4499 2877 3211 3386 1232 3939 4335 
1122 1507 1349 1016 961 1658 4569 4895 181 4794 1532 4401 2491 883 2651 4788 2427 1022 
3497 1023 2980 1632 724 860 4546 2134 4322 65 180 3132 740 732 4948 3612 2830 1707 
176 2610 585 1274 1297 2277 2381 2009 315 1830 2951 3151 4401 425 2368 4540 3475 2545 
2334 4133 2426 3130 1828 2142 1651 4435 2697 4201 2368 2173 4630 1200 3414 3439 2453 1610 
336 1995 1757 492 2651 2691 4364 3139 4724 4731 4122 16 4535 4860 580 4528 3070 741 
3505 3651 3972 4038 4697 684 536 4641 386 1923 4604 838 2177 4609 1523 4488 3214 226 
2446 1826 4333 4022 3805 220 4498 1130 790 2800 4858 4413 3309 2181 1282 3530 840 2830 
1794 2351 3637 1282 1173 1452 4823 1394 3647 3837 1615 4858 427 798 3498 3968 765 4204 
4189 939 3646 2289 4810 599 2210 1421 3701 3748 1677 2015 2136 1823 3198 1935 4224 2562 
1234 4627 142 4777 1615 97 4615 4068 4559 3945 2915 2264 866 3544 3051 1090 2676 2749 
3440 947 646 3125 2021 4678 1600 800 2487 2035 4223 4385 618 171 1133 3686 2083 1349 
1847 4502 3733 98 3139 221 2200 1592 2673 1112 796 2027 1992 3215 88 55 4452 1810 
1311 3466 13 2031 4432 2654 3810 1757 1662 874 4066 4260 3625 129 2945 1248 4263 2056 
2882 4785 194 3149 4945 3113 2768 3601 4801 3440 3093 2374 3809 2131 869 3350 889 2177 
84 125 1931 2972 1136 259 42 4158 3775 2062 991 1216 2814 2173 556 3580 2178 3190 
3903 872 4247 2855 2642 1205 4622 1467 4250 2795 2796 3677 1430 957 3939 3228 2877 4568 
3565 4666 1728 652 3106 917 1801 4795 493 2496 1486 3103 2750 1198 1639 4650 2348 2195 
1371 343 858 2951 4422 3818 2650 1712 1266 2632 2364 860 1818 2004 2393 710 2684 2939 
4614 4586 4594 3724 1677 921 2220 2603 2618 298 1957 4457 3533 3059 4676 859 1535 2179 
3675 1198 1716 1987 2564 2786 2195 4229 4354 33 633 3137 1276 4798 3702 2636 3253 1664 
3380 655 2465 85 3829 1458 2237 3824 1734 2662 3124 3115 896 3411 3960 2692 926 4303 
571 589 2019 4640 2576 631 811 1611 2438 2230 772 3705 127 2998 4047 3256 1799 1161 
1286 581 638 3274 3108 292 4340 2443 2403 4085 395 2323 1186 1977 3276 2902 1734 3715 
2127 131 1562 4055 4647 1903 243 4823 3353 3039 4822 453 4678 3113 803 243 1631 1797 
4745 2867 3228 638 2997 4445 3796 1041 4202 4221 451 105 1895 811 2406 2768 767 2196 
4372 2951 2589 4305 4484 2791 3853 1748 1833 3300 2383 4002 4838 3551 3825 236 2290 1649 
4876 2893 2421 4727 4022 3544 2805 651 4667 591 3626 2678 792 3309 3895 2354 3533 3031 
2530 2646 4402 3647 4656 3601 1036 39 2167 1469 1459 4516 63 2757 1659 1391 421 3273 
1705 3163 329 4094 728 4857 2536 2587 510 2929 1934 765 4626 3001 2457 4465 293 4804 
637 3352 1571 2528 3478 3090 3782 2713 4758 1110 1985 759 2422 2432 1229 1204 1747 3256 
3968 4436 4108 3581 1542 3745 4946 1676 1387 3106 4828 1496 834 2140 1010 3320 778 655 
818 3421 3475 2167 1125 4760 4754 415 3129 1102 2243 1559 3483 3139 4774 14 4180 83 
4120 1978 2240 3728 4223 965 1897 2554 764 2523 3605 138 3924 359 4716 193 4757 4470 
227 331 4073 3282 261 3525 4352 604 3859 668 1207 908 3798 4080 111 3560 2146 4486 
3501 3455 3991 4645 3255 4125 4790 2588 802 1120 1772 1836 3874 1859 2246 1272 3712 647 
819 735 745 3376 4386 3253 4565 4218 1528 1735 399 1414 2253 1820 3095 4028 4753 3554 
4698 883 2178 1054 2907 4934 3304 3485 1635 4324 4579 4251 4219 284 3359 4551 4920 163 
2317 2349 370 412 3847 3187 4548 2924 249 203 1551 3204 988 4639 1076 3891 4930 792 
1280 955 84 1015 3857 3424 322 1677 2528 1847 2324 4171 1377 2331 4329 2219 3479 3689 
747 4295 2623 186 4653 3757 3191 4323 3958 652 4025 1236 611 4357 825 675 3800 2835 
3901 3338 223 522 799 601 2664 2909 3655 1834 183 495 99 383 4883 1182 31 1137 
1786 2603 3138 756 3501 227 4850 3947 2762 498 4483 587 800 2834 3572 4925 859 869 
582 881 1407 1591 1263 2706 1926 4554 649 4353 867 1817 1408 876 4044 3576 4512 4775 
686 3221 4952 1935 4745 4122 3873 1802 3446 2975 4520 2970 1291 2032 3629 1229 4853 1778 
589 407 4902 2596 1970 750 1233 1226 1424 1594 4686 3859 891 2277 2997 3657 2745 4296 
2191 2895 700 1312 955 3380 4839 464 4321 1981 1397 3652 3652 1204 1166 4646 4109 4785 
16 4350 3076 723 1689 877 1269 2456 4157 3285 3027 1771 794 1001 1236 2449 829 1934 
3995 917 4727 931 71 898 3589 4348 4610 2731 2703 4469 1357 4590 4647 1255 4765 3114 
3002 2920 2582 1157 1504 3689 1435 557 960 1385 4718 4222 1278 2680 4679 683 739 4881 
2114 4884 1168 3244 3995 4683 4632 4781 1206 1155 1391 3275 378 1009 4843 3292 4380 1907 
1402 1241 1805 4906 118 1869 4837 453 109 2920 548 4488 1487 1146 2274 1400 185 1217 
433 3955 1629 312 4709 3886 2464 184 595 1086 3064 2403 2564 2148 4657 2364 472 4389 
1760 1327 2617 2734 596 380 3366 648 1310 4330 4929 4374 3593 1920 3952 2191 4550 1782 
602 2117 1118 266 3270 3825 2349 79 4121 1710 2918 3079 72 4803 3476 2379 3197 4892 
4886 1076 3444 2023 826 3808 3795 2891 3476 3059 3310 3797 3640 3547 3294 2148 870 1186 
1841 2705 275 4533 2507 3384 2570 837 2190 2641 2953 2688 2463 1242 3224 3506 282 4877 
3910 4587 2964 947 393 4916 1135 176 4170 2974 255 815 3512 964 4081 2667 4841 3627 
2226 762 4512 4505 4912 2207 648 1140 2279 2524 1408 4733 3019 4037 719 3554 4157 1854 
2893 1949 94 4851 502 686 1839 3287 3477 1484 422 9 3525 4053 3657 2068 4394 2220 
361 1592 2007 4729 64 61 3770 4850 975 2197 4017 773 4688 3925 4635 722 243 3663 
4881 4919 265 3539 1177 1621 4746 2133 3209 829 2558 84 4224 1841 3422 1906 2652 1923 
3685 265 2073 4705 2662 927 4264 2144 2203 384 2772 2201 4347 2888 4613 1767 1841 2790 
4135 191 2650 4351 348 1063 2989 2584 1957 4340 4797 3631 774 1193 2009 3402 4010 835 
2290 2722 4078 515 1401 4337 327 4871 4508 3955 3393 3904 4715 3648 3484 4214 3468 1541 
1422 1121 3948 2484 1130 441 1701 3631 1050 1424 4348 3291 2027 3618 3600 4372 3769 1534 
1274 648 1837 569 1090 285 3223 2777 4005 3436 849 714 984 3943 1598 1846 4585 4343 
4415 3947 3481 452 2727 2074 846 3353 557 3865 4324 1592 3015 321 2663 2963 4276 4145 
4130 3359 1409 3203 1075 1995 4758 1093 2388 4714 3169 3487 4128 1602 1584 3806 1838 472 
940 4696 3196 2072 549 1102 3693 2305 1063 3891 2283 4742 1960 606 1721 3849 831 2597 
4303 2785 2841 275 2973 4545 3551 2408 769 3958 844 3034 3050 2145 854 3441 2023 1520 
4647 4469 1954 4358 985 1548 4262 1571 2563 28 2350 437 1554 3864 3913 2484 2121 2332 
2652 2622 3583 2630 3017 4182 550 2202 3223 1303 3070 4122 265 979 1215 2574 4942 51 
4527 1952 1891 2115 3211 4154 4799 2981 11 4225 3262 670 2690 2624 1649 4714 2210 2391 
2606 4811 1127 145 2153 1544 1456 1942 2972 2668 4270 2632 3981 2909 650 4208 4591 2169 
1071 577 224 3105 1033 2018 393 2032 998 3953 2191 4435 1283 4455 1540 2671 1812 3109 
1557 3639 900 2904 1906 1845 800 122 761 1078 1074 1277 757 3970 1666 2305 3823 389 
1304 2219 1365 2030 1749 1939 2793 4856 722 2067 339 3316 4430 282 2638 3862 4775 3482 
391 3485 2631 4080 2738 682 1829 3397 1588 4341 1347 1832 1449 2846 3965 1774 4432 759 
2011 1773 2972 930 3834 437 3038 454 4373 2904 1795 724 4785 4401 2935 320 3793 2717 
1585 777 3845 207 2455 1767 4651 3617 108 1497 3381 1581 3971 3244 3508 504 4079 2156 
3083 1744 4516 2563 3370 4918 4650 3950 2499 1502 3790 532 4083 2059 1464 3497 2493 4464 
2462 3238 1218 4834 3841 2802 1313 606 169 170 1999 2481 940 2484 1653 1490 1860 891 
666 2278 3097 4689 3490 4205 592 4776 1457 4689 233 2927 1531 4916 3302 1892 3291 456 
4595 4500 4693 2495 846 1421 4064 2149 3830 1929 4023 4895 1384 3704 2697 542 3449 2244 
2867 3382 3088 3962 693 2430 4185 1591 3436 3099 4844 1138 1940 4616 3178 4863 4088 3185 
2898 3967 241 15 709 4421 755 3314 4303 4502 1567 2294 4274 2554 2982 3332 1656 1501 
3944 2831 448 3158 385 2369 757 1590 2625 4920 179 424 2717 1925 2693 4875 1432 3018 
3105 218 913 3047 2549 2038 3487 4716 223 4293 4825 228 2913 4604 3005 1149 2152 2866 
4746 1405 4403 4438 4109 1121 4224 664 3155 3021 3696 540 188 388 4694 578 2706 4475 
4884 2583 1886 420 1492 94 3609 1469 617 435 1939 1405 4051 3398 3899 1105 399 2877 
4526 3042 2902 59 439 4226 2202 2295 2569 1343 2090 1479 1521 376 4288 4720 882 4514 
4829 4851 21 1795 3893 1060 1584 3407 1384 4447 4585 3867 4936 1706 4206 1035 3319 1065 
4628 4716 2515 2785 107 1708 3608 1182 3452 3693 3297 116 1721 842 271 3038 1538 3037 
1728 2996 759 2513 315 1832 1821 4784 3955 267 388 1279 4762 3119 1144 4814 2621 2408 
3174 397 3276 4137 725 2245 226 3406 3709 3067 3583 3365 1403 3793 433 1139 1039 3394 
1001 221 2624 4308 554 1355 3368 4624 3485 3045 744 4877 2636 3145 1635 1485 2020 4356 
210 1340 3579 2307 4954 4839 1319 4423 2495 2474 614 2610 1107 4956 2033 4103 139 1506 
141 502 2168 2919 389 1907 2888 2200 1740 396 2521 2634 1305 3707 3235 4622 157 3592 
690 697 2885 1619 2882 3042 695 2571 3346 1949 2112 2859 339 3897 3856 609 4312 3564 
2620 859 1326 618 2434 4748 3024 3174 2000 3986 328 3972 1241 580 46 4735 4889 2899 
3062 2639 4285 2111 924 2750 1703 3509 407 1291 4368 164 3787 4134 2815 4667 4270 639 
2984 4460 4794 984 1707 1629 3679 1346 3858 448 1699 3236 195 1118 4209 4705 1470 4134 
3949 4473 4613 3198 1745 3503 4174 1783 1917 4744 2668 2216 2008 1433 490 4767 754 1073 
346 1061 588 3482 3796 1919 357 2543 770 4702 1081 1854 2883 3426 533 708 2701 3705 
2684 630 997 3871 1313 1882 4603 3220 1871 1255 4836 2979 1246 4248 3565 2113 2635 4295 
482 4896 978 907 3054 821 4258 465 2852 1360 710 1609 495 3497 2213 2599 2281 3360 
3164 4781 2420 1193 2528 3711 4789 3487 4066 1961 825 731 3926 2713 2892 1171 2256 2631 
2482 4602 4521 926 4238 3798 3699 4504 2101 1757 4304 237 420 1197 3558 25 3946 2995 
2706 1301 2867 2531 2926 2984 532 1271 1017 1384 3458 613 19 3658 3348 2403 4699 2889 
2635 3283 14 3800 450 426 857 4442 3650 4631 307 2300 4780 2689 1467 4637 3775 4729 
4557 817 1503 1652 331 665 1247 1530 1127 288 278 2436 3435 346 1681 2018 369 1088 
4776 2034 2896 4934 3205 4915 4842 484 3481 3367 4148 2579 3316 4572 3099 1305 4354 2546 
1772 4289 1382 4520 2505 3949 3222 1040 2336 1840 1878 4489 4369 1310 2480 3077 4306 3619 
1152 4196 925 4431 4205 2100 671 2907 4402 3973 3079 1913 2142 247 2550 718 2300 1346 
3605 2475 1421 2314 3346 3085 334 4670 1781 4115 4760 998 1424 1162 621 1754 2033 3798 
4325 1975 983 3775 4310 1367 3743 4501 3394 584 366 3210 2577 2403 2325 127 2634 4255 
1445 1707 2405 2460 649 1872 3725 2052 4859 3441 669 3815 1167 1167 3670 3631 180 1403 
3370 1732 3075 3087 891 2086 3737 4316 2964 882 485 4064 4275 1437 3819 2606 4225 3639 
3082 4159 3664 239 4126 4481 3915 2249 2539 4701 27 1504 4281 3459 420 3842 1779 4912 
1410 4444 3642 1912 1923 3011 3384 886 3603 3075 3888 2257 2023 338 2304 3895 1293 4658 
2297 989 484 46 4002 1401 1395 1973 1104 4651 699 967 392 2608 2250 308 818 4331 
4502 1461 373 1728 1509 1588 2868 20 1536 4362 3270 3242 2230 4716 437 17 3784 3492 
656 1724 1389 2123 1205 2793 4230 1616 2746 3347 1925 2193 3306 2635 4545 240 3692 3400 
1766 2094 2830 2515 3580 3670 1000 805 3093 373 788 1649 3392 374 4228 2566 4401 3117 
1005 844 124 2911 2031 18 4378 819 1232 675 1343 2850 2567 2010 1060 2382 823 3780 
2582 354 1215 334 3682 3527 3636 3048 1973 4545 4875 3371 1830 4554 3580 3740 305 1722 
212 914 2004 21 2315 3663 3778 2019 3358 3310 2545 1645 2407 3196 3552 2674 3055 2109 
2265 3268 42 4259 2003 76 1553 2501 270 2660 3571 4102 68 3171 1257 41 2361 2883 
811 3347 1172 3187 2132 4565 151 4876 1627 2053 162 3999 3446 3341 1816 690 2462 4633 
1712 4593 4279 888 2501 2987 1881 2135 2149 2446 4339 1986 191 104 3152 4889 1892 259 
2429 3469 1825 1442 4628 2136 4405 2060 953 4566 29 4533 635 4870 3006 2057 1935 2990 
3616 445 1483 3446 4046 368 2225 2979 1201 1640 481 1488 199 1084 229 1420 2714 3363 
2009 4132 4657 3321 2019 4471 724 3524 551 900 1606 933 2121 1416 2957 3581 2523 719 
4276 4309 1307 1344 1052 3953 2063 202 25 97 2636 4129 2286 2191 3647 95 3222 702 
379 2729 731 1190 1524 4398 1070 2085 3216 3696 3178 1873 4328 484 513 237 1332 4315 
1553 2150 2306 4925 1997 1047 4741 1292 1844 3447 4655 4844 4510 3845 4381 4322 4638 1913 
372 2373 1160 3941 1990 3718 216 4898 876 4018 2338 1985 3816 342 1217 4055 1880 1704 
3880 871 2055 1053 116 2190 3203 281 2301 443 560 1900 2362 3994 3364 2465 1560 3988 
2238 4311 1164 2709 1435 4507 4937 915 2303 1622 523 390 1854 4547 2843 2145 1431 2382 
1479 3108 1272 761 13 4649 3205 833 2661 3065 2333 2941 3583 1377 520 1531 1704 1838 
858 2931 4857 245 3265 2894 4835 1724 4018 925 655 455 579 2125 221 4226 2927 4589 
3730 3086 3504 1551 139 3291 1906 3767 347 3730 2853 1070 1066 2644 1553 1324 911 556 
2331 4255 2384 3017 2610 2085 2953 4226 2367 3081 1317 4513 1666 2542 905 1713 3770 4636 
4388 2747 1820 4783 1001 3896 4314 836 683 2373 2896 1177 2837 3370 1382 94 3566 4022 
2512 1552 4928 4304 4564 4145 1371 3929 3411 2231 333 3084 2696 3851 2039 309 1151 562 
3676 1360 4633 3383 2523 4843 444 1236 751 2830 1236 583 1295 4456 1554 4263 4840 4803 
4249 4942 682 2997 3338 1664 2739 2238 4180 881 2663 1017 2122 2768 292 2422 124 1487 
2356 3511 3799 1360 589 1760 4417 3902 4490 4044 1815 3370 300 3903 1851 4270 1949 4709 
4793 4092 225 2862 3034 3526 2407 618 2812 4231 4140 3408 4079 230 7 2702 3394 3203 
4333 2833 1181 3926 2375 2059 2715 2092 2453 3917 319 2 4314 4069 4872 2737 3266 4574 
649 2461 556 1151 1691 1514 1986 352 4513 1230 148 4187 448 2744 4804 2012 656 281 
2705 2262 2513 3427 2475 508 3291 4474 4450 2251 662 3324 3114 3437 4612 2026 4704 755 
3192 4089 2655 2000 3104 1286 3466 1141 2108 1777 4088 3584 2424 1018 3480 896 3255 530 
1316 926 4959 2376 1491 1311 4730 4006 3784 4867 1288 47 2692 1905 813 1690 2166 124 
636 1137 3838 2629 4166 4501 4915 1845 2832 1821 2716 601 3807 2941 3471 4557 3506 2467 
1626 494 1695 3323 2336 4307 585 2227 1284 2538 3448 209 3427 1681 974 4526 2868 764 
1531 488 1788 2200 2051 2375 161 4033 4248 4721 2424 3040 1573 4295 1580 264 475 1237 
4559 1251 3189 813 4949 211 3789 320 1895 1574 5 668 1114 3908 4391 3534 1598 3240 
1438 3167 4495 2547 904 2377 3632 4486 126 4539 3251 308 1458 3099 4011 1216 1541 2339 
675 263 595 3825 404 1952 316 1620 3572 4608 3956 990 1366 3681 1016 3074 2378 1760 
1116 604 2066 3753 201 4924 1842 2764 2622 2883 115 3973 4187 2581 3674 294 4415 1912 
2800 2543 547 2170 737 4842 3383 1154 1770 1573 2451 1780 1409 3727 2267 1160 3047 3581 
1072 685 4949 1659 2110 1810 3117 169 3719 1026 4706 3067 3321 1647 3588 4018 2096 3525 
1347 571 1925 477 3239 2357 1100 308 1110 1743 2005 706 4024 1891 3485 4597 4706 3385 
4373 2356 235 2696 3628 4239 4011 248 75 3821 3635 2593 2067 395 4140 3725 4835 4581 
483 3344 1956 1695 824 889 631 2356 2325 3303 3973 1754 3531 960 469 1374 3132 3774 
3214 26 4240 4929 1306 975 3360 3463 4056 4058 895 2581 3991 4183 2615 2046 1940 2044 
3499 2886 1297 1548 2142 2796 2082 940 733 4158 1038 4870 3791 3958 1889 4426 613 2714 
4701 1664 4378 1638 3368 4917 1296 2652 853 3135 870 1150 173 2495 1682 4834 1497 3840 
2029 3276 991 3360 3896 1228 1451 4322 2435 1412 1103 2982 149 3217 1752 1911 4545 4791 
3429 852 1930 2154 345 1119 2112 124 4046 1885 2402 1973 683 3152 4021 402 4577 2164 
3106 4749 167 342 1275 3205 3155 2605 1261 3162 4719 4679 2533 3879 3270 1726 3883 1151 
3520 4404 158 3475 1572 2899 1075 1315 3331 1828 693 1294 1640 1653 609 4313 1280 1799 
4495 3956 408 10 163 1218 1791 4477 2725 3096 370 1141 2460 823 2134 1337 596 3192 
2390 510 1715 202 883 2682 3951 2306 779 948 1242 3573 4300 2884 3011 4787 2599 4360 
4302 175 2300 4608 3967 411 2709 584 457 4598 2457 4450 4534 2969 2558 1642 1358 3688 
216 475 2918 2328 87 2431 2532 1854 4570 4301 2306 4310 1834 2204 3259 15 3597 1302 
2558 2109 606 1302 1055 162 191 2433 4131 2005 868 208 2560 138 1542 2222 4469 4197 
1239 2926 4807 4254 562 1048 570 1551 102 4162 4255 90 3025 2808 2094 4471 1306 302 
2379 2590 771 2788 207 2733 2031 2474 2884 3598 166 3940 645 3545 2417 368 1817 2535 
348 4106 3572 2058 3266 1725 4854 3273 3909 3686 1639 1056 2595 438 1289 1052 1376 3384 
2369 3729 3332 2653 4128 1132 3826 1720 4400 757 3347 935 4366 4667 1284 725 4766 523 
109 556 4028 2634 2477 174 4862 753 3867 2007 3110 29 1499 4086 3541 3170 4959 436 
4287 3555 2357 4288 886 541 4414 1796 2881 1272 2296 1110 2535 2020 569 659 830 3322 
3033 2435 4335 2938 1372 3234 4685 3793 4896 3022 1048 1505 3432 1370 2256 4376 2347 1102 
1641 4669 2732 1103 1150 4604 3941 1923 2879 818 2013 1883 1426 4505 3543 2453 4191 3586 
2049 718 3938 2784 3380 49 822 709 3236 1233 1114 2470 1874 3353 4784 1672 2998 74 
3439 2501 197 609 3123 4392 1020 649 3463 3134 876 4728 1705 4161 4546 1570 4582 3660 
4923 2067 382 4451 1171 941 2772 1772 4421 4747 732 2066 826 1316 1650 837 981 4351 
2835 3652 3378 2831 1195 1485 4766 224 1117 1302 2258 2444 46 1844 4606 3597 3817 4348 
1216 4529 2503 943 4612 4374 4291 790 2237 3056 2340 3302 858 3192 910 1629 3897 4054 
573 399 563 4504 225 1785 4048 3326 1533 3881 763 1822 4170 2356 1272 1721 4936 802 
2830 910 1139 109 1238 4110 2075 1553 4011 639 2060 4027 2698 3016 502 1247 2169 1921 
3096 1469 2124 2312 936 2063 4311 4681 1246 754 1358 3384 2918 4064 4681 1323 948 2284 
4629 2443 938 1385 4490 4373 978 1937 4187 275 605 4370 594 2899 18 2855 801 2264 
1642 2814 2831 2577 3442 564 2566 2602 3654 3393 2528 4087 2549 708 3372 1290 3656 2111 
3190 3751 3627 4541 4584 2762 270 1108 2785 3848 2625 549 3292 166 560 2654 3172 1255 
4653 2334 4311 3418 4322 3111 1670 1812 801 334 2997 954 331 2786 4192 3043 1854 2810 
3946 3372 4569 2896 1977 2426 3036 583 3535 1680 1340 3237 2561 50 999 705 2772 3015 
2132 1675 3713 362 4808 1417 3630 1893 3052 2155 111 1994 376 295 2944 3922 3789 3254 
3846 1460 2409 3858 2905 2039 4949 2720 2095 1782 3192 4368 3638 3366 3511 1693 2979 2046 
549 1551 1083 1631 2157 2934 1085 3189 1532 2973 4564 2770 1956 4330 2711 2085 564 2507 
3087 3459 2362 1452 4920 4339 1612 3391 4098 3805 982 2112 1749 1482 3980 493 1490 2874 
983 72 2539 2589 817 1685 4409 1302 3729 2738 4195 3002 4522 2567 2058 3507 883 428 
3493 2912 1927 1667 4237 4098 3465 2715 525 3482 2961 1907 4465 1375 4359 3312 2934 4001 
1404 2617 372 4775 3665 4207 3111 2622 1144 3425 68 3015 2600 707 3329 1847 201 2121 
2351 2993 1645 2920 2957 1277 1771 189 3875 245 963 2405 4699 636 3021 182 335 303 
2780 1845 3937 681 3509 2216 1156 1933 256 3555 34 3105 3987 2677 1697 1936 3316 467 
4248 2927 4191 2336 434 1077 698 2469 1565 320 3316 1202 4644 1392 2162 1675 2749 2508 
3446 2416 963 667 1430 2751 4845 1666 2519 3316 4079 769 573 1735 3951 4109 1137 3604 
601 213 2911 3175 339 3595 892 2391 2624 3767 4158 1338 3958 1410 2644 1706 2218 3063 
1151 4030 2570 4312 906 1423 3793 2530 3657 3212 157 1828 156 234 1293 4811 4060 1710 
885 3000 3430 1872 956 775 4454 3949 4088 247 3675 3966 3522 1319 1534 669 36 4917 
2937 3480 1776 1857 2763 4766 3293 3307 3313 2486 2056 2845 3575 1817 1790 4627 4184 2582 
834 3608 2887 3377 4686 727 2580 3076 1334 364 2315 3967 1924 1011 2913 3569 711 4644 
793 2318 1175 4828 3115 2707 1270 3565 4633 250 214 2942 1238 3811 1717 4632 707 1232 
652 3518 4832 4386 1871 785 1742 4730 1036 4908 1323 2675 1476 1423 4856 4467 1974 2472 
1845 3878 2307 2497 2227 2595 2095 2729 3869 2467 2266 1671 4515 2933 4919 1538 1184 4594 
1044 4504 2213 2173 1163 3098 1177 971 1720 1315 2847 2044 3677 2024 1532 1938 1814 1989 
2759 4860 4003 1143 516 833 1722 351 3116 3154 3455 3942 1112 62 3963 2762 1646 3047 
291 1752 2993 4848 1210 1635 1023 1321 4904 3820 608 4695 623 2353 2020 250 4939 3198 
3975 2052 3040 4595 3900 4575 219 4276 1672 2222 2010 292 682 596 780 3194 2848 3151 
2430 4051 3499 859 651 1319 4279 586 2478 2907 866 2938 3687 4858 4559 1119 4635 3584 
4855 1590 295 920 4407 2907 1837 3600 3176 4493 460 132 3408 4673 32 1814 3455 223 
2065 2515 2723 2869 4198 661 3269 4498 2119 4878 4205 2561 1650 486 2842 4029 88 4146 
2096 1750 2185 2391 889 4365 4844 2659 3465 3726 3968 4677 2448 3599 171 1442 4266 2117 
3396 2763 96 3511 4419 3200 4363 3029 2954 3413 1775 2786 327 4656 1725 1547 3045 1641 
673 3353 461 3007 117 1622 2706 4353 3931 598 4228 2233 4230 2659 4058 1212 2051 2949 
4378 3241 4681 4391 1760 1536 1291 156 1470 635 4939 2067 2529 2346 2899 755 259 2303 
3437 4319 2112 3424 2849 4424 330 3063 361 1736 4484 4845 2172 813 2453 3417 2708 2380 
3485 4577 267 1425 4821 1855 4584 1159 4120 3828 3728 4912 3429 4195 2692 3545 244 3545 
3199 3 2776 1833 1629 4315 1409 2958 4781 1163 3162 1801 2736 1837 748 1209 1624 2006 
751 4657 730 582 4280 1733 3739 4552 1712 961 97 4232 2079 1520 2293 3523 635 1702 
899 188 201 2551 912 3970 2624 3331 430 3469 2522 2461 2531 348 4117 4106 1823 4247 
638 3415 3793 1881 3614 3212 1758 3694 4736 4166 4435 1700 1727 1345 1039 79 16 1108 
393 81 1907 2384 3061 790 1347 1165 4560 2329 4697 2811 2849 3348 2782 2339 3389 4934 
4583 3467 3582 3069 1632 4922 1480 2975 4922 428 1822 3939 2798 4794 894 343 3227 4566 
2143 1048 4927 910 3356 1250 1097 3815 3672 1972 2147 1325 4144 370 3455 2767 4179 4523 
3067 4816 3717 111 3260 1135 4957 804 2979 3443 1186 1489 959 3996 3760 1025 2268 2984 
938 1291 209 3095 2213 2663 2542 2388 3173 3030 3069 2204 1228 4476 2225 20 1363 4527 
533 3231 1301 1889 4528 4453 602 21 146 988 702 1893 1795 326 2335 114 1110 126 
2869 3082 1540 2003 4756 3100 3046 3948 3838 3201 1832 562 2388 158 1929 4416 4535 1370 
3220 3883 3209 1680 3544 4318 4625 330 1293 963 4553 1099 1180 2579 4186 4443 44 270 
2709 1856 4105 4517 2835 1816 4059 532 3444 3771 1988 2176 550 2970 4603 263 4307 665 
736 3232 2979 3347 3972 978 13 788 3120 3371 889 57 3240 3665 4330 4057 3715 2710 
4437 3388 3438 4276 3124 195 3706 4373 832 3166 855 736 2300 3479 1818 1813 2889 2243 
1580 1474 4700 230 3817 4931 4482 588 3515 4037 132 3248 1974 4460 1830 3551 3659 4766 
1318 1917 4731 1531 193 4267 23 3602 4397 3150 664 4829 4460 3928 4567 3297 3011 988 
2877 1824 130 1333 2170 4660 764 2604 2140 3226 3530 28 3454 1910 2721 3465 1981 4368 
3604 1445 3201 2370 3554 4120 1448 289 2966 4448 384 3686 1746 2959 2790 2415 4651 3845 
3343 2438 647 4426 2326 3532 860 1789 2676 4620 814 3722 4199 3455 1608 2589 723 3067 
1898 4690 907 4770 298 3425 4485 888 2300 2298 3364 3287 4724 2973 1057 882 895 4345 
1574 4673 4953 2013 4886 219 630 4893 1333 3500 806 4620 4308 1931 3255 461 4142 2355 
1004 3362 578 2455 3384 3079 1330 134 1977 2434 910 3296 4696 4440 2140 3067 125 326 
4296 4882 2447 987 765 4144 3034 600 2356 4815 4907 1968 981 1024 3514 810 3352 4286 
4911 3032 4053 4480 3027 4568 4609 713 1306 4173 2023 982 1407 3173 4690 4726 268 4601 
4122 2985 478 4037 4075 2844 3259 3068 1803 4667 4935 3501 3612 3664 310 1719 3718 2226 
2227 1734 532 3815 52 3323 956 4623 3885 1218 3485 438 4462 111 566 279 587 618 
2294 4361 475 422 4537 3850 3549 2167 216 2074 3509 3503 4237 651 843 2352 848 3962 
1817 1478 1102 1075 2862 3591 3261 483 2398 314 3952 4377 1598 1641 3410 2865 127 1391 
1328 1117 2181 644 2399 972 4899 3355 529 3514 1899 2423 1423 2352 2770 652 4566 4265 
2210 4736 3225 2921 4791 333 2733 2163 1169 1031 4394 3327 612 1130 3874 4406 4264 3142 
4206 4794 903 731 2829 526 2684 1835 2491 656 1388 2168 1240 148 670 2099 3886 129 
2720 1089 663 4708 1659 2450 4593 2837 3605 2021 2737 4792 605 1658 2694 34 4108 4637 
4052 3579 4646 2642 962 274 4354 2870 2962 985 3005 1499 4178 466 1829 2439 1467 1640 
1149 1684 1507 593 4104 2360 2840 3266 4058 1366 3652 3876 4477 2085 1093 2329 1320 90 
303 3252 2219 3548 4396 1255 2279 964 3351 4951 3992 598 4574 3095 4801 1220 3220 1479 
4100 3472 1494 209 1697 1232 1882 3558 612 2350 624 4467 2663 585 1046 600 3904 2432 
3476 832 1310 3515 788 2067 546 3907 2043 1473 1774 3732 3465 3103 284 3519 2299 3514 
1573 2054 97 1753 515 1184 3143 3927 4365 4146 2381 78 498 213 528 699 469 790 
1056 1651 3259 3240 1762 7 2421 1834 4847 2906 1024 651 75 2653 506 2950 3942 4287 
2552 356 1225 4399 4283 3012 3584 2347 3681 4445 4603 454 1097 958 2411 2109 4254 161 
2289 860 3822 4039 4636 47 4320 4418 4192 994 3730 3012 3141 4011 4846 3124 3348 1138 
2389 719 4791 1037 3960 3685 1471 4718 4385 233 3668 4596 1769 3997 1679 4366 3269 1803 
4949 4240 1258 2728 4860 697 3336 3863 1625 2994 2011 3484 4488 4665 1248 1376 4875 3419 
989 1298 3139 2011 630 2416 348 403 3618 4912 376 4130 2423 4181 2647 4001 1749 2888 
1976 1969 2113 1713 1547 166 2527 1581 4524 4788 3380 1237 2301 2665 43 1951 2597 1024 
4124 241 4635 3241 3362 4275 2990 157 50 3138 2399 2462 2281 1165 1241 1839 3413 4878 
4584 2755 2777 854 1999 2454 1150 2639 536 812 2754 2095 2129 683 1723 934 633 3821 
1118 2756 573 3192 2408 1962 82 4069 1109 2992 3014 2171 4590 2755 450 2935 722 1103 
4879 3825 1480 459 4051 1377 1848 2053 2174 2949 881 2238 1031 4322 862 2805 3986 2153 
2443 3303 1920 2876 3654 4030 3450 1012 622 4528 3489 2456 4374 1457 2107 8 3000 4941 
1141 1334 1753 1497 1515 2782 2049 3192 4543 1811 3098 4194 2895 4666 3774 2944 2547 1331 
3147 750 369 360 3971 756 852 3128 2334 2852 2753 435 4203 3396 4249 3389 2882 897 
588 1037 767 1171 2158 4564 4359 4021 2511 366 4159 893 3137 965 1331 1311 4516 4578 
4601 4420 3002 3889 2586 4192 1587 1761 1022 4473 4744 1730 3613 1494 1051 4853 1629 1053 
2015 4766 3437 3660 2864 26 3179 3081 2903 1866 237 4614 4136 2047 2936 3282 2000 2641 
694 2207 2616 620 2769 3027 2837 3244 3326 4063 4185 801 1562 2113 4431 4159 145 3523 
2977 2883 83 2302 2919 652 3673 4023 7 3089 3506 4520 2686 211 2574 3987 3572 65 
1931 4461 2308 3833 4190 2164 1413 2868 809 4663 4684 4363 3680 3330 390 3163 451 495 
3372 349 1686 2830 844 4304 2099 1022 2897 4795 1322 3085 831 515 4071 3181 2040 1320 
3834 1387 1720 716 3415 644 1354 1184 4055 3158 4276 730 2606 1757 4366 1909 1834 2148 
3032 2901 1022 1732 804 56 1504 2004 3625 4591 1419 3133 2361 3499 1355 2456 4782 1762 
2474 3291 4596 2684 3657 3133 3878 638 1183 922 2356 1118 3404 1000 1210 3259 1329 4061 
3162 1576 3613 923 185 1474 1191 4544 1896 2192 331 1491 2109 332 4923 3935 3040 1688 
2441 95 1361 4269 1128 1100 3872 4059 3917 1254 2946 3492 3845 4098 1537 2332 222 4907 
3473 59 2314 39 1751 4659 4154 4902 90 1900 651 3862 4880 4449 65 1697 4156 19 
3759 405 3486 3710 3105 2711 2296 3102 1531 1079 26 3763 4754 2934 3174 3091 4459 4288 
198 2786 514 4617 2113 3541 4282 2250 1671 2310 4180 4568 2394 33 121 676 1043 2170 
4060 398 2946 1026 462 1703 621 4019 4708 2604 905 3361 4886 4843 2047 2662 3076 4853 
1695 1382 464 2532 2395 3517 4661 3865 464 1420 1032 2072 2214 4413 2013 1000 4177 3221 
296 328 8 4886 781 3598 2934 3033 17 3675 1719 570 1659 1590 1599 3360 4767 317 
3997 1115 4840 3168 3858 3746 4587 3205 5 1221 807 2946 3474 1226 2387 147 4423 3040 
3542 4081 3672 1724 4102 3538 3617 4041 2130 2804 965 794 663 4387 2036 4883 2779 866 
3086 3296 3528 3992 639 241 1741 1046 1742 2118 3123 1623 3227 2568 4617 32 365 4438 
4727 3715 3240 1315 3969 4071 527 3412 1177 1222 2888 4329 472 4358 1466 164 2227 2689 
3330 1682 359 2895 3604 4677 3005 2854 1350 953 3762 1356 3921 773 695 1924 2512 4213 
493 3556 1261 439 3140 3193 3347 42 2924 3663 4919 1896 875 1862 3717 4577 967 1350 
2936 3481 4357 4105 3045 1460 4432 3967 1199 4313 4850 848 1057 3259 418 3799 4332 1511 
2039 1290 4531 1080 4176 1847 4197 3001 2991 2105 1135 3770 2693 1069 4440 3304 194 2400 
2999 1318 4525 4513 1730 467 3681 3468 3659 4336 1752 2897 4662 4698 2904 1858 1278 3046 
120 3250 4413 2859 2442 116 4217 1304 4010 3972 1481 3603 42 1610 2923 3708 502 1568 
4004 129 3482 2281 2795 580 1987 499 2917 514 1052 1898 2876 4239 3437 1205 2264 917 
1246 2264 315 691 612 2073 4315 3846 1530 3509 2949 581 3890 4243 3370 1336 726 2222 
563 4730 4407 4612 4782 1522 3257 1624 2719 1008 396 2177 486 1930 2987 3668 4318 2340 
3548 3726 669 3027 2084 560 794 1727 277 2624 4391 4365 1028 1251 2339 3369 4275 4083 
2391 709 1167 1738 4718 4020 4052 135 1276 2878 4926 1763 1583 4773 4877 4497 169 3598 
2773 1737 2241 2089 3745 3375 3476 3656 4080 2152 46 4678 2920 1948 4032 3034 3162 3411 
4537 4763 799 2872 3703 2777 288 3476 408 3889 1750 2903 4313 2412 2551 1952 3487 738 
2527 4923 3376 981 1040 2977 3963 3182 2923 1626 4153 2165 1665 3741 4588 1215 3228 4214 
2580 1885 3166 2430 172 165 103 2894 4675 3485 1834 1134 2126 801 4429 4295 2893 3665 
2354 3865 3410 3534 1140 4476 46 883 2378 4043 3978 3404 2863 4877 2841 680 4278 4376 
1911 3596 2909 4374 4807 294 3499 3740 553 2857 3739 669 3481 1163 3525 1593 4106 4661 
480 431 4540 1745 2585 1201 4704 3043 1317 370 1720 2146 1610 792 3904 3117 2142 3462 
1757 394 3324 4854 2699 1611 1158 4575 1682 4671 2325 3901 4594 4732 3361 4134 595 3275 
144 519 123 1890 23 3822 520 3799 363 908 4950 323 2219 1793 1379 818 3621 4488 
2873 323 3821 1532 1395 2906 2660 4611 1749 1824 751 1545 1359 3080 563 799 64 2237 
401 3839 2880 3566 397 3108 3162 4314 2811 4470 778 4873 109 945 2645 275 1385 2887 
2254 4142 2905 2786 3807 2960 4480 2288 1069 2627 1429 704 4282 616 1807 4149 589 4117 
1164 1127 92 4099 2367 1694 3590 3095 3744 1043 2107 1680 978 2052 1630 3252 1141 1844 
2694 2116 797 1187 3286 4515 2377 3779 2869 2839 4948 55 596 1764 1749 2041 3891 2344 
4954 3468 3633 503 4677 3780 1583 1118 3316 870 4862 723 2678 4132 4284 1556 1759 1929 
1967 3749 4923 2681 617 2351 4038 4751 636 1527 3639 2464 411 205 219 1444 2362 3711 
2971 2171 3990 1254 1623 2935 1920 4277 2213 1563 4923 3113 435 617 3068 205 3442 4884 
1449 299 2527 3177 2072 2805 370 2515 2564 4659 3338 4552 380 780 3384 979 3274 66 
2063 1059 1809 27 2359 1318 1500 10 328 85 2577 41 3280 3508 1288 877 2896 3504 
420 695 1598 4433 2333 820 1091 1229 4759 4596 4417 239 3294 279 3724 4821 3933 257 
959 3635 1996 416 1860 2346 1883 3034 3774 480 2388 3190 613 582 2012 842 1016 1711 
1494 2441 828 2965 1887 645 3868 490 2654 1612 589 4210 2496 3227 3991 3653 2747 452 
1687 461 3327 4258 1870 4903 4568 1427 4509 3157 2653 3665 4163 4113 1965 3044 1509 927 
4358 3305 4241 1515 1684 4577 2423 4601 4375 903 259 4319 3456 2691 4202 1562 178 3956 
621 135 1120 1757 3020 3734 4191 3569 698 1578 1328 3706 3348 805 3161 112 4676 2491 
841 3406 2468 4147 4485 4611 664 734 4199 431 2512 4926 3547 3656 4169 138 3477 2934 
457 848 3555 2963 1596 466 4024 1138 1861 2576 2403 812 261 4057 2109 3927 4668 934 
521 3461 2952 4202 4617 3390 4884 303 3328 2303 4330 4686 2882 899 3712 1175 3203 3761 
1893 2304 1308 2522 3030 301 2519 2171 2871 2299 1659 4423 1985 428 1754 278 1079 4355 
1614 973 2550 1801 198 4190 537 244 803 2843 2217 2820 1062 903 755 4585 3461 3069 
424 203 4915 2698 4169 2854 3583 4637 924 199 1325 415 819 2734 1191 543 3563 2444 
2309 1946 384 220 2415 339 1406 1115 4897 4748 2899 3159 3151 3210 4293 2230 3511 1023 
3679 3873 2417 673 3022 1947 3087 4146 2434 489 1058 4637 4334 2041 3886 2241 2507 1486 
304 2387 4886 2929 3182 112 2290 3148 3144 3400 3497 4201 1079 803 476 1106 3765 2231 
2434 3849 3848 4522 1092 1469 3047 2322 4270 2485 1091 3954 4038 4060 1698 1874 3948 29 
2934 18 2072 3527 2310 4553 2257 1411 4535 1344 2746 2213 374 4799 4055 2412 4554 945 
3935 1948 3362 988 3559 3832 2209 1629 673 4647 1791 1257 3988 3843 920 2824 1943 477 
598 2732 2769 743 3321 1191 2307 416 2389 2686 1967 4355 1835 1952 1970 4050 2174 2481 
3825 1292 2386 4518 4326 826 760 2260 2372 2426 6 2747 1044 2698 4217 698 3429 4863 
4862 254 1821 137 284 1403 3898 3473 2961 4874 1172 319 343 4234 679 531 3985 4037 
3682 181 1436 4590 700 533 1244 549 1341 3313 4717 359 844 4048 3612 4884 2590 4091 
4098 2220 4864 1658 2566 2270 4892 2911 1155 917 3447 802 2359 3921 4618 1539 2130 1678 
249 2641 996 3457 2373 226 2058 2379 2956 4108 4379 1981 2888 337 1351 1869 101 2634 
1189 4322 1429 3761 4458 4753 2332 3344 4040 1196 2942 2121 3059 2232 4594 1778 2375 4034 
340 4796 2270 3033 1756 4521 4128 3503 531 845 2118 3923 3145 4593 3539 3349 468 547 
163 1081 794 2127 4631 2787 4160 2075 2020 4235 2208 1906 2505 2301 4207 2630 4215 4104 
4760 2921 1601 3593 20 3935 460 2204 3676 585 2518 3836 519 2678 774 3418 1230 2249 
4859 1541 2859 3363 4570 3160 2878 563 3809 1398 2019 3036 922 1315 4473 235 202 178 
3489 897 2557 3102 1772 3265 1863 2440 2008 110 1056 3986 3851 4946 1180 2487 4495 2099 
687 3315 2418 2097 4629 854 2592 1445 4531 972 3164 4203 3891 4932 1073 2054 263 43 
3080 4660 944 4267 3833 1080 2791 1956 627 550 4829 781 1869 4424 691 83 4861 3559 
3522 3773 2646 1646 4614 4243 1565 3938 120 2713 3300 71 1035 3833 4566 4581 2015 2534 
2476 1981 4339 906 1945 845 1934 4141 507 2951 340 2772 3879 4537 3786 2882 2587 30 
2113 1219 4123 43 1312 2251 1702 1288 2874 664 2460 118 3109 4116 261 3355 3186 460 
668 4271 3195 4281 702 575 4355 2853 1137 4191 1836 2828 216 4602 3782 345 1055 4676 
1243 4191 1658 3061 1893 2394 1334 3424 2337 4738 1175 3817 538 984 109 3281 3780 150 
3270 2823 2048 4427 4513 3535 4764 547 2037 2459 3230 2662 2665 1473 2231 2829 4947 2991 
1704 4534 2496 3374 4350 4885 4073 3242 2904 1841 2761 1707 3764 600 1876 3845 3102 2581 
66 345 2621 781 3221 518 3354 4808 4466 515 1577 31 2345 2800 183 3062 3920 555 
4542 3725 1970 1707 1996 67 1800 3972 2710 1807 2798 3004 1629 352 104 3644 2937 2036 
4262 3574 2860 139 4106 4873 180 1441 1792 4942 3619 3439 4193 4350 98 2839 2985 4440 
3720 1615 259 44 2910 29 4920 3651 2466 236 2947 4598 1122 2050 2306 3701 865 1499 
2451 4625 4892 674 4324 313 2039 673 1052 3133 3092 4790 2514 1234 3944 3095 3327 4868 
418 2714 304 2510 1091 3247 479 3728 3054 1948 4289 4412 2787 4717 3191 819 130 4715 
4022 1306 918 118 1672 1079 541 4831 1370 2634 1122 2760 4157 2722 1302 773 1580 3418 
4739 792 4508 2423 2147 2883 4794 173 823 4622 1302 377 3272 3361 2750 4602 3637 3268 
4665 2372 4443 3322 4909 4887 935 3685 2227 84 896 60 1528 918 1884 2786 3982 4615 
1869 2016 2423 3674 192 3347 4787 206 2735 1823 1327 4055 1067 3390 2797 2163 1625 4500 
3095 2249 500 738 373 3997 518 4586 2600 2304 2698 3746 2469 1699 4125 3496 1844 3267 
2306 4352 4054 4289 1669 3506 3492 2120 608 81 3604 2364 3099 774 2330 1620 3927 4478 
663 3950 3393 3554 4527 3848 3126 4261 2834 2380 1335 2826 3426 398 827 4245 3176 1048 
2657 4345 185 4862 3477 1365 3522 1513 2023 3320 4229 521 2653 1123 802 1415 983 1619 
4520 843 3061 4703 858 1293 3527 4262 393 3905 2684 953 1 4082 3490 4162 1870 3324 
1075 4455 4142 273 989 1645 4213 2446 2111 1460 3423 4303 4305 489 2619 3889 1917 4557 
3243 4079 2325 3388 314 2068 4952 2699 1485 709 3820 622 4382 2770 3340 2771 1657 1498 
1010 3132 1296 2995 1599 176 667 1539 1191 1895 357 1667 1208 64 2434 2398 3423 2789 
2399 2237 589 1208 1518 3958 4190 1918 3953 1172 4636 3208 2541 767 2485 4206 4736 3369 
4086 1850 4342 1589 2230 4446 298 1023 3675 857 372 3262 2867 966 2856 1030 279 529 
2545 1846 1501 4483 2500 435 2616 2268 680 4124 652 987 459 2083 1194 1190 1649 4006 
4364 797 2370 2395 3420 423 2703 3361 4327 3257 4510 4326 3579 1412 4940 327 647 4433 
2149 274 4038 4825 4084 847 4660 2318 3891 4669 4554 899 2742 410 783 4033 2141 503 
1423 524 4735 2339 3066 2714 2568 1490 1820 4583 2990 2093 1269 3209 4494 462 738 3188 
4606 4180 45 3265 3474 1615 3964 1422 3126 3242 1389 2273 3864 3775 4443 322 183 3801 
4154 4565 1444 878 1657 2648 1229 3028 4488 1193 2024 1188 3591 639 1361 1515 2233 4405 
4404 2591 1913 2644 1910 607 3007 4576 1265 864 1778 2369 3685 4218 3206 3224 2343 4088 
1862 4165 3411 684 1119 1125 4307 952 567 1999 502 1249 3569 512 3796 3801 1210 2885 
3478 45 4416 4498 622 2697 2747 4649 3220 1894 3636 2543 3246 3457 1655 4016 1990 2571 
803 1296 2377 2382 1575 1430 681 4147 4903 4800 4940 883 2044 1593 3214 2316 4373 1061 
4289 2083 837 299 3479 2195 502 849 1606 4113 661 3611 4397 2954 212 536 947 974 
1253 4134 362 978 3521 144 1927 3022 3803 4032 52 1809 4121 3929 1907 4942 2330 3470 
2651 4192 3460 4178 335 1175 2426 3876 830 4117 1428 2947 561 2829 3655 1795 4508 2088 
513 1693 929 1725 2945 454 228 890 1399 3386 4083 3781 2124 1608 456 2437 4675 2936 
4432 1072 950 55 3010 3277 1189 4840 2090 4633 1297 1807 2958 336 3813 4732 1080 2931 
404 1413 4706 441 4143 4036 982 2285 301 4149 1823 891 4129 3130 3326 1731 552 2953 
975 481 3708 1404 4453 91 674 2176 2152 2417 1020 804 1360 3777 759 4859 3431 95 
1474 2214 3401 2927 2608 1904 3990 3668 1426 4436 2030 1078 57 4643 2882 2857 2618 3883 
3817 3168 3875 4008 78 3894 2670 3873 3215 3895 2295 1962 3343 1879 4539 3203 245 3717 
4427 3287 616 3606 380 4708 3888 385 3470 2224 262 404 3358 3077 2276 539 2405 2869 
4186 968 2285 3273 45 1187 2409 3433 4153 1955 2658 2418 547 4109 3296 481 2773 3000 
823 2637 910 2816 4486 3690 2481 2146 2640 1583 1919 542 2927 3409 3194 3745 3062 1123 
4360 1464 3608 3038 526 4201 1337 4236 744 1418 4680 2816 3257 2391 674 3666 817 4617 
3281 601 3814 939 1878 4893 1105 1342 324 3222 3814 4462 4847 3381 462 4342 3996 3529 
3459 3189 1320 4631 257 2990 4750 3775 3307 3718 4694 3179 1612 889 1645 397 240 1598 
949 2125 776 4698 285 1560 1642 1294 2074 4660 4422 790 1090 556 2089 3354 715 1178 
338 738 4717 2367 3776 4320 1611 2067 4161 4913 4438 1444 59 2737 2875 866 1148 3232 
581 2566 4289 1416 3357 1880 1941 1614 2631 2008 1469 4118 1092 3248 661 3249 3094 1469 
1053 3680 4543 2645 4462 2886 343 4077 4361 1035 1744 1983 158 1811 2844 2798 307 1712 
3335 1586 4839 4240 1868 3057 2171 1405 4420 30 466 3322 4211 3509 1338 92 461 2422 
4139 1284 2309 4233 1013 149 1731 1775 982 4423 252 4 3909 4278 3852 4747 563 154 
2639 3975 3601 3238 1966 943 1328 338 4841 618 3253 2598 3923 1667 3989 487 756 1107 
1078 4505 2177 1606 3043 3262 1271 1043 695 971 4874 2003 3302 4883 669 4502 2420 107 
146 3591 1085 1182 2848 2622 3659 2354 3496 4640 2269 4262 2358 1047 267 4833 3807 1366 
4786 609 3605 2757 2577 3031 1890 1608 731 4122 3144 4157 4549 4699 392 3713 2019 3404 
24 1488 4196 4440 4700 3893 4062 4928 4823 2136 1529 4544 2664 2282 458 4549 3524 2108 
2361 1202 288 2933 2103 2206 784 589 326 4087 1289 4189 4107 71 2394 2365 1539 246 
151 3516 3772 2332 1406 4580 4297 208 2814 1872 4920 4241 911 382 3834 4400 252 1112 
1532 2507 2687 847 632 2823 2 2329 3731 376 2938 2960 2741 378 3866 259 3666 2864 
4766 2948 3933 821 3753 3220 2540 2226 1072 3742 3831 1631 2323 1469 3267 1344 1217 2200 
1412 3335 3939 3232 503 386 3722 2548 2643 72 1067 2684 3185 3072 3528 2703 1091 1963 
4361 3164 3432 4369 2447 367 3101 2518 309 978 1543 2637 1526 1326 1033 1922 538 1440 
3178 2527 3985 1218 4230 2171 883 2647 3514 377 31 3667 3064 2393 3618 2234 3619 4284 
4683 2133 4917 3897 2080 3367 3279 78 4006 1309 4127 3886 2522 3766 3343 3261 4271 2818 
4869 1712 4759 1165 713 4067 1421 2774 2900 2148 1975 2523 1838 1419 1770 2968 1416 720 
1393 4362 1923 4246 1757 2262 260 903 1400 4061 1603 1440 382 297 4725 4620 4193 4946 
792 2139 3100 1529 1732 1759 4762 505 4393 299 2676 1112 1846 4718 3266 2714 2642 3871 
441 4264 4164 4763 287 1502 3911 3605 465 1950 57 2283 3351 4958 4814 714 3850 4667 
4684 3494 1797 36 1901 1130 2453 276 2845 463 2926 2325 2065 2595 4322 2130 3586 2073 
657 4520 4677 4334 1161 3763 1922 2137 4341 4089 383 450 311 280 326 3765 1010 2365 
428 632 4601 704 465 4155 2957 3126 644 1694 2014 1129 3527 2182 3894 1526 4129 1143 
3634 3828 3296 1740 958 2604 4919 3315 2394 2420 1438 1159 4442 2062 2737 4133 1338 3610 
4200 4131 1248 4546 159 2596 457 1732 460 980 448 1222 4283 1953 179 2782 4140 2808 
2078 923 78 1275 1086 412 4875 2185 1380 451 2986 417 1585 3252 4673 861 495 2468 
3223 155 2601 4315 2901 2555 3525 443 1578 2385 1086 3470 4609 931 2988 4456 3643 1336 
3537 1256 1860 526 559 4441 913 4089 1652 1493 377 612 4952 3338 218 4789 4526 86 
248 3977 339 786 443 4876 2648 3877 2122 3025 1940 645 748 4459 1547 1598 3233 4380 
1836 4748 1452 3426 730 1956 521 4084 1049 4561 3280 2346 4106 4945 1116 4444 2500 4509 
29 236 3744 2299 4260 3228 1111 1314 4243 2337 1856 4560 1185 450 2083 1571 3887 299 
4076 164 4154 4734 2091 4923 4476 3226 1294 4379 2257 606 950 2239 4645 1227 1529 2694 
2967 1580 4485 1634 3617 1164 1542 3816 1351 4398 784 2868 1061 2739 1688 4283 3768 4324 
3728 1544 2087 1243 3645 3860 469 4183 2607 2453 2000 3762 2429 771 28 1165 1895 1717 
4251 2987 3358 1593 2985 2408 1602 4518 735 2723 3551 616 3497 4819 2925 80 2463 1282 
4633 3640 4425 1984 2932 803 4037 3725 2471 478 841 1462 552 92 955 751 3740 261 
891 3096 3519 4790 2819 3975 1114 1401 3170 1476 453 2893 2421 4510 2080 1469 3635 1615 
2084 3987 2864 2765 260 1991 650 2410 2907 3988 2419 1859 62 3878 1892 4229 2735 146 
2799 2470 4787 4155 4815 1834 752 8 368 4412 4571 2659 3417 2153 3726 1898 274 807 
4450 2718 1459 1934 3533 2097 964 2716 1695 1269 2395 253 2815 3201 2917 1128 1839 4790 
4274 40 2819 2768 2008 4841 1879 1832 2026 1464 4053 733 713 7 4062 4397 3627 2989 
3813 1895 4571 1893 3593 3910 3248 1125 2764 4838 209 3396 1354 4285 1693 470 292 1453 
916 2127 515 2832 1102 434 317 807 659 513 1370 4770 3335 2736 473 3773 1136 3062 
4956 1905 2119 4591 2588 2626 4527 2879 1824 2555 3309 3225 2331 4752 3262 475 3914 1633 
3987 2194 3998 1883 1514 4794 465 3185 15 760 2111 513 686 1981 2046 1818 3301 3056 
3989 2392 2724 2075 970 4418 3792 1697 3993 3202 1739 363 1552 4712 2824 4317 4145 3614 
1821 3981 3213 3549 3245 1065 3068 1134 4473 3298 208 3600 2482 3799 2689 1038 2109 644 
3826 546 701 759 776 1064 1168 2362 1580 1073 1117 3519 1162 3666 3446 2408 4632 2397 
4273 2933 4599 2421 1351 3125 236 1693 3400 3028 4908 4627 4034 3329 1813 3498 3135 4883 
3309 4467 1187 1845 3997 4632 341 4374 1956 3766 674 4060 4126 1801 3556 4603 3591 1666 
2062 4339 1141 3234 1803 4898 3672 1382 1479 3177 1685 3053 790 1818 1407 4247 1691 1266 
1173 4576 244 3500 648 871 4309 1060 2098 2429 986 3072 2694 4909 1784 3930 2566 4757 
1886 1047 3705 576 4664 595 2456 3683 4938 720 1571 4602 2075 721 3231 865 4543 3931 
131 1964 2116 4809 1770 3736 1729 715 2694 4554 2526 4522 1946 1558 3466 1481 1792 4259 
842 2422 989 1559 1975 3185 2961 1650 1988 1170 1927 3625 2547 832 66 2826 2607 3809 
253 367 1569 1926 2572 2511 3035 1013 3363 1458 3695 4645 2446 2025 4442 4731 1888 2484 
1863 2549 1533 2754 1070 1032 3943 2672 2035 202 3694 234 3080 2344 2048 1942 2076 1969 
1399 3060 4926 3916 3607 4130 4477 4892 3582 2905 3091 3334 373 1503 4848 4358 4170 375 
2735 4662 1116 66 125 1085 2737 4538 3187 3058 2582 461 4459 9 1034 1244 1093 3395 
1848 4421 642 2279 3434 4342 2441 3098 2041 3419 1150 2917 948 4265 3826 3018 586 4386 
943 28 1714 4853 583 3549 4098 659 1148 3702 1516 512 708 554 4280 554 2183 1817 
1745 67 476 1994 8 973 2104 643 681 4568 1871 2768 3616 1760 320 1214 3158 394 
1550 979 3177 4871 2053 3095 1692 394 4494 64 1329 3996 1294 3580 4538 1262 649 872 
3808 3990 1122 1421 2967 1005 3322 2078 4516 662 4098 1566 47 430 2136 3661 409 2954 
4659 1658 399 4534 3630 4853 2102 1522 3977 4321 3118 3216 2440 4289 1141 1871 1498 4221 
2981 4186 889 2838 3565 1371 369 2987 4683 1410 4781 3993 1909 3762 3663 1993 639 4161 
2367 3090 1959 554 3611 4874 1983 428 3936 3636 1864 3043 2511 3622 1228 3151 2396 1866 
2728 4645 2118 2722 909 4643 2479 1092 239 3397 572 4226 2726 4589 1359 3137 2022 3030 
1617 682 2899 2672 4352 158 356 4919 311 1369 4880 1281 3656 1010 3264 4615 4226 3003 
2223 1195 2639 4104 2530 2661 909 4537 782 2281 4742 1268 3526 1340 3413 2614 1021 1734 
522 4228 2757 3293 4763 2048 297 3499 3419 2259 2530 2491 1951 2851 2382 940 2798 4782 
2776 355 1 1721 4685 4044 4338 4026 4148 2996 3218 2884 125 1614 2698 4152 1783 1853 
1073 3678 3760 1537 3926 2572 2096 2148 1818 4075 957 1207 3265 2528 3106 4745 4096 1484 
1114 2601 2052 1805 711 3233 1803 706 2831 758 4662 4476 4661 3757 4133 3209 4252 1062 
1247 3023 2037 1830 1929 4436 4036 4571 1033 502 1249 3632 1845 2193 860 2479 4000 1616 
524 4070 3529 4274 4393 2373 2312 461 582 4771 2802 2002 3587 2111 501 3456 4036 2063 
2812 3444 3945 2907 2656 121 4045 4169 1815 1636 3088 911 4047 2405 3830 952 1778 4929 
870 1370 30 3267 2073 4225 3920 1468 4186 2810 4451 4626 3610 3661 2624 113 1811 855 
1758 971 4817 3550 1353 2104 2472 3038 1736 604 164 4302 1227 2329 4257 3999 978 3463 
4812 1634 3005 568 3318 4211 467 3054 3970 3161 4633 2285 1907 1046 3710 736 2980 3247 
1649 4568 3655 3741 4115 1557 1899 1605 672 465 4893 4927 2992 549 93 1494 428 3498 
4049 2291 189 4086 2150 3128 1819 3381 3300 2255 4376 3580 2915 935 3747 1523 1697 4092 
634 382 1583 1445 2600 1908 3688 3603 4263 2419 3944 4020 4748 2556 2731 3867 2987 2983 
765 430 4222 4111 4492 1165 1397 3120 251 4277 547 3664 1216 762 430 1386 2861 3941 
3159 4073 863 379 3717 4698 3442 655 4518 2950 256 258 1197 4807 3243 3913 4836 4707 
725 1916 3449 3091 2346 1599 4778 3657 135 3125 2022 1509 4636 1842 3282 2381 2633 1474 
2566 4831 88 4012 1157 1321 2295 4309 471 3341 3134 3920 2180 343 839 3323 459 3550 
4681 1498 99 1480 2720 2193 2758 2637 3355 1080 2640 1715 1121 2309 12 2803 1377 4860 
3359 1997 2832 300 1363 3419 4532 471 3417 2228 3432 482 3341 1904 3877 3126 2263 4731 
1905 4708 3131 3488 897 1200 843 3496 1281 2215 2504 2807 3848 200 2683 855 1784 4231 
4761 763 1096 1188 3372 1646 4493 3308 788 3044 1749 190 1996 1311 3003 3655 1324 327 
4679 1116 3120 4401 3389 2952 4675 2701 4949 587 3057 4805 3633 1250 2646 1566 766 1229 
1396 1132 827 896 2313 1974 3953 1491 3529 2487 3908 708 4906 4184 616 1777 2831 4768 
13 228 3893 1076 1746 1105 1099 2351 236 228 680 4235 352 2674 2728 1977 605 1776 
2038 1613 916 2824 707 2354 3929 2102 3204 555 3288 4586 778 4835 3554 1893 1699 3174 
1715 1380 62 4271 3722 4787 2501 1945 3368 4190 1908 1278 1588 2212 3426 3027 1310 2859 
642 2317 849 2717 4730 2825 1824 591 2184 4816 863 3356 241 2900 567 2410 118 2191 
1648 2890 4234 1871 4522 3447 1607 682 1804 4604 2579 1102 4291 4527 1735 3798 2680 2653 
4610 4026 3299 3268 2535 3477 4186 4727 3656 4026 3271 3152 1093 2453 2327 2263 4831 1943 
3516 88 2106 1630 3955 58 3649 1981 2254 1560 3993 4585 3380 2319 807 199 2864 4796 
3636 2702 4820 1278 3494 3379 2093 4058 3824 4083 2303 1013 1796 999 31 2640 1455 451 
2878 4060 4689 4481 2657 1792 1744 3321 4134 1209 2128 4116 279 1478 468 2281 1350 3979 
352 673 712 4538 3441 1746 1359 1621 3685 1275 4496 4162 3101 4354 175 1861 1483 194 
2435 4305 3977 295 926 4834 3493 3115 3027 3359 801 4740 1872 2460 1388 323 1547 3173 
3426 3492 2304 3066 4797 1726 967 3764 2494 198 1950 3445 513 281 3054 3396 3653 249 
3629 4606 3625 3850 4603 310 3684 2196 1835 1665 3463 3129 2795 2883 2311 2438 311 1211 
4529 755 675 4095 759 3752 77 1285 1119 3461 2323 2657 1732 3935 913 4012 4327 2066 
716 4687 2227 3493 324 506 1001 1007 589 3557 2624 4897 3028 3643 4508 1392 388 3179 
1176 3501 4905 2479 1824 4921 4325 4196 4573 252 359 3342 3949 396 281 2953 2742 4788 
2263 4706 396 2561 945 4138 4446 4133 1639 2177 3615 3027 3746 640 3127 4453 1927 172 
3019 1578 4171 1156 1920 4820 1855 3488 1339 746 1332 923 142 1736 74 190 363 2118 
2985 2223 1764 1466 4045 2980 3459 613 2112 2271 3692 1262 2061 4863 4632 2297 4879 2825 
1397 2573 1669 4554 4433 4457 4731 860 3548 1169 3743 632 1550 4578 4943 1297 4161 3356 
432 3497 2586 2372 3569 3672 3201 2536 2740 381 4271 2926 2625 1235 4591 942 874 4831 
1606 3703 1271 3216 1334 4083 391 1791 3438 293 188 4716 2321 81 4390 3696 3678 4689 
2662 1159 4809 2879 2088 4902 3153 3432 2559 1971 2677 1937 3027 488 3377 897 4827 3080 
1394 3917 1048 822 3262 2297 4808 787 2317 899 2148 3145 3546 1719 2896 4878 3157 2077 
1222 3593 3429 1701 4704 357 405 4103 4478 1142 1273 3367 1311 1467 1820 3751 2236 2525 
4041 4688 2868 4582 1696 1185 3375 4761 2182 1419 4665 227 43 540 2163 1668 3090 2163 
3055 4628 1861 1349 2342 1038 3 4540 2891 519 1057 290 3979 4033 4660 2006 3161 4040 
4492 4086 2396 3979 2913 2013 2760 1003 2474 1846 4067 4687 2333 1853 1064 2315 1846 4588 
3726 3350 1515 2931 4354 492 945 90 105 4777 4038 2914 2315 4052 885 3206 2360 3830 
3882 3851 2678 883 3279 4624 124 2685 3693 1534 1450 3063 3395 1838 3368 3589 904 4096 
4598 2101 2517 927 1523 330 4783 1055 3649 914 181 4743 2796 4545 4030 3605 2277 1992 
769 3184 4036 2197 4175 1973 3613 4607 2158 4426 3584 4230 2754 1398 2814 3634 1566 4279 
4223 1809 3745 2974 2981 3374 3161 4509 4289 1094 4738 3510 2237 4597 1618 2210 1040 3788 
2701 2775 3996 2191 1262 809 1120 1817 4780 3558 1376 3957 3664 1750 562 3262 4292 3408 
3925 2215 2862 1386 506 3963 4129 678 4278 4386 888 942 1738 1964 1120 407 3226 3029 
4579 4513 2153 968 1340 1424 198 3369 4711 98 1116 2885 3516 2830 3857 730 675 3949 
395 2830 3591 2708 2842 1999 1687 3228 424 2986 21 4339 4756 4507 3499 1200 3794 3662 
1966 2061 1980 3294 949 3043 3134 1988 2804 1321 2042 2161 1148 3124 2871 2547 2583 2210 
4131 3182 4698 190 1229 4189 743 3327 3377 1386 1233 4942 2110 4614 4634 1921 4064 2884 
2057 691 3676 3361 3367 2997 3457 1385 4193 772 574 1886 3367 4479 2373 288 899 1862 
4051 302 3662 384 4179 1901 1785 3956 2741 3506 3523 1226 1616 2110 1280 1273 65 2137 
2203 4193 4204 3967 93 3986 3350 106 3638 240 679 4278 1126 1471 1193 3549 4690 4467 
3184 3780 2647 371 735 4095 4101 300 4753 1506 3984 3577 2728 3697 4020 213 1118 2826 
4180 1976 3734 661 255 3629 33 4825 4042 1565 1224 3426 4461 974 4797 2194 2075 1932 
3409 2621 3509 1185 4140 217 3956 71 4236 2772 3965 3811 2131 1918 1411 416 4356 4495 
1042 1427 3699 957 100 3987 4748 4911 1107 60 3785 286 4318 2732 4345 2030 3145 1225 
4725 3376 4212 1931 3646 1513 4558 4699 4319 934 4352 168 3128 4416 3955 1682 3391 2188 
3093 1479 1171 4516 4339 3533 1886 4402 652 183 3115 1874 3658 2408 2637 2045 2589 2045 
4519 929 3584 4393 4894 1298 4172 1186 4517 2666 1369 270 3699 1939 4902 96 4520 147 
937 812 50 548 3369 491 4514 3696 248 3178 458 2597 2828 955 3310 2359 2997 3441 
213 2325 1196 409 4345 4018 701 4375 96 834 3887 3224 3622 3608 4458 2115 1121 791 
991 3412 1855 4511 4849 1735 1955 4394 981 4513 4335 489 4358 2188 347 2208 1679 3862 
4029 4031 3769 1717 294 3143 61 838 242 3956 2520 1922 2202 1659 2341 3238 704 39 
2767 515 4379 100 4053 1070 2212 2057 849 790 3702 3295 153 3280 1643 2797 725 3421 
4729 1103 4943 2755 4772 2096 4411 116 1478 2956 703 4809 155 3287 4332 1454 877 4607 
925 1442 3615 3251 403 1692 173 4117 106 4619 1683 3674 3955 1648 4893 4605 2874 2272 
4695 754 3614 461 4221 3432 723 4142 265 2315 4582 3673 1810 151 1823 4410 1733 2450 
831 3112 770 2104 3191 4461 4324 2253 3608 990 3305 3675 1149 1071 1183 2830 4346 1919 
4043 2038 3409 4076 3273 280 3668 919 1419 3149 4916 2407 1393 3190 4930 3140 4001 875 
2972 633 2493 1376 2649 3573 2236 4943 1881 4300 1210 4219 4570 598 1475 2001 2224 1806 
4163 3686 537 815 3635 979 1519 4104 3191 1729 1466 1699 29 3991 409 102 256 2857 
1137 1101 833 701 1884 1315 545 103 4083 1210 2227 3284 3055 454 2696 405 3358 905 
1831 3080 2233 2025 4665 629 641 2046 1449 1520 4650 2854 1055 4072 426 2725 1551 1247 
4741 2169 258 1961 2422 3295 2081 1645 121 2466 2760 1364 407 123 1844 4207 957 2832 
1877 2279 521 2239 1830 705 4554 2844 3738 4872 600 4056 945 4103 531 2136 4505 4166 
1691 3063 20 3081 3915 3765 2196 3354 2253 346 4755 4933 183 1574 1438 2259 1334 3300 
3268 3065 3981 2619 2963 2803 4003 1187 3753 2872 2349 4015 1595 833 2180 4032 3300 116 
327 1196 4785 2813 169 1695 3184 410 1233 3847 3514 2665 1939 589 4413 2769 909 3061 
4064 3206 3805 3119 3136 1652 3278 2974 3181 4899 765 4437 1900 4282 804 2698 1816 541 
3294 539 4779 3629 2796 3559 3267 2514 1560 2084 1497 4491 1326 3445 4420 1293 393 1345 
1594 1119 3236 418 226 1542 335 1556 3057 2172 4661 1820 1801 3179 3615 2853 82 3532 
927 3724 4211 480 2786 25 2914 1501 2255 707 2825 1195 1546 1555 2769 210 3345 3740 
1846 760 736 1610 743 2790 2804 716 3624 257 800 2783 1535 3069 4555 3528 333 197 
4177 3512 4506 4601 4287 4456 4552 3946 4767 144 3406 2571 567 4453 1987 4100 4160 2496 
4072 2818 2752 4337 3715 3104 4585 4020 496 2386 3989 243 3693 4731 1759 2739 1820 4539 
4280 4545 1367 2355 4534 1029 2286 2920 4141 3383 1933 372 390 1158 340 2334 1947 2566 
2944 1550 632 3924 119 3050 3072 653 3282 4746 2218 4394 4013 2669 822 2637 366 2799 
1432 2227 2865 3006 2418 2280 1130 457 2758 2968 3953 593 4910 1700 3409 4452 1276 35 
1090 3998 4029 4107 3608 230 1078 3644 4606 2112 4820 4139 2718 855 4776 4304 1143 2763 
4073 2822 2187 3887 1368 4496 4047 3966 1300 1765 3319 3303 3274 3567 3573 3268 2053 4781 
516 4522 1918 975 1461 760 3060 2736 3148 2685 4155 314 2258 4899 4529 1007 1165 1742 
89 1215 4704 1696 1548 4229 1128 3383 2076 2818 1996 291 3737 4292 2805 685 1934 1329 
829 4517 3496 4376 4472 3919 4055 3050 3229 2342 2289 1149 295 51 321 2139 61 4886 
279 3776 2387 646 2859 4525 3655 3494 3318 2756 4656 4590 480 1609 4314 4256 1390 1194 
2220 1641 4021 22 2917 1651 3104 3641 3606 4546 2755 3238 1143 3485 3056 338 3360 3876 
4816 4347 4575 3074 4313 1042 2446 4638 3957 3549 3807 4136 4645 3911 2035 2409 3430 4577 
4459 1598 3300 4780 4362 3576 2836 2832 4595 135 1965 219 674 140 4289 1890 599 3183 
4205 4709 2760 4423 2527 4313 3999 1874 220 2945 4263 3338 1279 1092 1985 4271 2491 2229 
3633 80 2824 1040 3410 3004 1368 684 3758 1818 2252 1685 929 4540 1782 2112 3570 2394 
1779 2280 2317 2888 3738 1324 414 1074 4947 2938 2278 4444 1889 1742 372 4089 1692 2119 
2665 699 566 168 2216 1727 1766 3425 4398 445 3960 999 4368 420 2207 524 1532 88 
3889 1570 1113 3917 1704 289 2194 4116 3642 4060 11 2785 456 3874 2197 2628 4017 4132 
526 1702 147 2295 4779 4618 2343 489 4835 4109 3382 3417 105 2555 4110 4336 1809 2754 
4233 4885 321 4559 4415 1326 459 825 1511 3592 3745 3612 3884 3056 4113 1313 3848 2105 
4451 2147 273 2584 563 2981 3310 518 148 3719 4799 2844 3837 928 2715 4068 4909 34 
1941 875 2210 3056 1698 3175 1074 260 217 725 4722 1427 1926 2130 2438 4687 3951 1136 
1265 1534 2376 2084 341 3721 4737 3012 1822 1154 2220 4191 1477 3304 445 62 327 3674 
2123 1262 1781 583 1651 577 1474 3842 581 2980 3832 1459 2430 2942 3400 4 4521 2860 
2240 2777 2775 3485 4395 1987 2879 2923 3873 1353 3502 2706 3045 3005 2897 1611 3757 1526 
3036 1183 379 1123 2946 267 1427 3752 1025 3982 24 4583 93 1317 1878 3983 1267 4302 
3007 787 337 1796 928 836 2327 3261 2202 3589 3320 4827 1004 2645 4548 4284 2009 2792 
326 4497 3606 2992 2541 1110 3394 1084 4492 3017 3076 4707 1413 1927 539 879 1707 2960 
3754 176 564 3194 4285 1981 3568 2088 3636 3112 4134 2629 360 4340 1479 1619 4347 586 
1989 2160 1709 4881 2619 2742 3127 3756 517 4013 4780 2018 3793 4629 4355 1923 4411 1328 
1262 1123 4522 4867 67 2653 321 2284 3231 4009 928 3349 1340 3278 2626 667 2502 1362 
3047 4635 3976 4243 3603 3319 4611 4813 2236 3862 4300 3177 662 214 1870 1801 3910 2052 
3670 3989 634 4910 2244 1949 683 426 207 1067 2768 1448 4538 3682 405 1029 1082 4603 
4351 2463 2936 1806 2708 588 2534 4525 3492 412 2331 851 1653 2343 4717 1850 454 2794 
4244 2904 4259 244 3760 804 3315 2657 1544 2158 684 3118 1745 4672 3114 2336 826 159 
1746 2400 192 1939 1227 1680 165 4736 4715 272 4896 3658 3904 2402 612 4536 4913 1276 
2504 463 4423 1228 4624 41 2373 1322 4669 4916 3499 4220 4130 262 1747 4276 3042 2280 
1907 2761 2837 1683 4254 744 98 1554 2842 4485 3307 3921 4457 3387 4627 3702 924 396 
1892 4062 4288 4151 3302 1202 976 1332 1366 1668 4536 3539 2699 2349 4430 4541 1676 3137 
4550 4710 2063 4878 4698 2470 2382 2648 1737 2085 3687 2700 1175 3948 641 1833 400 3023 
2318 4932 1822 7 2145 78 1793 4903 2778 1624 1082 3307 3668 458 1975 3416 3947 4690 
4775 1772 2186 654 4144 3421 8 1643 4911 3101 3151 3740 871 4552 323 3407 3271 3718 
440 815 1383 1077 413 2440 3560 3330 1664 2357 2210 2739 4916 3723 3244 4625 4644 4712 
2532 3876 1651 3570 2107 4868 4028 855 2866 702 189 4702 4953 3046 3912 302 391 1938 
4887 2800 2740 4750 2363 1317 2004 2350 2858 4931 207 655 4099 2438 2317 4339 1468 2784 
4369 2862 2029 3872 2542 639 2769 1738 468 137 3868 3144 3758 3188 4825 2972 3541 2575 
22 1401 1874 4713 1472 890 727 3593 2983 2469 163 3990 3202 1729 3464 2868 3602 2690 
3028 2277 4131 4169 3991 4343 4572 955 213 3528 2488 483 4920 4435 4176 4241 3367 2687 
3186 2688 806 1848 1483 1946 3545 634 4044 3943 4819 2949 2484 106 4486 172 1383 4326 
4644 2539 4710 1534 3210 4765 3314 2607 4356 45 904 4784 3327 1776 2594 423 1247 2760 
2992 4190 1835 3260 2965 1412 3216 4241 1443 1703 1944 4384 31 3143 3642 1450 1292 414 
2949 1288 1614 2125 2916 914 377 2883 3071 367 4097 1348 852 2336 280 370 217 2705 
4578 548 4692 4693 3746 1195 2923 764 19 265 3174 3716 1831 2108 4356 37 2692 2627 
4858 828 676 3699 3976 3644 3893 1521 3269 2100 1124 73 851 498 3369 2996 283 3854 
1345 1666 2015 648 4834 698 663 967 4472 161 4162 3415 2780 4026 3122 3697 4030 3320 
1025 2551 1679 852 2902 2568 2351 347 1821 4005 1541 2758 3158 1821 4449 1002 291 4885 
2819 2957 1138 1527 2204 1565 3412 1685 3145 3996 3011 979 1461 1657 3594 341 4515 819 
3475 3183 1646 2868 3952 2061 1988 2570 3482 581 2713 828 2413 2260 2590 1946 500 2331 
1650 3281 4609 3828 3695 2324 328 4444 1598 455 518 2287 3898 2921 4286 3819 4165 574 
116 2716 2103 3364 620 4464 315 4333 3172 2140 4008 1267 4641 1876 4085 754 3671 3477 
3386 4338 4603 4706 1403 4209 2937 1700 3915 2833 995 878 3445 1514 2212 1631 4497 2564 
2460 3836 2604 3386 1349 1486 4695 2132 2748 749 2355 3536 1265 1515 4876 4195 3051 743 
4922 2969 4542 2162 1276 3041 2113 4939 1857 529 1398 503 3800 4591 2806 4242 1128 2281 
1207 1654 1152 341 4931 1034 3591 1573 3562 4813 2288 2985 806 2386 2507 1304 3510 383 
2916 4702 4620 3209 2846 4473 4855 4181 3504 3272 581 4040 1015 3218 589 386 3195 4220 
3357 1004 1702 835 657 4404 235 1782 4766 4161 4265 4432 3398 1500 4242 9 1818 438 
2957 573 4075 4611 75 1266 940 242 348 4656 4900 1757 2368 436 3930 4587 3654 708 
3547 3051 3305 2519 1577 4538 3326 4219 2331 1813 3199 3976 108 2731 2271 2915 1088 823 
3936 2043 2248 2149 1642 3496 1875 717 3122 2983 929 2900 814 474 4605 4044 4340 1629 
1333 1665 4366 4326 2339 4855 2188 587 4458 2782 1530 2157 2481 3890 3160 4754 4029 4734 
909 3642 249 518 2721 3891 2705 3718 720 1630 1536 4254 4154 4306 4460 4316 719 2041 
1024 4072 77 2249 3877 459 941 901 2862 1316 4540 75 5 4115 4237 1800 4111 1559 
4674 1852 3186 4692 3755 2774 3112 3678 3426 3261 1727 309 3093 4934 3303 2337 787 4672 
1255 3158 2017 1179 1359 2817 3118 1731 4857 4728 3543 4671 4945 908 2706 878 1072 825 
2743 496 402 3997 3732 4117 2487 1808 4424 4515 2870 66 3387 748 47 528 156 2393 
4399 2645 2216 3787 115 3289 3610 2257 2106 372 2864 15 2553 2399 4012 3152 4807 1308 
3540 4854 4628 3954 3563 2911 1615 299 1732 2948 4231 4958 4649 4509 3602 3405 847 3982 
113 3213 186 285 678 707 3040 4806 965 1916 1764 1104 4491 3525 3023 4658 3560 2175 
3081 1608 1528 4205 1412 283 89 4524 1344 3281 2948 797 2569 3964 182 4642 3532 3332 
534 895 2942 2712 4161 3141 2231 217 1884 998 1151 792 1362 4711 135 3335 3771 2623 
1461 380 1731 2691 523 1334 587 3813 89 1011 4363 3080 1602 3662 3387 3232 3194 38 
4498 4110 1019 3984 4377 2539 562 4650 1661 1816 3221 4085 1210 82 2876 1887 1461 1698 
4292 1628 364 1451 701 2326 4589 349 125 2928 3313 3385 2539 478 1047 4832 1798 2154 
4438 2204 3801 3771 3918 34 367 1678 1244 4594 3258 502 2199 1119 618 3316 85 2957 
3514 2180 4854 473 3301 4037 4100 2508 4024 2539 1812 3209 2770 4940 2185 3982 1133 1605 
32 2241 3415 737 1706 958 3521 700 2700 263 4868 3845 4556 3510 1153 4503 1587 3115 
1962 516 3797 2546 4776 245 3503 2084 3818 952 4161 2883 617 840 1991 3469 2822 2573 
3770 508 3280 2960 2118 1238 449 259 4717 1242 224 3438 2138 327 960 3615 2867 233 
117 2728 2217 3509 49 1013 86 3374 1084 1144 345 3712 1970 2307 4368 745 1960 2803 
1178 636 4721 3088 1744 2239 3392 4669 292 3331 3717 4744 4088 2978 4370 4223 2164 3669 
2644 841 3678 159 1465 2172 3945 2986 3836 4508 4026 1916 4 1283 439 150 4321 1576 
2188 3211 4707 3521 1557 1732 3489 2831 1889 1006 4165 1194 3039 154 2061 3514 2225 524 
412 4147 3617 1597 3227 3282 4795 4494 222 567 3303 1469 4913 2348 2547 125 1368 3997 
3840 2330 3077 442 2712 1411 2757 4646 4511 3172 4000 1139 925 197 4544 348 681 1192 
3465 1162 328 2402 4142 3688 4092 1517 2671 71 3454 3567 1977 2861 3958 2707 4646 1962 
3077 187 2750 1232 2904 1007 1145 3591 2397 4841 1955 1423 4160 2084 586 3976 1201 3515 
290 1599 1888 1626 978 3243 1221 2498 2838 308 2736 1305 4455 3760 3910 170 3799 1407 
4847 2396 4127 4568 3775 753 3818 2156 848 1901 556 3076 2712 3140 2436 4604 854 3430 
411 2261 4225 95 135 3491 3320 3310 4770 1178 3090 3205 853 1354 3213 3828 3873 3779 
3673 3267 874 1249 840 3888 4150 170 796 1915 4888 2069 2006 1725 1926 1032 2438 1555 
2310 2707 4882 4835 16 3296 2547 3324 4920 2700 1854 1991 3825 2982 3512 4386 2817 3736 
3097 4900 2150 3688 910 4431 2521 3227 4955 2794 4443 959 4585 890 1111 2631 4684 1332 
1500 2246 707 603 1135 3221 1650 1018 1859 1158 1252 1911 3766 4423 2398 447 1181 3869 
3445 1152 4172 2390 1172 1865 1667 4273 1458 2345 4584 4849 2554 3844 1000 3585 415 3531 
2624 4097 2564 1596 3304 2741 2306 3105 2312 1354 4485 422 4005 3549 1059 1284 2408 3914 
3387 3300 2 4373 726 2000 4822 1425 4626 2094 657 4267 1313 694 4470 4756 3552 476 
3761 3570 2077 3691 15 2721 2197 3677 3772 3732 1439 3142 2794 244 2691 2575 3604 2992 
3566 44 4673 4892 3721 2800 106 262 2990 4168 2434 409 4400 970 1504 1062 97 1110 
3839 4287 1198 1865 4559 1531 2270 1083 2117 1674 4277 2958 2060 4691 1323 1303 4931 3860 
4286 4136 4602 993 4189 1870 4332 332 3903 4615 1170 2871 1147 3369 3603 4213 4705 4105 
2162 1264 1768 4493 4878 4500 4636 1667 1235 2016 977 391 3479 4702 4845 3046 4598 1480 
3980 3845 1231 3576 1517 260 4826 2550 668 3338 4516 3392 4370 3840 256 49 532 641 
496 2627 508 432 3814 1979 504 3241 3918 1739 533 2415 1259 4654 2263 28 638 3836 
3102 2988 4166 2719 395 4193 1985 1733 483 4733 4885 4408 233 1468 123 2874 2460 443 
284 2943 2986 697 4281 2549 1095 2141 3694 2411 4649 3599 1782 1777 504 1167 26 1584 
1521 514 4371 286 2174 2488 1854 2316 821 3060 1204 178 3972 2977 216 3991 4722 4567 
260 1508 2479 1308 4868 2435 3612 2189 92 4934 323 368 571 347 4896 3106 4221 991 
1268 3638 1973 4277 2870 3103 3745 2454 690 3502 1653 3537 4082 1831 1460 176 1516 2479 
178 1749 1947 4798 3988 1177 4692 3278 2459 4514 545 949 907 4221 3443 1978 743 4383 
2561 4670 4165 3366 2141 892 3512 4490 1837 4370 3329 1171 992 2630 4321 2656 199 2709 
973 41 1915 3730 1261 2955 925 1471 353 1764 3229 4245 1005 3633 3654 2729 3620 782 
1127 377 3674 29 3912 2186 1694 625 3382 1641 4581 76 14 1065 4781 2779 3289 3729 
2542 918 809 93 3927 4784 2643 4543 3755 2816 1688 3051 517 4938 2425 1895 3857 510 
3025 1305 1660 660 444 1686 1593 1443 3305 2439 3957 2427 900 3320 2774 801 3243 1028 
3715 4590 2023 375 1583 4236 123 4703 537 4219 2171 2124 863 2288 2104 3368 2172 2082 
3231 4840 1500 1237 4594 4106 2781 2988 426 3522 940 563 2802 3132 3019 2730 4328 3920 
606 1003 1254 3476 1111 2308 3965 2645 2472 1609 834 1605 1821 2308 2288 1228 4438 1231 
3211 306 1099 4224 1369 1330 290 3798 336 109 4175 2887 2720 826 4922 1046 34 4251 
4047 419 4187 4469 1834 4259 2848 2996 1545 1533 4384 2391 2111 386 604 2418 113 4364 
345 3477 2372 3512 1203 1206 3813 4054 3499 3292 4003 1686 2191 1988 2131 1525 2201 4570 
1501 4176 2245 2721 4286 2498 2866 1900 4366 2515 893 748 1803 3162 840 2091 531 2527 
4567 1673 2283 2387 1890 2222 1108 3790 3089 1501 604 3244 3707 3026 2740 3345 3295 4564 
2394 4783 881 2745 3281 4880 3814 4047 4615 711 2940 553 2489 4369 991 2209 147 2500 
1849 991 1896 3496 3251 2214 4110 2441 3552 4401 1018 4824 2543 4016 4474 1270 3377 2161 
414 2268 325 1950 4366 2828 4738 2546 783 1270 2629 2744 1862 4269 1203 1058 703 2125 
4832 4218 3587 32 2664 4617 1989 3854 2369 4274 3843 836 4864 379 4004 844 4162 3236 
4207 3902 1911 2867 1885 204 4755 710 2709 3245 2439 907 2338 571 4507 848 1211 2700 
2974 295 313 1222 183 138 3876 559 2146 3409 2630 19 30 3112 4107 3664 764 4301 
2905 428 2151 4218 4087 2299 1339 3904 1631 4563 820 1073 1679 2720 1758 67 1768 3346 
274 4911 3501 4424 3570 509 203 4860 481 1184 1306 3456 3741 1654 2771 2504 4260 1149 
328 3592 403 3397 4625 103 1672 1216 4705 2011 3336 1875 650 1174 3070 2556 4118 4938 
713 4691 4441 1808 4521 3459 2679 3108 4926 3291 2513 470 4554 63 3643 975 4174 210 
3358 2022 2334 2185 4659 858 980 3906 1184 4215 1341 102 3369 1425 1527 3098 445 4598 
4152 1537 4789 2426 1806 2822 40 579 4957 1194 1399 1506 4567 668 2209 4132 4742 1234 
3921 2376 4404 1574 3217 3003 1655 2901 20 4382 4216 144 1768 4488 3839 4693 4456 1281 
3139 2450 1706 131 2114 4691 3417 3945 3022 1906 3565 2687 4623 1501 3829 522 1723 293 
2816 907 3174 3847 3056 2988 774 2670 4431 4803 3172 3413 2821 2975 363 3161 1190 924 
4410 997 4010 1060 2782 3417 1251 2228 4676 901 2259 4727 2900 2334 2114 3671 1639 3508 
161 4310 1450 3297 2203 1568 609 3783 4733 4589 2980 2728 904 719 2244 2186 1249 4918 
2417 3294 3031 1599 2035 1558 4438 2599 2823 3284 1753 3619 4941 3138 3263 1789 2873 2106 
3952 4253 422 4210 3392 3300 3544 937 4425 564 4711 4104 2175 162 3675 625 1270 498 
3937 1355 1986 2192 4640 915 2224 3618 3607 4342 1266 4373 2749 3453 268 1550 119 4745 
147 793 3326 2744 218 3751 4382 2780 4446 2727 1471 43 2439 1491 4915 2532 308 4681 
4955 318 1339 291 2012 1154 2661 1147 2530 2208 2917 4768 709 3900 491 2181 4620 316 
4440 4933 3929 1160 4132 4466 1654 3451 4834 3146 1970 2042 336 4005 2744 3915 1316 2769 
4764 591 692 1121 4289 3675 2678 2241 2929 1298 2978 251 4396 390 2778 4810 3097 1462 
624 1812 3569 3078 1872 2032 4936 432 3930 3173 719 700 3818 1989 2193 3608 3598 2107 
669 3991 1489 801 3659 3899 3702 1638 1594 4400 2429 2138 3888 1569 126 223 4721 1769 
36 348 2926 307 2432 2471 1254 4778 2581 4268 4305 4466 4449 3174 349 3677 3282 1818 
2787 3979 378 2080 2519 3943 4459 4766 2481 336 2725 620 4557 4766 1096 3508 111 3857 
217 1311 4598 3329 3581 2493 2796 1931 2689 3935 4411 2809 4774 320 3945 498 2603 1252 
1112 3811 3755 3163 372 2651 4079 1268 286 2971 3688 4769 2443 4582 4061 3894 1946 3899 
1360 225 1610 2656 4850 3872 4329 2936 3281 3417 1817 1602 1471 2116 2759 1772 3428 3145 
2549 378 1379 2525 3982 2411 4145 1006 3182 3852 2400 2736 3281 4264 1192 2932 3092 1578 
1823 662 1007 1283 2177 1569 3011 2138 384 613 3255 4315 3462 4475 4854 637 1984 3449 
4735 4701 2038 4049 2427 952 2478 2151 4284 2003 2352 2521 3581 2291 1067 2585 2034 3124 
371 1104 817 3288 2191 2599 3602 2500 1787 4683 3548 4711 932 4157 639 3727 1804 204 
1342 3142 2499 2906 1018 1683 3149 2024 247 3037 696 379 3648 2651 635 2583 3578 3887 
2864 4475 3635 3389 4645 920 2731 151 4111 1759 1889 2259 4637 240 4707 4561 208 3562 
3084 4563 2286 748 1656 793 4425 3252 1345 572 1757 2494 4763 4482 919 4183 618 344 
3183 4771 2267 3923 674 4864 3063 1805 2505 1268 2539 993 2107 4382 4688 1213 1115 1630 
2704 4678 946 2409 4895 3373 4833 128 3442 3309 2474 1852 37 3517 2787 1507 578 3872 
4487 2896 18 3303 2332 4506 1297 405 2971 2936 892 1998 4709 1156 1881 1996 1253 3783 
1545 1069 2424 2310 2627 4883 2780 1103 1121 2374 1156 3637 4002 2387 4762 2251 631 3412 
4395 489 4877 1293 2197 1805 1126 4193 1355 2638 3043 650 3876 4489 1452 3008 1876 4046 
1873 3599 1639 69 780 213 275 2874 966 1614 4494 449 1032 2772 1383 118 4755 36 
1211 4262 2310 2242 3975 4393 373 1142 3927 86 3829 1779 4407 1068 4275 4006 3616 938 
2121 1719 4334 4717 4650 1011 2444 3899 4656 2001 4057 1819 653 4930 2734 2655 4846 4710 
3498 2746 355 4664 738 2370 856 2527 2447 4705 346 484 766 1100 4561 2814 2064 662 
873 2963 742 481 1719 4088 3654 2636 2786 3960 192 2899 170 1023 4484 4926 300 3546 
1097 440 775 4336 3793 1804 4782 1256 1431 16 1634 2771 212 4749 3771 3704 236 1243 
3279 2793 3175 1433 584 4652 2516 639 3794 2750 4685 4624 4836 3939 3967 1506 507 399 
4770 4515 326 1870 4178 2602 4270 4610 1612 360 2051 1399 4041 1399 185 439 4858 4106 
1315 156 825 2683 3142 4615 4646 3036 1462 3088 4638 1406 1980 4361 4939 3509 4412 3291 
4688 3101 4720 4865 3928 2671 3622 1433 414 2033 310 1069 3453 501 1855 1109 4847 2637 
4548 3606 840 3664 1961 212 3852 2859 3424 774 285 262 3317 710 834 162 3265 1374 
1431 3018 2916 2836 3414 3835 4222 3097 1337 3198 2487 1422 2289 61 119 737 3415 401 
1737 144 4474 1221 3085 1854 3528 3713 861 3538 322 823 1890 4255 2177 2122 3230 1470 
486 3298 1680 519 4148 3580 3625 4951 275 2445 1222 1432 2335 3266 3327 3645 4467 539 
1503 1876 879 283 1554 516 4490 2866 1009 2181 3109 4263 1950 4928 797 4312 148 761 
2222 3269 3498 4914 4597 2330 4418 2245 1610 2210 1866 1046 2018 4336 899 1266 3528 4275 
1859 3392 3367 3133 2698 2060 3429 258 3006 4613 900 1549 111 824 24 3413 483 255 
1842 1391 2138 4890 3366 347 1434 4390 87 1140 1339 927 4448 839 1463 441 3628 2716 
4624 3411 3028 4363 1415 3626 917 843 2104 3759 1624 4149 370 3572 2522 4738 3154 3851 
520 3454 2345 3577 767 2383 530 4179 1444 2676 1921 3386 3795 937 1925 4052 3347 4758 
3852 3114 4182 4684 843 3516 277 1606 904 2227 2466 460 3026 4384 4005 71 4956 1849 
942 1985 2075 3359 1458 3831 196 1452 3632 3270 2146 3093 3464 4291 328 175 2511 3283 
3256 4705 766 1127 4406 1144 200 2528 3427 957 2898 2094 2264 3692 15 2070 3874 1429 
732 4233 419 1953 2666 2666 4457 295 2692 3398 1489 10 906 13 3402 3683 1996 4801 
1129 4836 3073 1072 1631 231 1894 1487 3251 4240 2473 1862 1225 2395 2549 4291 4155 248 
231 2832 109 3358 4400 1061 1847 1451 1706 1651 810 385 899 76 3908 74 2291 2022 
3131 4740 1312 1351 764 3917 2087 3547 1619 341 4156 3877 267 1248 4562 2943 2079 272 
2550 4639 2645 3568 4739 2083 3711 3985 3212 2785 4207 2321 4484 3680 1254 4200 842 4453 
121 3428 2957 2435 2420 3471 3066 603 3860 2290 3849 1413 1374 1113 1461 4037 1663 1940 
781 4206 4287 4614 518 879 3658 2705 3422 1199 2763 2948 2215 533 1305 1907 2403 2602 
2168 3377 3887 3898 2371 1236 3258 1746 276 2819 1560 4644 3171 2695 2307 3692 803 2975 
1363 2952 3284 1403 1419 228 1641 1306 1929 2908 3205 515 4900 4477 847 2177 4712 2267 
1790 2145 901 3026 4101 863 1029 4039 1584 1719 1193 4729 2775 4528 1595 3898 4864 18 
368 3270 2419 4456 2462 2348 3582 3991 1579 4902 2557 799 361 314 4159 2669 4897 3239 
4118 3781 1688 1382 663 3504 1444 4346 3456 3747 3664 2250 2320 1258 3575 2747 1439 2325 
2093 3557 451 3340 1525 4300 4245 2516 1919 1974 988 3798 1232 1003 169 3847 2513 482 
830 1017 2995 3448 4862 1323 2658 4085 2656 3072 2749 4083 2874 1708 4136 3050 4498 3088 
2464 3322 2205 2151 2423 48 2907 2896 3942 950 3879 2666 27 135 4670 4113 4168 1038 
2230 3943 1183 3470 4127 1751 3041 3733 3507 3375 2250 644 4190 309 4134 2600 4798 3189 
193 1447 3243 4156 3138 4555 1381 1438 4376 1391 3505 4300 2921 1975 297 2496 737 779 
2631 1473 1398 2898 2441 866 1149 1692 1819 2151 2304 1992 1135 2952 757 3264 444 292 
1901 1907 3349 950 448 2399 1470 1940 4104 128 177 466 3704 2547 4007 1280 278 660 
3382 1342 3928 2297 2083 2658 3731 1293 4113 4575 2872 4475 1788 3876 1396 4537 2866 118 
3594 2961 3911 4566 4680 554 4404 2420 1602 1699 1163 4872 45 1097 2041 2443 1543 772 
4467 2520 805 4552 3156 2405 1324 2459 4895 2611 2525 2185 1348 265 3295 2886 886 2096 
2578 1690 1121 959 336 1747 2541 4660 2713 1817 567 3829 1777 310 1612 305 2231 4262 
2479 424 2633 4339 3660 1530 4097 3052 433 1511 4429 4484 3833 3365 1412 1282 2596 170 
3648 1806 3203 3766 3551 482 1861 58 1867 4697 1334 3241 3535 98 307 2665 1952 2257 
3897 1862 544 1273 581 1357 1194 2763 1989 4316 1195 481 4854 72 4944 1440 3786 3618 
753 4476 3319 127 3328 2656 3056 2503 2477 3267 4550 139 1280 1534 4450 4194 3350 860 
1887 2391 1564 494 2372 164 2667 1577 3109 4825 3767 1393 759 333 1422 3010 621 898 
510 2704 4331 4361 1291 4472 266 2470 3840 306 3392 640 4169 179 2873 1077 1343 4005 
4279 3104 2446 3442 3295 3051 622 630 3594 303 864 3148 1435 294 381 354 546 2674 
4349 1317 3871 4316 2165 1343 4547 1996 1738 2082 2246 1146 492 1834 1326 3295 4258 4483 
4836 2609 628 3255 591 3327 160 3897 1377 2864 3435 3699 1621 4107 4002 4473 772 1193 
3849 2374 4935 3305 672 4126 1643 3937 4331 4958 2551 4652 952 1940 1980 1720 4187 560 
3155 3073 643 897 4835 4720 1851 2007 3786 1675 3867 1661 476 530 3734 4240 2969 3371 
426 587 1759 1838 1900 2735 2107 1836 4776 830 1500 2428 1041 3863 79 3521 4752 1638 
4436 1652 1870 4618 2205 672 3600 1627 1513 438 1652 2013 2305 3207 2858 3341 104 2223 
1317 1870 2664 2583 4470 2736 2881 3797 1741 3268 3906 3226 1685 2801 747 1410 2110 1066 
4571 904 503 4799 3902 3931 3372 4078 4315 1556 2144 977 3717 3712 4851 361 2786 4610 
1499 3341 4847 1536 425 4646 1473 1702 2489 49 4362 2567 4062 659 4928 1621 3050 3331 
827 4379 415 2105 3517 3249 1014 4508 831 3097 4846 3750 3160 4300 4833 2396 2095 4202 
3356 4076 4122 4262 301 3632 4121 1064 2018 4569 3165 4080 3877 2684 1268 417 2384 4550 
237 952 721 2881 614 4614 2166 946 3835 422 596 4341 1689 3079 279 2719 4033 4956 
158 2323 3531 1177 267 2468 4542 2960 976 4449 351 1536 1642 3319 4454 3230 4061 919 
2124 3904 2140 4816 947 4489 4510 2507 752 4377 4109 2517 2399 934 2205 3800 3756 4127 
1094 2767 2659 1815 1234 2238 2529 4717 3268 114 730 113 2800 296 352 3059 4594 2263 
2319 1574 4552 1395 354 1247 169 1897 1697 1041 4827 2977 329 1540 113 4369 2641 4499 
2092 1175 3512 4085 4374 2103 4450 3721 742 3043 170 1386 4930 2493 1904 959 3877 2521 
1783 112 2871 1303 3710 291 1051 3470 1834 2254 4873 3535 2873 2422 1852 1758 3562 2547 
4429 3490 1962 4634 3787 3341 4834 1068 4784 1926 3680 1925 3304 3023 388 1546 3738 2727 
3518 4571 4180 4179 1283 4824 2938 3699 1250 1046 2353 892 2497 3907 350 1005 2358 2050 
4523 1014 2763 1068 2161 4830 3382 2125 3478 558 1121 537 3330 4499 1038 440 2870 1092 
3945 3159 358 1767 1455 4816 58 1458 3224 232 83 4503 627 4126 1567 3558 270 1687 
3745 1778 4955 3562 1776 1040 4406 3207 1721 4531 41 945 2850 2522 3601 1615 4259 2846 
2868 2724 205 1393 2830 1799 3090 3065 316 658 273 1666 2695 1401 1340 289 2350 1695 
2119 810 4472 1601 2171 2413 728 4735 1830 2128 700 3618 3567 2175 4185 77 4944 810 
3805 2459 4752 4896 1289 186 596 3823 1101 2575 1027 2707 1931 46 4511 1394 4525 2914 
2212 3549 3067 1345 2594 1641 3413 2095 1607 1865 2008 1339 4951 3066 3661 560 4507 2452 
1947 3257 2289 3794 3038 2889 3170 2445 4744 152 4545 2092 672 4225 2154 486 1794 4810 
985 4770 3825 2165 1326 3612 1891 705 2314 1784 2256 555 1836 3715 2141 3376 3745 1981 
1676 2484 1236 3807 3432 1221 638 4480 813 1203 4644 2564 2902 4580 4867 2569 3543 2558 
4517 1680 3711 3497 2301 1385 3376 696 1609 2923 1013 4409 1644 4307 3848 4737 1671 2314 
3114 1472 1119 2291 2240 4634 2877 650 1322 119 4535 991 1334 525 1661 903 1294 4647 
2231 1787 3679 3614 2539 2528 4076 4173 4650 4611 3946 2245 4852 1865 2942 1230 4496 2626 
4660 2545 2836 3704 3774 4231 1862 3881 41 4541 4831 4017 1720 3945 2364 1066 3251 2449 
2481 528 1328 2331 922 331 3407 3109 626 3831 2812 3187 3049 349 908 3868 90 3402 
2167 2255 3022 3458 3161 3837 3701 2929 3776 3707 1185 2299 494 1592 4600 585 1174 3064 
4750 229 4767 198 141 3678 4573 930 3571 4070 1161 4732 1150 2086 3605 4857 4528 2501 
3601 927 1056 4539 1711 2490 2626 1656 71 1456 3507 3193 25 4135 4535 2856 2436 2617 
4892 4689 4582 2980 158 1965 55 1466 176 234 4343 2604 2847 2876 1713 643 1968 3594 
2409 1792 4850 2190 2996 3969 936 593 1945 3946 4272 2835 1750 2118 2931 587 4821 4909 
465 4465 4481 1943 2707 2633 4312 1886 1162 484 4727 772 3056 4152 2580 2483 3668 1228 
2044 3320 4863 4311 1563 2819 2034 1631 3570 2749 1246 181 2518 4733 3636 4439 2170 710 
2806 2142 3993 565 860 191 2443 4433 574 4403 2564 2573 604 887 1786 2213 4695 2488 
2186 3358 110 922 4311 3600 1940 2750 2576 3544 270 1889 2610 4108 3170 2579 3672 4270 
300 3707 2751 1210 572 3962 101 3969 2766 3578 2707 1383 395 4408 3200 1644 1693 1043 
169 1058 743 1083 560 2716 3744 1917 4452 876 353 3591 920 1338 3317 196 2024 3702 
703 4603 1190 1996 72 3021 1507 2339 246 2066 4515 2005 4618 4881 4904 251 1856 4253 
2732 4349 1990 1782 4024 1340 3335 4421 3523 4852 1682 1478 3311 3010 3721 1709 4342 4044 
4443 1828 666 1917 718 883 4599 2690 1126 3559 3241 3055 3606 1322 4023 2042 2337 2583 
1416 4009 4457 450 3667 811 3334 3990 2965 2597 1505 174 4452 4821 1390 346 1326 672 
4790 2469 2764 281 4229 2709 3944 1690 1396 442 2503 4266 3166 3709 1808 3650 4285 76 
871 4897 3473 4127 2378 1114 2005 4387 729 3437 2068 241 2682 2661 201 2421 4718 1490 
4184 3149 4386 374 3110 3345 1340 1885 3828 3962 650 1858 965 1157 1684 3954 4283 4139 
1346 369 1484 2490 4271 2352 1052 4079 3103 2718 4219 2293 4052 1230 3412 26 822 3285 
3200 3581 1097 4221 2954 2936 1973 3878 2522 497 3886 2305 1817 2397 3031 4593 4940 269 
399 408 1513 1612 4256 4056 4362 869 4283 1060 3119 324 2349 2508 790 1808 873 306 
1692 4728 2302 562 474 239 4130 3323 298 3498 3365 1575 2571 141 1074 4509 315 3479 
815 3059 1576 2477 4637 4600 2924 3727 3015 1546 2936 3895 1070 246 2666 2649 1894 1719 
6 4936 3394 1625 4133 1821 1416 3879 4787 4281 4372 4554 52 2311 2458 455 1570 41 
2726 3048 597 2087 1895 3659 3903 379 2978 3867 470 2863 2304 831 3821 4417 1198 2180 
1528 3554 4074 4124 2092 4153 2605 4873 3075 1848 1629 399 2146 468 3755 1852 4372 734 
4092 2189 795 2373 4496 1369 2072 4757 3357 4719 2492 1971 1901 1450 4034 1681 3778 2312 
128 3718 558 3963 2715 128 237 3543 4168 4312 2905 2896 4949 1688 394 657 3054 1953 
3909 2060 3357 4187 1273 3151 4316 2324 2642 1939 2574 535 4474 2617 2958 4169 3782 3389 
1259 1092 2158 4622 2605 2700 3217 1232 281 1714 2652 1688 4504 2045 4027 2731 2654 1074 
4480 3625 3064 4458 4365 3950 2797 4664 4701 2511 3053 2512 161 3918 845 4801 585 1240 
3456 3318 2555 261 2052 1076 3889 1079 2251 2740 1693 4069 3878 2601 777 2722 2409 1860 
3934 1208 2174 3122 1606 244 1489 4328 1600 4799 343 4396 2729 1019 4496 3997 2296 4256 
3057 535 4380 570 4921 4886 4376 2938 1727 1585 2157 2843 4768 3830 2630 2485 3518 2976 
1093 2632 310 1046 2874 247 706 2881 2987 2728 3804 2812 4578 3135 4652 1596 2250 4843 
3913 4356 1337 2008 939 1582 2635 4371 4285 1125 2924 1725 1708 2208 205 739 1583 1713 
3402 3009 3659 201 4817 3436 3713 4100 4484 1812 891 2539 2649 4783 3676 3381 3679 3091 
3247 4501 2291 4624 1200 4497 2751 3154 1467 2531 2136 3924 1729 4396 971 1034 501 4158 
255 3898 4417 1280 3511 279 4243 1952 3056 2769 4191 2934 634 3050 3219 1468 3574 4650 
4285 2149 303 848 1391 3438 2348 2890 3560 681 2428 53 3819 1185 2118 93 1243 667 
3353 1959 2056 3826 1726 4528 4809 60 21 4525 538 904 384 3790 2928 4034 1668 3262 
4008 3658 1928 936 645 561 731 2493 29 1572 1633 909 4174 52 1798 4482 2274 339 
564 3603 231 4301 3378 2323 4165 774 4515 1057 253 1143 2954 3756 3885 443 4133 851 
2896 1939 4507 2352 4812 3084 3439 714 993 1136 1418 841 1073 670 1145 1708 1862 2560 
1452 3672 4467 4930 4795 4086 1277 1589 1710 2462 1453 2480 1139 4660 4585 2247 1795 2721 
1435 4612 3589 49 1009 4038 1957 3064 3804 3458 1770 1519 85 1090 2581 724 3485 836 
4246 366 3846 191 3913 3399 1162 3358 3099 1262 2726 4453 3139 613 4172 2785 4008 315 
788 1606 1370 1915 2609 598 746 4526 4382 1016 2124 4286 3152 3990 8 3276 212 2261 
2572 821 3245 3930 1424 3056 3735 104 1649 1103 1280 490 4681 1824 1058 4724 4717 3816 
848 3785 3641 2860 1894 636 1151 3014 3039 2175 1054 578 3361 2290 332 2755 3717 286 
2669 906 677 3533 546 4832 1437 2792 3292 3296 621 4376 4577 3235 1791 1130 2594 11 
2791 150 3632 4087 2800 234 301 2949 3366 976 1580 1352 3823 228 1053 4480 4789 2557 
2630 4760 3920 4044 1683 1383 3307 2155 1581 4273 2046 2195 4161 2470 1703 1308 1906 3908 
4950 4642 2949 4352 1358 145 4449 286 1035 2931 3939 4173 4713 1603 683 3826 2188 2502 
2208 3708 1335 3957 1618 1820 1846 1637 4030 1711 2343 1409 2722 4700 1743 1516 4688 2158 
948 1055 4019 3989 4792 864 3281 1976 1701 4924 3327 4648 2158 1985 3492 4677 2574 864 
3296 2003 865 1594 14 3870 3480 2110 3559 2896 4019 1058 116 2097 4358 1746 1929 1144 
773 3188 354 4488 4319 3940 3698 356 2933 2220 4142 3545 12 208 2511 3477 401 4102 
4142 4116 2787 3254 4507 3700 1133 2073 1935 1882 1816 3852 3608 206 3391 3967 797 3202 
4889 3509 1989 2975 3699 1649 2963 515 4688 1507 2123 1253 2948 4347 3628 1418 2694 3886 
2178 3201 2676 2724 3334 1533 893 2267 2286 3366 1840 4752 2438 4375 4658 3500 4075 1918 
2193 3700 2458 1678 3744 3038 45 3162 4311 4662 1768 2122 4583 3849 4227 4948 716 335 
4214 512 2532 3080 112 3813 3454 1137 2320 2697 360 3522 2817 862 2742 1612 2519 3843 
3785 2451 2149 3469 822 4827 871 4245 3128 3487 3158 3340 8 4651 3610 1073 3820 1248 
1063 2286 35 3816 3725 3839 2172 221 4731 4915 1160 1586 660 3779 4503 2205 2919 149 
4863 3632 4749 2067 1991 3821 4583 3158 3094 339 722 1924 3340 4624 413 3250 321 1064 
3225 1133 577 2492 2009 1859 1853 1814 1643 2944 246 26 1003 4240 4040 3392 1 423 
458 1265 2413 4141 673 4641 3073 3090 4670 3612 37 3203 1417 1986 1165 1752 4044 4409 
2604 1731 3527 1802 1641 3898 2745 1502 1180 842 4576 3847 4545 4323 3130 553 1403 4576 
595 2857 2129 1846 3117 3354 937 3924 2283 1523 2894 2252 3513 2070 1789 3805 966 1261 
1219 3389 752 4755 2976 1075 740 3901 4257 1290 4646 83 3386 4685 1442 381 3753 2412 
77 1754 641 2671 4489 3423 1316 2222 4506 2998 4374 3666 916 2898 4132 1372 3652 1339 
4083 834 3541 977 4165 3509 919 2063 3792 4255 3461 3801 2492 2 4067 2849 2516 2098 
3965 4194 3564 1125 2749 2415 3510 3284 3412 4110 2133 3300 2708 2584 2801 387 4151 758 
4040 3130 3865 1693 4340 2776 1777 1442 3421 2679 300 1124 95 3626 4934 178 1757 1315 
4473 1678 612 2130 4565 4294 820 4865 4663 285 4741 2178 716 2753 4842 3579 3332 4141 
998 3818 3079 1651 3638 3126 670 1568 2732 610 1503 3331 3323 3962 1102 4851 1950 3885 
2427 4498 3778 3120 3259 1150 1050 2654 3855 4730 3495 3381 2151 1249 4925 4121 23 2791 
1749 2504 3809 1798 1953 3938 4179 140 4877 79 537 3928 1557 1999 3133 3993 50 1523 
4338 2633 2715 1905 1911 1265 1797 1423 484 1928 3072 3135 2706 4608 1308 299 3241 4887 
2221 3874 3523 434 4171 2939 2807 3386 4014 124 2923 3720 1346 292 2965 4764 4899 1162 
2590 2382 2514 4340 1481 3033 4911 3061 1363 3746 1888 3220 3773 4655 912 4601 3387 4298 
3403 2428 4611 3523 2309 489 3619 158 4768 2519 3793 626 1658 674 1711 1006 4726 585 
2586 3312 2261 3379 4116 2438 2317 2538 4386 2999 3663 2179 211 1272 4953 2246 3124 1087 
4232 2766 1035 1956 1939 3489 4563 2298 3349 472 1716 2380 2244 3951 4584 544 1774 4538 
4452 704 1810 4457 1253 754 4075 985 1514 1375 1337 1089 177 4719 880 2199 3758 3457 
1915 3373 824 4410 4750 3912 2055 861 1217 3176 3012 3628 3678 1364 2320 572 3463 4749 
552 4161 2958 2226 772 2508 4922 3322 974 4537 1487 608 1917 969 4138 2965 3732 2083 
1851 4780 598 683 2312 689 647 4057 4483 1355 847 3170 3068 1800 442 3068 254 1573 
506 4578 1946 3676 61 2246 2101 4072 1372 3810 1997 2867 3886 1874 1100 4435 466 721 
603 4175 3795 742 863 1168 2901 4228 4197 577 103 4890 926 4257 4039 1283 2286 1307 
3598 545 2810 607 1439 2826 971 4671 2070 1224 4558 3899 2176 4903 2389 4506 4868 2374 
3377 2720 3171 3510 76 448 92 1751 2555 2190 4370 1789 3515 2566 2640 4932 4540 4688 
3060 417 4263 2822 3495 1989 2439 1999 845 4638 471 1797 3078 2295 237 3000 3584 2679 
4003 4242 717 2071 1314 2395 915 2593 4750 885 1258 710 4558 3501 806 3512 4547 4552 
2871 3583 3286 3261 3502 4550 1790 1389 2293 2473 2330 4680 1441 3573 934 4634 2509 2973 
2813 1786 856 1262 1857 2631 1073 1323 2502 931 3600 4096 39 1295 1746 3313 4135 3963 
762 3237 2596 126 2079 3742 4712 2029 756 4753 4338 1385 1905 3743 1843 2720 1152 671 
179 143 1534 4018 2476 447 3032 2184 654 4337 3681 3751 4356 1744 2584 4826 3641 13 
4278 987 2748 2837 3777 4260 1511 4462 3816 2060 2906 4198 4656 324 2444 974 918 4541 
1011 684 1548 3535 2347 1015 2216 2307 2256 3664 2597 1845 3645 3492 4955 2833 2149 2523 
3750 2071 3493 301 752 4576 1019 372 2485 2554 908 4950 3557 3660 4775 2555 1090 4726 
1885 3834 3526 4641 1809 2961 2222 3161 3596 3784 3236 1367 3883 4006 4337 3529 2810 2455 
2803 1186 3882 2738 2480 2362 2320 3146 4144 2984 261 4506 3732 1885 2127 3532 1289 164 
201 3207 2469 3402 1301 4726 1767 1704 133 1161 167 1518 2668 4861 4303 3146 1863 537 
2246 960 2925 1383 3998 2723 2902 2059 2638 1756 91 1964 1222 3040 4373 3964 357 207 
1525 3766 2720 3731 3655 4000 3604 2739 3726 2617 2365 2221 1559 1861 4338 3893 2689 444 
2837 4899 3464 2655 3651 302 2208 210 2681 4364 4375 2128 1235 1189 2093 1757 1443 4682 
1497 3151 2337 1647 1902 4112 637 4408 767 1097 1384 715 2470 2446 1160 3824 4745 3808 
3166 2676 2891 4947 594 4107 2771 2352 2912 4431 1966 2154 4794 3724 782 4639 1161 3077 
2659 279 2575 4026 3917 1068 1172 1609 4217 4941 1502 4582 3122 1737 56 1051 3180 3004 
1646 586 3904 3585 3095 2477 3572 1816 3637 1190 1588 1446 2216 2613 317 3087 1153 2248 
2930 1149 2598 2657 4194 4557 3023 2950 2047 3276 493 3791 2576 1549 997 3220 1041 1142 
1066 1182 4316 4944 4769 296 2946 255 2620 763 3821 597 2498 2065 3696 4165 879 1925 
125 1706 1577 3202 1332 2668 561 480 689 1053 975 2891 3820 483 552 1855 3590 3735 
1376 2618 1633 2380 1603 3260 1255 3858 749 3252 1611 1297 3626 3507 4766 2930 3773 4138 
4343 954 2341 2631 550 3420 2867 503 1654 2179 3390 2251 1661 3826 3261 2776 1274 3377 
3447 2923 620 3638 2516 4251 247 2912 2745 750 4745 2446 1947 2714 2455 589 4248 4819 
4867 1714 3752 4284 3294 1305 2183 3978 438 4549 2954 3655 209 3131 4743 4510 3814 2024 
1052 613 2998 363 2064 3814 3359 4092 3019 836 3837 3842 1520 2848 2312 460 4358 3757 
204 2600 135 219 4695 812 3025 2904 2608 2746 4618 1543 2555 575 2716 3744 4778 1459 
1279 4791 4528 1879 2166 1058 3954 3666 3416 3430 745 4886 3053 3854 2088 2063 4424 1982 
3117 490 3777 297 4329 4801 1335 2157 564 4808 2633 3729 1860 3649 2854 1674 2359 4612 
1220 174 1461 496 3629 83 144 4280 3966 3084 2805 2036 2040 4213 4527 3343 2014 4632 
4941 1470 2475 956 3974 2278 3247 1870 1280 1489 4266 1554 2265 3725 2219 4661 4449 535 
4599 139 148 222 2811 2376 3508 1465 3134 4953 1992 4615 1473 3466 2610 4836 2 4042 
3939 3711 3404 4658 965 2983 3249 3070 4230 2760 2310 1884 4329 615 2426 1011 68 224 
299 3843 1965 4639 1930 1812 3447 3041 3863 181 4115 4600 3778 2991 2817 3712 1232 1338 
4376 1709 2533 2530 1462 3944 1990 1228 1336 3745 2651 1147 1747 3449 1992 3510 951 4746 
4720 2379 4650 3435 4264 422 2947 1824 3962 4939 4139 4735 1638 635 443 2804 126 1076 
4656 4792 271 2562 1235 2636 1599 3817 3136 1370 3438 4137 3948 1421 149 245 4379 3085 
695 1377 172 319 3794 3880 998 4794 2185 3277 95 134 661 4908 1216 4501 2418 1623 
1172 1947 2977 2949 1979 2734 440 4429 4785 4736 3039 1791 2357 1970 1239 2427 303 1937 
2378 1819 4232 2466 3883 662 2652 897 4936 3647 4531 4925 1296 2704 4304 2137 207 4773 
133 2611 1766 2870 3647 1141 819 3319 1730 4625 2590 1923 802 3277 4844 3810 576 1425 
3764 2629 2111 1216 4732 3002 2427 3253 4489 4288 2854 2722 1832 435 1170 4340 4425 4895 
4275 360 506 3651 3881 4531 4706 1495 2057 3052 2489 757 2011 627 1163 2261 1726 1363 
2821 4354 58 551 1619 1224 2284 2589 2401 2138 3238 3285 2247 4467 4128 1646 2345 4497 
436 160 664 3623 1206 2518 3012 3365 4798 3524 1468 1341 2098 3570 1849 273 3240 3339 
4781 199 4226 3899 12 154 3305 4432 1789 2083 168 1085 180 1445 3649 3782 3795 947 
579 21 3128 2514 2860 180 1031 978 2551 4452 1574 4772 563 4148 3540 525 2464 3072 
3948 4541 4307 2604 2632 4434 3102 1371 3432 3510 2471 3227 1716 2129 2268 2890 4102 1133 
3193 2423 3542 4081 2787 2282 589 2218 10 2095 2517 69 1518 4957 4264 3024 2441 831 
3837 4817 3766 507 4794 2811 4793 757 2153 4069 4487 2995 2414 1094 3118 448 3099 1257 
1481 1919 3090 3001 2525 846 2029 1841 3810 993 2418 3499 97 4865 460 1117 3356 3849 
555 937 2974 3796 1318 317 2459 1569 4722 3965 3488 522 3635 1217 1704 2838 4955 2319 
2232 4164 481 4687 2797 2093 1185 941 4158 2218 3937 2224 4132 2469 199 961 1418 2972 
136 3685 3849 3929 2977 3666 1904 3193 2875 2314 4408 131 3159 2310 4747 2003 1790 273 
3310 3644 1226 3513 3691 2285 2749 4929 1105 3797 3826 1173 4031 3527 4662 1976 669 3567 
3766 2649 3133 4942 441 937 19 309 2738 4352 4241 3336 4266 2266 2450 870 1337 2963 
3267 217 2694 2045 3641 235 4686 1726 3077 1654 4092 467 167 4681 3197 527 2944 1423 
1197 1717 4469 1325 2381 3455 3421 3663 2120 3813 2454 4386 1221 2354 957 3794 534 1376 
4178 276 2845 3993 938 396 1540 1718 4687 4797 1191 4372 213 1890 4745 4774 2270 3667 
3488 4307 2323 4527 1050 3000 1666 3979 3108 1667 4308 865 1096 4707 3220 3676 1159 1223 
4024 4103 1678 629 414 268 184 4347 1550 3869 3462 2075 1687 815 4235 1218 4006 372 
744 2506 1090 3818 242 3046 2000 3893 4597 731 3517 829 1935 2477 2071 746 597 3149 
3956 1253 4618 952 4122 4253 4169 3495 1211 2589 2635 264 217 3839 3314 3356 1066 1426 
1726 1686 2136 155 1907 839 1276 1143 936 4132 3008 978 4810 409 2600 4146 3221 3746 
138 3538 1257 780 749 3806 1624 808 584 2786 287 475 4875 1223 3079 672 2287 4049 
953 1457 1140 3698 3374 2403 2685 3080 235 2072 2311 3513 3995 4762 1264 2366 3550 762 
3441 3916 1485 1498 1088 2201 4216 431 1331 4187 3859 4765 3779 2067 2184 359 4435 1920 
3425 2354 4308 853 624 1829 3358 699 2016 2302 1949 1379 4365 4378 4682 1317 1959 227 
1231 4027 4246 4785 3292 3590 3264 1968 1407 3660 1154 2379 2763 4301 1127 1790 267 1380 
2920 3676 1372 4452 213 2514 1195 3623 1797 721 215 4019 1915 1897 4348 3522 1038 2603 
4355 1319 1385 3318 1605 4616 2163 1185 2114 919 4716 1076 1568 3853 1171 3143 437 2988 
4902 3219 1643 2602 2296 2391 1222 3800 3703 556 835 4016 1155 1660 1255 4633 4816 45 
580 2606 2706 3701 1017 1911 1631 4234 4073 1402 3616 3311 1353 872 1996 4558 174 2000 
4772 3414 106 2472 3352 3927 4170 3895 2063 2564 4084 3124 3942 4675 213 689 574 2970 
635 4221 1650 1674 1000 469 2023 263 2429 2428 2701 2389 3682 1849 4712 4608 4844 2719 
4939 4684 1852 1530 4332 4196 3071 541 1116 368 3857 1740 615 3556 2186 357 1751 2081 
3486 418 3808 1895 3945 2460 1237 4099 3429 4066 1051 4168 2604 4458 4320 856 4777 2813 
4434 4802 876 313 3772 807 3937 1320 1064 4421 1494 4243 1684 4894 3959 4722 4352 32 
2879 1490 3194 3834 1958 4849 4103 4617 343 2868 4204 452 160 2906 84 2202 4602 1646 
2627 1820 2460 4659 751 2474 1781 3114 4037 3446 3568 4854 3765 2378 2072 2290 467 2596 
4257 3514 3252 836 3983 2677 1453 3527 398 2847 4351 2211 2881 2614 540 2344 2755 1744 
3076 2861 1078 1408 2175 216 1295 4733 4071 3152 2914 341 4884 2492 848 4193 2207 3428 
852 3131 1782 214 862 37 416 2644 3067 2226 4837 2412 2471 3512 3469 4470 724 4856 
2609 3857 4057 3452 365 4570 4143 487 4539 3764 3815 3468 4003 4495 407 3351 1140 4697 
4080 3610 2744 2220 3174 2591 1249 1680 1696 2117 2422 1217 187 2855 1276 2467 2369 157 
4784 3888 3767 4908 3064 3879 3678 2563 4389 300 3658 4142 69 2455 4051 16 3934 4851 
1667 3727 4449 1715 3859 4384 4082 4878 435 2504 1981 3258 4425 3279 2687 437 1065 2463 
207 2030 3737 935 4911 2556 408 2419 3171 4414 364 4312 1064 4913 1762 1980 2767 2187 
1364 504 3788 3221 2229 88 2894 1126 2797 1395 1320 1175 3406 149 2874 3821 1682 3014 
4780 180 293 4167 1705 721 3775 3360 3329 3361 15 545 3273 3055 4448 4921 4371 25 
1572 4526 4006 4404 2908 1858 1582 3211 4470 440 1192 4806 4226 1769 1566 590 1248 2635 
2834 3513 2599 1970 3560 3256 1284 3436 2815 2778 3157 4618 812 4155 4880 1791 1589 803 
1425 3694 3208 4675 873 4509 3435 329 1947 2885 3778 2767 1195 1990 101 2670 2477 3651 
4198 4189 175 1980 3770 779 2921 3336 2290 523 468 745 1952 3910 3457 2801 436 1415 
2117 536 1984 3529 3480 2350 2761 574 3373 4605 760 2020 227 700 4920 1199 3382 1168 
683 1344 1002 89 2863 1329 7 2203 3588 3294 4073 3749 4767 2374 1066 3649 266 1927 
4649 1790 2943 4920 496 3137 635 2606 3979 791 1250 1142 2372 4247 112 1206 2733 3936 
853 2115 1647 2628 2243 1073 3298 3673 480 279 4236 505 4719 3014 4070 2958 140 193 
3599 1324 3533 1708 1620 3039 1215 2718 1674 614 3787 107 2272 4327 222 3321 1158 4239 
177 3614 3427 4661 3966 3005 848 4278 3872 3851 4042 4948 4470 3186 233 2257 2140 3901 
1866 2080 3534 2570 1345 755 1754 740 4618 1541 4478 1806 1254 1210 779 786 337 2753 
3966 2966 4708 4636 4526 1008 3069 4862 909 2146 4103 1576 4912 3860 811 4041 1362 2639 
990 77 136 1044 188 1354 2712 1311 2685 2394 3417 2009 1229 1263 4581 3818 2113 3820 
4937 1996 1502 3695 4174 3758 2323 3963 3765 1340 4183 378 2104 4403 2614 885 1063 859 
1702 3393 477 2209 703 3465 276 2069 2577 294 2099 2397 693 3191 1500 2028 2639 4210 
527 1589 2278 3173 1969 1413 3226 1799 2264 3634 4506 2980 3079 1112 16 2681 441 1436 
4810 2320 2330 4551 712 4321 108 2864 1406 3190 4739 2628 2373 849 2741 4888 3593 3112 
2480 1191 2497 2756 3385 1564 4648 1810 3267 3969 2960 2918 4033 4933 81 3142 2704 4641 
1599 206 2630 3890 4342 991 2651 13 3188 1338 3081 3726 4848 1684 4199 1049 903 294 
684 4415 3158 3530 3984 1117 3393 3215 2309 3214 4449 3981 2738 2488 4283 4262 1643 4318 
3012 1466 2259 703 820 1532 3779 4604 4907 160 4430 2981 719 4761 815 2200 939 2648 
4269 1751 2239 2654 3468 4317 1653 2663 3833 4784 2826 1160 4311 3566 2439 2059 575 3472 
2707 3688 3973 2188 570 3828 1556 1408 534 696 3359 1761 2374 163 4357 982 2455 1422 
1950 1701 4385 2491 3241 3183 514 3609 618 1151 3226 2551 2516 2639 4952 3247 2356 2750 
4058 4611 2543 2889 2546 2953 3599 660 3487 343 4897 3651 3473 3231 3737 3384 402 2930 
3014 4665 1733 160 775 2248 4423 355 1773 538 4361 3467 58 325 3134 3347 381 3098 
4441 3601 2987 1183 3677 2433 4436 4166 3561 4305 2556 1888 542 560 2632 4609 4689 4779 
2136 2313 7 1446 2397 1472 4576 318 514 2484 4886 1048 2786 2692 99 4094 1603 1473 
1466 1894 1537 308 1927 17 3353 3224 4613 420 1189 4535 1410 4370 593 4252 2165 1190 
3006 4336 1800 827 4092 1534 2019 4447 1208 2247 117 2745 3082 4831 4164 3793 3074 843 
3321 3802 930 2747 445 966 1452 4001 4872 2121 486 1574 1381 3420 3180 1917 1810 46 
4260 3792 4893 556 3843 1774 3243 1123 2935 2157 2370 2713 3545 2424 1528 2685 1287 4776 
3953 4002 1189 3867 4495 3431 2488 1729 4591 4051 4136 1720 584 3564 3776 4702 3704 2368 
4258 3004 1899 948 4232 2783 855 1008 852 2979 3484 2309 502 519 2497 1640 63 3282 
4905 344 1890 2516 3067 2259 441 3157 4432 2607 3977 1908 4905 1951 1922 321 2480 2292 
3265 3031 1685 3 1731 1109 1274 619 1874 113 3066 3450 1466 443 3065 4445 566 2940 
757 325 2600 2865 2949 4645 1734 1630 2678 4145 4714 1125 4868 2053 4471 4813 996 619 
3113 994 1295 1839 1614 12 4664 2531 1642 4283 3525 2142 4372 578 2498 1428 2752 1868 
1951 3471 4340 1223 2474 44 262 605 2100 3892 2661 3846 3604 437 2533 3568 3331 4823 
567 2798 4616 4203 887 2538 734 2767 3756 659 1734 4906 1039 2545 1143 1137 1806 1967 
2765 255 248 4021 1635 2746 351 1962 851 4526 239 760 3769 3563 756 2350 1923 4628 
4002 708 2620 2871 930 3013 3482 2876 2313 4869 128 825 3119 2515 475 2895 275 3943 
2192 161 4566 1880 1451 643 3086 66 2444 1673 1480 4358 1082 3185 2807 3822 2392 236 
3198 2696 4818 232 2961 2650 490 4568 3805 902 1022 2646 3706 2135 1050 4692 1227 3728 
2264 3500 2576 1521 721 1527 3543 4222 283 3573 1627 2577 731 2870 4547 3167 4122 3177 
2097 2188 1194 30 3553 4350 3907 1970 1936 226 541 348 3919 901 2938 4806 4167 3721 
1627 566 927 1875 216 4502 1597 1238 4621 2866 1301 3872 541 2649 492 1253 2353 2755 
3931 2529 1988 263 913 4376 3188 772 350 157 2860 1314 4692 759 2673 4151 3010 2921 
3593 1146 2669 2021 3878 4480 2896 2269 3494 4602 1942 4236 1050 3940 1436 135 4240 3305 
2237 107 4488 1774 3496 3015 715 4036 4867 3937 2453 106 1214 757 1124 1300 4933 407 
1516 3944 3687 351 777 1294 3402 1193 1045 1907 2036 3605 4657 2164 3827 3966 4584 4479 
157 4925 2268 1388 1934 4395 2123 4182 1718 3020 1351 3968 433 2553 4208 1099 171 1224 
790 4941 4065 561 1114 2313 1549 4942 896 3535 4597 1734 649 1753 2952 1989 3866 2446 
1120 1347 2296 2673 838 3547 1826 3710 3161 642 1558 2506 1418 305 1449 3786 683 3153 
2348 1098 4093 114 4627 1666 4684 2457 2843 1265 2660 2012 4261 4271 693 430 3134 2615 
4105 2177 2170 4446 3000 1678 3337 1892 2484 2823 1464 256 3389 4612 1656 1033 1170 1026 
2736 2086 4883 550 4644 420 1315 938 3297 3817 3145 4903 2459 42 2575 362 3599 1277 
2931 3896 127 2716 4529 2804 1518 442 1053 3957 3163 123 4576 90 4334 1333 3447 3601 
64 3622 1937 4535 328 1827 3952 2313 1589 3773 3537 2554 3577 2306 2518 3144 3565 2514 
1448 3441 2553 3419 4050 3980 516 3305 4351 1545 3501 2609 1257 2423 2060 4822 1941 557 
3627 771 3980 2298 4869 473 2048 1278 2691 4857 3062 4720 1656 225 1636 571 3690 3166 
3993 996 2607 2730 3244 2 1868 2947 4760 2636 4705 1982 781 3533 3187 2508 906 1872 
2144 2670 655 103 4399 1657 3927 1601 1094 4888 615 3023 3452 4784 1462 2300 338 2089 
28 4649 2096 4685 2747 3107 1007 2849 2980 2719 3376 271 3416 3685 2315 29 4743 4063 
1100 4904 3844 4830 2030 971 4858 3892 4666 3952 2076 4691 3203 502 1714 912 1269 1660 
4165 4324 4956 4909 3534 3032 413 4697 2408 4827 4495 330 2824 4768 1669 2690 4669 2343 
3427 4187 1596 4189 4248 3933 4220 1512 2449 4853 4137 3724 2748 1547 3937 4777 1213 1195 
4401 391 3791 48 3678 784 3877 995 3217 2989 3299 3925 1807 706 2909 4237 2925 2413 
4791 2906 2392 1837 793 923 428 2661 2029 740 1118 2846 3760 643 4123 4812 697 3227 
1000 3976 1836 4832 609 603 3586 3572 4757 3373 4428 2033 2530 1878 4423 4191 35 3435 
2831 1535 1069 4390 3854 1519 136 4384 532 3180 2919 674 1927 2769 2249 2064 3838 4323 
976 2711 1552 2465 3107 4057 1463 2990 1414 169 3420 3508 3627 1259 2282 1448 2131 1077 
1493 4351 4188 1251 861 4066 4113 4834 3692 255 2790 2764 818 1266 82 4042 832 1246 
62 1077 1869 1954 3446 3582 4013 821 295 509 38 682 4438 3494 4822 2193 785 2265 
1134 3984 502 2942 3098 2466 834 657 3140 2032 735 1745 2654 3835 582 3398 4365 879 
1401 1951 71 2937 911 4359 3515 3491 1501 1195 2741 658 2622 3312 2735 2312 2962 2741 
3495 2570 2804 4949 1293 1456 2243 4335 156 4673 3921 4799 4677 1120 3903 3565 3372 745 
2539 4909 220 1014 1926 3673 4458 3398 1343 4864 1857 1695 820 4179 2024 3883 3336 1601 
859 692 2047 1927 1502 4045 148 4128 3641 3449 1148 4295 4458 2561 1453 1357 3766 353 
3938 758 485 4850 4927 3166 910 4503 4172 4558 4851 1944 4467 765 726 3853 4175 1034 
1221 141 575 1613 123 3288 645 4073 3087 4020 2215 2532 4134 361 1597 4326 192 3328 
1009 4694 3502 2153 2706 1233 1342 4189 2726 4147 554 3181 3498 4596 1572 420 397 468 
1183 210 519 2147 231 1096 365 2971 3408 676 254 72 877 0 83 2166 2366 1983 
374 110 3886 2618 1964 3515 3933 920 3517 3729 3980 3556 4697 2231 1238 1026 3155 4571 
4412 3197 3922 3580 2424 2930 771 823 2952 4008 562 4724 2445 2656 980 3147 2419 3861 
3751 361 3858 1363 3371 1848 2628 495 1567 4477 3578 3554 1979 2368 3882 307 2821 1723 
1814 3386 3702 4604 3839 876 304 3916 3990 534 2536 4701 4611 1475 799 632 2220 4786 
3078 137 3147 3765 3905 2300 3648 2205 431 608 1860 2580 2676 2196 2360 501 4198 4477 
1514 1371 2682 72 3527 980 427 89 687 1335 4870 1321 2626 581 2002 1712 30 411 
786 84 3050 2229 4701 1955 3048 4890 190 4564 3150 172 1355 4714 2578 793 1105 4950 
556 2380 3704 3410 2426 190 2530 473 718 1075 2706 238 917 1211 3617 2982 2572 4212 
3668 4118 1703 1947 1329 2204 951 2930 3001 1253 70 2566 1540 3711 498 789 728 4914 
3191 3460 830 489 266 4778 1718 3221 1093 4743 1101 2362 2450 4380 124 1643 2592 2037 
2988 4135 3754 1836 2433 4777 122 148 2322 2916 4776 1426 2449 4874 981 1250 3645 781 
536 3416 4453 3659 1844 2449 4504 4351 206 3116 2287 1090 3409 3423 2004 3959 3612 1165 
1507 3387 1687 800 381 815 3960 2326 255 4408 4285 4910 695 3522 198 4858 80 1525 
2502 3899 4750 820 3600 2223 2774 1446 4219 454 4177 2045 2985 1349 3250 2088 559 964 
2090 2625 3292 632 2183 1348 3282 560 3574 2608 2723 1376 2782 266 2110 4432 10 1980 
4435 2088 704 2146 3606 2665 2743 858 4945 3153 4058 1600 1116 3646 2415 3277 2001 2595 
612 3673 2250 169 4893 4415 392 2161 140 1733 3201 3780 4499 3350 2650 409 4490 2588 
3079 4023 2349 4765 4304 1940 2449 4061 3274 2842 4350 2742 2495 4935 2627 1955 3137 374 
1834 2656 4391 637 654 3812 3571 2817 91 4472 2326 822 2937 3810 962 2370 3452 3524 
592 4741 1952 3036 650 1889 1679 2819 4299 1682 2970 2398 3629 1485 4446 3382 4399 458 
4797 1110 3634 3188 4039 2623 239 3089 4167 4828 2393 4842 1034 4846 2331 2789 3520 4694 
4113 4849 4697 101 2868 3147 2971 1586 130 2915 2054 4422 1651 624 2605 2065 4066 1914 
4431 3384 2408 1407 2494 4459 3820 3736 1291 1488 279 876 1432 2864 2151 4363 2190 1763 
3786 686 546 4660 2025 1761 3741 732 487 548 3979 1318 4378 3982 2350 465 1729 300 
1664 1871 1912 3368 2768 4097 1952 2567 4344 4723 4080 1847 1474 2660 4790 3156 3339 3588 
2839 2079 1182 1310 1840 2230 2858 4652 2634 3650 1402 3881 2998 1328 23 1548 1742 1603 
3393 1756 3942 1900 821 1912 611 3049 4737 1791 3436 1831 728 2827 1766 1057 4744 2669 
4425 1071 2629 345 4724 4 2047 1201 1438 2492 2876 1492 718 4800 3984 712 4522 1325 
2507 742 611 393 4317 129 2420 907 2089 238 559 3728 4544 1866 3758 958 1191 1877 
578 2561 4086 3070 2758 1314 363 3482 4614 2305 815 4718 3264 4050 4803 1157 827 839 
926 1767 1463 2502 4563 3615 4652 1330 3961 1707 3252 683 1681 1114 2091 2227 1166 1001 
3863 1748 848 4131 2794 3994 939 3770 1178 3102 3402 4955 23 3255 1381 830 2517 2814 
2236 286 706 4918 2739 1495 1877 2805 1140 2880 2342 2892 2149 68 3691 1364 721 4489 
2311 3437 3574 431 3624 134 2109 3984 70 2183 3466 2872 4221 381 4406 2233 3068 2812 
4932 291 541 2293 1404 140 824 2299 1323 2186 4659 1676 2926 3932 1114 2156 4729 1249 
2862 1847 4394 2586 3598 1714 4742 1758 4175 3563 2988 4196 1576 1857 2657 2076 3963 245 
3418 1019 1067 4623 1431 1555 3491 595 2696 1483 245 3418 525 3820 882 2272 4783 899 
1800 1915 4408 4936 2766 589 556 476 3065 3556 3726 2258 3262 2759 3843 4911 1241 2334 
1768 2179 2755 4222 3865 3144 1524 1372 2145 1030 1403 2279 4602 3189 399 4117 1634 1343 
2085 202 1613 4911 344 4191 3021 531 781 3193 546 2218 328 4670 1652 3421 568 1012 
1385 4078 4048 2176 3485 3433 2100 526 4647 32 1120 4211 444 3974 4351 2914 740 571 
3222 2662 4957 315 3780 3651 4777 877 2699 9 2234 1610 114 673 2860 3401 2039 4038 
3590 2250 1979 4475 3758 2606 4696 4949 3106 2184 3443 1899 1282 1480 2463 1559 1965 410 
3777 2953 4623 235 3119 591 4710 171 3534 678 4696 2501 4151 3555 1372 4573 3245 1097 
2463 3767 1445 3862 1383 4877 3644 601 2133 605 114 3759 3006 3870 309 1211 4319 4666 
1773 967 4867 1371 3592 4416 3513 2407 2244 4468 2848 1431 1775 47 4444 429 3658 3866 
4516 2155 4655 4526 4946 303 3585 4687 4336 1459 2360 4944 4777 2494 4933 3040 2956 3093 
272 4877 2351 1180 3498 1448 768 4774 2668 2204 462 1136 2859 3487 632 2343 1206 4583 
3774 4032 1210 3170 4941 4312 284 2107 4335 215 630 1706 2670 1850 3352 3943 1850 1620 
3236 4837 941 1035 1589 2548 1999 2229 4065 4367 172 4247 1620 2774 3968 2978 1654 2477 
1055 2369 4838 696 1898 485 2782 3970 1965 3391 2341 3245 3269 4494 1435 3293 3066 3059 
4253 2296 2100 4573 3438 719 2581 2821 805 4884 101 1464 4422 3150 4703 1806 3555 2203 
269 774 763 4448 3406 2465 2400 4756 1164 4848 2516 4951 1678 2536 1871 1785 2440 1021 
1751 1921 596 4412 4498 4358 3338 3590 4592 1786 4389 2733 2325 667 1409 510 1840 3195 
566 4301 3111 2504 504 612 2325 3040 1189 4376 1847 216 905 1722 1861 4571 2496 2737 
4010 3486 4468 1788 1003 4222 2919 3209 2033 1074 3130 996 2646 1050 1476 2470 143 1700 
2601 4410 395 2207 4060 1414 4433 4239 3121 1392 858 4454 2466 818 4730 1147 4131 3919 
4743 3704 95 3196 252 4242 4474 4422 227 237 106 3 324 4823 2789 3918 4855 2287 
3787 1025 1262 3805 4646 576 3263 3665 811 2330 2053 2438 4268 2229 2473 2634 2973 2352 
2921 1512 2809 2187 194 1159 4109 4391 2134 1936 3058 963 1632 3543 3300 4083 3181 3894 
4103 1235 2981 2493 1544 319 1436 4682 4409 3006 2785 1762 4398 3885 1724 4671 1875 275 
1558 3397 1516 1858 309 1172 2146 2551 3398 4399 387 3902 4214 475 3222 2962 961 2522 
1954 3340 3495 1400 2385 3643 4063 4605 713 2566 2605 3175 2574 4953 4850 3361 4770 471 
4670 1983 2148 90 2250 3441 2452 2274 3780 2498 1269 3375 548 2585 2298 4522 4529 87 
1697 4910 2058 2749 995 700 1708 810 1716 521 1740 881 3700 1728 2019 1816 2765 2801 
254 3618 285 366 4641 4900 3896 2489 1021 2537 1099 2120 1740 4926 2535 104 1930 3527 
1670 3935 3957 1432 2123 1332 4218 3520 828 3863 1390 331 276 4426 4750 2845 4854 2684 
3982 2531 3403 1129 152 572 646 1705 1733 2391 3056 4356 1668 4516 106 2176 4192 3953 
2881 1936 2737 4732 3789 4593 2604 2475 2142 1428 3308 4068 2127 2697 1209 2383 2542 3805 
2817 2397 1561 4450 1670 3724 3379 2070 857 2798 3522 3710 194 3403 137 4265 3822 1957 
1858 2343 4503 385 4000 2211 1438 4814 124 3850 3 3474 71 4437 3100 1097 2860 4777 
574 2826 961 1420 4409 4709 1596 3747 2542 887 326 4593 3061 4326 1801 276 1309 3329 
4397 128 2034 1478 2362 3453 4269 1691 4655 259 3073 4731 2727 856 1631 4374 2666 3826 
1635 4761 740 1636 1905 3318 1538 1354 4891 349 2903 3081 3181 269 3949 651 3036 1694 
26 3966 3995 3279 4820 4620 225 4701 2124 4211 1263 3568 1507 2012 3429 2431 3259 4078 
2216 4462 4358 3009 2668 1913 4535 1170 4740 4770 113 779 355 2318 191 3792 2050 705 
4640 4222 407 4207 4918 4115 633 45 1362 4779 1664 1887 1921 1627 3981 1366 2671 1167 
2258 2686 699 739 4753 2314 3377 3701 2402 3012 2110 1657 1306 686 1621 1812 2760 621 
2535 2682 1587 1409 1921 3810 4070 1842 2342 667 1743 3597 3802 2383 2891 2114 913 2324 
3384 2336 3344 1985 2885 717 2795 86 3972 1603 2644 2541 4497 1922 4646 3758 3143 2565 
2101 2483 3982 3799 4789 4582 287 2239 6 469 3360 1679 1382 2988 3748 2450 1281 481 
749 4120 182 670 2435 109 1733 2962 167 2753 1963 3134 98 4454 4903 1819 937 1786 
126 1730 4346 4895 2380 1288 1796 3648 291 4059 4196 694 3757 1149 1018 4583 971 4553 
4637 2348 3511 577 3954 1781 2394 2131 443 1672 1564 3656 648 3356 2098 4250 1354 3833 
2960 1015 1524 183 3277 2503 4181 3703 453 3802 1678 1752 2764 4517 4593 3931 1011 2561 
259 4408 1519 1584 2451 3484 2702 691 1023 1277 1427 1310 1532 4906 454 4935 3839 2316 
1504 3036 1362 42 3284 2611 3323 3847 4436 3488 4244 353 2601 317 3148 815 4382 4762 
1812 2977 1001 316 1789 4776 2450 4802 2250 4314 2619 2489 3212 107 4492 68 3244 4136 
1130 2254 4248 1352 880 1593 1992 2428 1869 2499 4486 4771 720 4288 2652 317 3880 98 
1242 2903 1396 4465 4173 4428 2622 4160 1992 1742 1284 2685 3768 963 2537 108 855 2034 
3562 2681 4534 4844 2401 2657 1730 390 3715 3553 3854 1949 2907 1105 1226 1491 668 4873 
4203 3062 4033 4417 3185 1982 3980 895 949 4690 2963 1995 4100 3151 3172 254 821 3180 
1307 2202 4723 2565 2775 2144 4912 3291 4423 3676 2626 1524 4403 3495 1256 4061 1068 787 
2175 4650 4897 1050 879 2865 3657 1843 719 1620 1518 3165 4293 323 1448 1241 288 4329 
3194 2471 747 3931 2755 4658 1738 433 4775 3055 4113 4532 3611 367 2846 945 1053 837 
2666 1614 454 592 36 1239 1057 4935 1079 3804 3045 3087 1724 992 2316 1997 3958 1230 
3125 294 98 498 2939 1549 2811 4108 202 1055 1279 2078 1762 3067 1512 3412 4888 3154 
51 1687 2895 559 4761 962 3767 145 4796 777 725 4557 4288 3980 2454 570 2184 4128 
2915 1928 151 1238 658 2087 2936 2191 4122 4425 4721 4891 4451 3797 2421 4112 1773 2620 
1352 4939 3337 3380 4037 1173 745 3299 4600 3814 1395 4113 1397 646 967 1102 2125 3767 
387 4424 1575 3668 2644 2368 2185 2358 1493 4946 477 1107 1791 2060 1134 2457 4869 4019 
1743 3458 2382 4389 3658 1546 1363 2056 1707 2797 4474 844 359 182 2042 2175 3994 3039 
364 3326 4452 1099 1545 3239 4155 1852 421 2535 2867 1004 4925 2657 2751 807 186 2299 
3327 1099 1280 256 1692 1811 1541 672 4076 3583 3544 2574 2225 1028 2116 4899 1311 4493 
2485 287 1818 1462 3094 770 2262 3563 4552 2443 4456 663 4540 1292 4701 3840 1360 678 
1115 2187 1656 151 2871 3556 4812 2486 1850 2873 49 4796 2105 3105 1978 792 757 3237 
3655 3488 4739 3034 367 3505 211 1324 374 4774 169 1081 2087 2557 4056 3515 3841 2964 
678 1266 3902 1109 3625 1524 4231 4011 3286 1132 4605 4578 4256 1631 1277 697 3696 3781 
1857 2212 1184 3378 4279 143 3166 2331 1158 599 1501 1914 1242 4805 1301 1219 3842 795 
4851 3562 2525 3031 3669 2659 1823 3462 23 4716 1274 3019 749 2803 2838 1017 4334 888 
587 2335 281 4769 2057 4224 3105 1848 963 3326 4681 3889 1049 3352 1811 941 653 526 
2750 3750 2258 2935 2066 2753 1262 4666 2614 4228 461 1975 2455 4725 69 823 2699 3321 
2433 313 1237 1573 2909 3941 1685 3197 3932 2822 3926 4875 273 1404 2419 3110 1127 805 
1302 909 3924 4409 490 323 711 1176 4873 1208 3742 4502 966 4781 4078 3493 577 4524 
3366 884 3830 1860 2389 1273 1943 3016 2205 4039 4798 888 1183 2787 21 2587 4570 2483 
3896 2284 1470 2914 451 2999 345 1195 3018 3980 1877 1084 372 3063 654 2455 702 3309 
1327 532 4149 1918 1076 4060 4012 1754 3539 4031 3986 4947 641 219 338 521 1277 2383 
4914 4325 4570 234 3956 233 312 3410 561 3540 2795 1095 2171 3331 990 1532 3911 1999 
3284 1741 1987 1842 1117 356 3871 2005 413 1117 865 1694 3712 4490 4513 753 2376 1114 
1747 869 1506 4596 2736 1409 2458 2959 3336 3577 3585 3868 4055 25 3477 2108 2856 1950 
2970 2877 102 1191 320 2417 2162 4392 2611 2457 4631 3410 4882 2664 1919 2004 3052 1790 
2187 25 463 1997 191 2708 4390 617 4522 3477 3259 3218 2591 2984 2822 2121 941 2017 
3554 4544 1397 4499 1807 517 132 1708 685 1768 1562 944 3188 10 2145 822 3318 3312 
2982 1937 3898 3178 1467 4244 4040 3971 2776 3916 2611 225 4508 3288 660 2424 417 4613 
2691 1890 1075 4283 442 724 4540 1719 3319 1240 2687 4749 3843 316 883 3906 3044 2697 
789 4122 3522 2139 842 4561 113 280 600 2924 2248 3026 2371 620 4103 2657 3362 3714 
2749 3116 301 2638 3899 1352 636 4428 1031 287 4626 4037 3370 2666 534 70 2080 4026 
2165 2687 4020 4950 3004 1698 2134 4298 4585 2494 3431 1637 657 3222 1549 2911 2471 2361 
3250 3449 2914 687 3237 2181 2716 3057 2599 2640 1761 718 220 1871 1918 1862 2328 3292 
4070 4833 428 444 3313 4850 2473 4904 3734 1336 3142 4159 4610 2565 3332 4580 414 2379 
1201 1930 4049 1565 2406 1241 3579 1901 3272 3750 755 1767 4827 4443 2053 2918 4599 4224 
2450 3982 1638 2429 1630 4833 4956 3141 9 142 469 2653 3588 656 4090 422 1791 2453 
3295 1945 2898 1940 3542 911 2354 725 3620 1165 1801 3269 2148 3582 523 4346 2431 2208 
2401 1042 2640 4776 1347 2752 1465 893 1488 3219 836 2031 4296 1594 976 2459 66 2184 
3430 2888 599 2404 3268 4926 4074 4674 4459 2263 1792 1677 3250 1133 1648 3459 1628 2551 
4227 1173 2016 4285 2892 1874 3077 4791 1020 4840 520 4548 4682 1522 3207 3071 4395 3571 
4031 297 3170 4774 3109 976 2319 1431 833 571 1684 547 3372 3742 4853 1825 309 3925 
4574 3820 456 3757 2827 439 3730 2795 708 3871 3948 1821 1849 3292 794 207 418 4227 
2241 2580 3334 382 3169 3029 4928 1934 3882 17 840 2108 3014 169 1726 4505 1705 346 
3644 2972 719 3013 1579 874 4133 671 2069 2010 87 564 332 652 4849 360 4097 2395 
403 1843 4954 2509 3530 4022 2839 3017 16 76 585 3544 1203 508 414 2810 2637 393 
3821 1131 1627 1173 3449 1009 832 3825 3640 219 1846 3553 4579 4756 4702 1684 3829 4425 
174 3166 1245 1260 3923 4463 409 1856 3119 4440 3508 2460 2615 477 2764 3136 3388 3398 
4844 4591 2449 2132 2253 4789 529 3405 4609 3225 4018 1390 4076 389 2993 1445 3493 4073 
1853 3430 3343 2397 4404 2155 3519 4070 3876 2817 3613 3064 2162 2189 2976 4663 3123 2456 
1208 498 2951 4242 2873 550 2855 3204 1796 4184 2247 3504 1853 2778 1496 1647 4541 1922 
999 422 2090 4714 1816 4517 3752 4690 1975 1720 3933 302 796 1253 1984 1498 745 2173 
1334 2308 343 1920 2116 2379 702 3612 4642 4074 4401 3211 1171 1032 1032 3812 1545 1314 
3535 2190 4879 1186 2465 994 4198 3821 4501 1358 3020 4030 2318 629 493 4351 3711 2447 
380 4834 3298 486 3852 999 4391 1492 1460 4266 4070 4512 4210 1959 2470 169 4086 3036 
661 1640 4463 2639 4702 3793 840 414 3185 3941 2842 803 989 1616 3441 838 2261 3264 
9 3786 1207 2028 4951 2816 1176 1239 4205 2068 3698 2000 3127 283 497 1426 515 4871 
2050 4075 3188 1812 4913 3682 2887 3755 2214 2963 3869 3564 1855 2924 1886 4399 2759 1550 
2355 1315 2796 435 431 2788 489 2933 2934 4189 759 2477 908 4313 4949 51 11 4474 
324 3127 796 2600 1379 2044 208 4341 4827 1748 329 3913 4137 403 197 2998 3882 2886 
4149 3720 994 330 383 1261 2303 1809 2830 2280 3274 926 4675 2681 4259 4398 3919 1751 
2990 2093 4286 373 531 3164 4506 4065 3563 973 1213 2550 3275 2262 1569 3837 2239 2539 
4872 2130 1876 1318 1360 2635 3786 4148 1290 4529 612 4570 4771 1872 1459 2758 3981 283 
219 2276 4109 1999 4932 1718 152 550 437 1839 2209 1563 2347 499 2688 4186 2209 3755 
2769 3650 1091 2250 1724 1650 418 4354 2995 458 3213 3335 3861 2788 3993 3481 4025 4205 
1969 3697 530 560 2456 1936 563 4952 1979 3774 303 1793 2887 1152 3165 2223 2473 2238 
2269 4084 1976 525 3763 3400 2214 1628 4218 1684 496 3337 239 3713 2135 452 746 4546 
4345 2552 1803 1899 1839 3769 2083 1660 3686 3145 1315 4913 3817 884 3503 3047 2862 3707 
2325 3901 366 531 2659 4607 1454 113 458 3710 2584 2424 2955 1934 1624 993 701 4562 
4712 4117 1313 3739 2193 2685 3696 4300 4932 2020 1711 392 2638 193 689 249 3056 1267 
2274 2706 227 476 1740 823 1415 35 4946 2530 4442 1614 2198 1619 2113 3090 2466 2300 
1082 3604 4593 2947 4066 3225 4111 3092 2730 3680 3059 2376 4388 217 305 1776 4572 849 
1276 2055 1216 537 3015 4462 2862 4881 3203 2404 2780 2370 4195 4176 1158 444 4058 1245 
4055 2734 3058 1138 4445 413 1201 562 4810 2061 2547 1355 2772 2550 114 3769 977 1789 
1562 2259 2154 1602 3747 2366 3029 335 2375 1040 221 259 3679 3726 4857 1662 3006 4900 
3741 3661 1357 2161 2100 1873 4286 4212 441 2124 4672 1231 1440 3144 335 2228 1592 4249 
410 899 3015 766 497 1178 2067 361 3969 1753 874 2576 2436 4315 1317 3154 290 628 
551 2162 2001 1828 2537 3650 3234 2840 774 3605 1009 1043 3282 3413 1125 1971 807 497 
34 1912 1592 4530 3194 1978 3709 4197 4541 2279 2292 882 461 2777 3293 2612 4727 2354 
1267 3218 4304 1256 2152 3406 1232 1110 3653 2025 3361 641 3291 1815 4956 3861 1848 2313 
1480 1181 4885 2780 4200 3153 4757 4377 4368 4427 2251 2450 3305 2742 4457 840 3035 3911 
4533 740 2779 1112 2554 85 1223 1992 1195 4831 1544 4342 2809 3078 857 4436 3098 351 
4442 3860 614 171 3812 4081 291 968 2308 593 290 3008 779 440 1880 1433 1997 185 
1819 984 1462 1825 1983 4157 332 1943 1754 4457 2048 30 3215 4611 884 2283 3380 3668 
1291 3775 3714 4804 199 334 3546 1633 913 2205 3049 4786 1515 2747 3237 1600 690 3897 
3504 1192 2897 3313 2844 261 2294 2560 97 4829 528 1721 2400 3068 4636 177 751 2528 
4638 3400 1964 3113 996 1407 2430 1318 1759 4896 3449 3792 4904 4012 1150 1148 115 2512 
3906 2021 4368 840 2935 2678 3369 4527 2506 4230 3385 1261 4811 756 2392 638 4146 1127 
4255 4768 3918 4781 101 3960 3088 3498 3384 2644 2902 3363 3231 4758 2132 3587 1921 54 
667 3552 1072 512 2813 3857 4713 2492 1826 2766 767 1106 4320 3354 2075 4294 2725 4203 
785 1624 2967 3396 4734 494 1532 950 1220 825 3149 4424 694 2176 3781 1624 793 1764 
1306 2870 3538 3624 2631 4263 71 4379 4691 129 4322 336 3347 661 4433 3625 3454 3296 
353 644 3785 1814 4825 2609 4080 3526 2872 3197 1314 3465 2123 3699 2449 2029 4419 3450 
3692 3679 778 3856 2703 1086 1617 1227 1102 600 4956 4067 4362 2234 3891 1753 4829 865 
4591 1321 3253 2168 3457 990 773 2076 3601 413 213 2113 4380 4754 1304 84 2503 125 
2886 1234 525 2829 3152 1849 595 2387 2973 2339 4295 2053 2217 2409 2555 3977 2753 2610 
3405 4163 4398 2622 3980 371 4137 2568 4935 4634 4500 4739 756 2679 1041 3489 2538 4222 
3871 784 4583 2026 664 100 141 2213 2666 1820 3737 4325 2974 3110 1234 154 3279 85 
4899 888 1831 945 682 4024 2506 1588 3345 4272 3401 4074 1730 677 4929 4274 3170 2212 
43 439 3735 1100 3256 2134 4136 2071 4291 3164 2944 2459 4858 3085 2749 1144 3286 4068 
314 97 968 2850 2574 1145 2983 4411 2540 1660 4538 1881 3657 503 4576 2031 2321 1884 
49 1881 4215 4669 4525 3664 3109 3784 971 3229 3004 3022 838 4447 2625 60 367 728 
835 2781 4115 1948 3675 4806 1677 2103 4916 2274 369 2212 4770 4030 1395 1722 1260 361 
1825 2695 567 2325 1025 928 2053 4080 1483 2424 407 575 391 3088 1774 4486 2884 4223 
4463 3732 3135 311 2761 510 1743 2224 4203 3013 1983 4658 287 4117 4468 2390 3907 4031 
2014 1273 3671 4863 4847 4523 3759 1390 4921 837 1945 2888 2652 2590 3810 3365 3503 2381 
4813 1697 4576 4134 3482 355 3283 3075 1364 823 2044 2109 1202 1551 4758 3829 2444 3739 
2285 1351 3053 193 898 1346 1656 4557 359 2418 1524 4340 4831 2278 561 1207 3847 2779 
4470 864 28 2748 278 769 2422 207 4439 4927 4574 2546 1706 4483 3787 977 4656 2159 
2648 3974 4067 905 426 1688 3623 986 476 3163 1378 4717 2017 4281 2236 2143 2976 2124 
2599 1923 986 3099 4373 314 2244 4112 4546 3733 3819 3495 118 746 2732 1404 1561 4416 
489 3986 1544 2366 3377 4077 435 862 4362 2889 1602 2091 131 3335 415 1226 218 2242 
1171 518 1070 4216 814 1506 3052 766 1494 3668 3018 2996 3975 1950 4335 1100 804 3733 
715 1310 2244 4016 795 251 3241 1089 51 1933 1134 2513 4887 1612 4256 4496 8 1057 
4734 2998 4470 1330 1727 1222 4487 4297 2392 2356 3261 3703 3620 3064 1629 1994 1763 325 
484 505 4894 4132 931 4325 4621 2869 3787 3348 4133 1857 982 4617 1979 1086 843 1732 
897 2077 1738 3403 4011 3653 310 1657 2148 3621 2967 1032 4239 4432 2038 939 1487 3144 
3226 3705 4694 3172 4100 1579 2217 4286 4799 3411 2568 342 678 1937 3695 1969 1150 2288 
3532 214 2745 82 1796 4494 3605 3522 2193 3951 544 2324 4323 2304 2587 477 2116 4076 
1919 2511 4539 376 248 4249 3800 25 4444 1700 4273 1028 4201 3447 4346 3682 1129 2643 
4600 1992 4012 4307 3848 1670 2057 2334 4622 1802 4447 1570 2617 3090 1863 2573 1493 156 
856 4567 2313 4019 4003 4026 80 1489 1798 2808 4879 3314 1012 392 2901 3301 3351 992 
800 1797 2238 3567 1402 4764 4909 4868 3782 1003 4146 2599 2336 995 2986 1449 4364 3191 
289 3656 1551 2891 4494 867 2071 2422 3431 1139 3582 4511 4536 3937 4480 3309 4811 4124 
2313 1882 1806 4004 1792 178 3869 4188 646 354 2667 3355 2102 1472 2996 3946 4279 4678 
4238 2228 1985 818 4172 3219 2378 4763 569 4007 4546 1525 4686 2780 1088 4176 2775 3868 
3729 2006 2095 1786 2836 4401 3236 546 1982 1593 3106 894 3098 2096 2827 852 2370 1524 
665 3903 2953 2715 1812 857 1554 1470 1943 1095 632 4681 1443 1636 4229 4864 1171 212 
2788 1368 1784 1082 189 1300 185 4118 4367 2568 885 654 3736 4575 1699 1651 4393 3720 
3328 51 3619 672 4483 3878 2313 963 3760 3967 519 2788 1991 3422 3890 791 1821 3302 
3064 4312 1387 4792 1932 325 1964 1004 3443 4183 4720 3255 2917 4341 1069 3468 839 2947 
2322 4050 4679 3375 2673 1608 472 1967 232 4534 464 1818 1998 119 91 2092 1481 638 
3237 3249 4906 2820 1742 3149 4434 3270 2669 3597 2734 4197 673 28 4146 466 4442 1916 
1184 543 156 830 3453 4327 2445 1948 3592 359 2104 2272 4317 2751 3447 2625 2035 1025 
3918 3779 2473 1055 1570 3242 4384 2814 3890 4507 1776 631 1878 2158 3915 1918 3889 4616 
4045 4090 213 4688 3576 2446 2832 2918 1713 2465 3317 1673 514 2211 4328 3029 891 3136 
4403 2020 1373 4040 4356 2452 4005 270 1765 4586 933 3070 2164 1077 2462 3502 1645 1676 
1805 873 992 666 4926 2745 4095 644 520 3129 1474 3097 1356 3376 2784 1616 175 2461 
1542 3013 3508 990 1748 696 1017 3225 3842 115 3102 2125 1074 1007 2309 56 2955 4835 
4562 38 4473 4237 292 2732 2916 1846 3166 4311 4654 3588 53 199 2868 1765 3004 3199 
2067 1358 4140 4129 1495 910 4232 4291 4652 1091 2534 3199 4104 3604 686 425 2374 1846 
4097 2652 3873 903 4609 4108 3958 4720 4307 4494 4022 1656 1181 607 1130 2497 322 4865 
1225 3339 654 3965 2178 43 691 2116 2486 1128 2463 229 2133 763 118 4819 3432 1527 
215 4848 1955 1526 1153 1388 3074 2583 3634 4943 720 2880 2021 1691 4477 4138 4475 2366 
3177 1476 1173 3227 2990 3310 397 3523 4471 1597 1605 3452 3401 3402 2095 1694 2550 3007 
596 4297 3439 4877 4439 2561 4597 1537 3768 3930 4556 2842 1452 3880 3520 4877 197 2460 
846 4841 4306 3579 2495 4750 2138 2984 4059 59 2835 849 3102 3444 1751 3023 1020 2011 
2081 409 162 1436 4016 2114 314 4672 351 2887 3733 2752 3651 2987 4163 2710 3633 808 
4094 3199 1255 2665 2015 2396 517 3505 898 4388 4865 2411 1964 3175 2962 3962 1331 1532 
2576 2074 4278 2564 2436 4142 2060 2658 3967 3890 3810 2061 2393 3859 3619 296 4466 2849 
604 3371 3855 290 4119 2361 3208 3258 385 2292 619 3970 3148 3809 680 684 4209 4556 
941 2236 56 3084 4027 3259 2013 3450 2085 530 4525 589 677 681 826 1794 2581 3812 
4488 1384 4221 955 2168 2617 1512 2948 3009 1878 739 2316 2404 2750 4461 4759 1847 693 
2611 2513 3852 3932 3579 4257 3506 2464 2683 2853 2771 4539 2573 3781 1899 4803 809 2335 
1556 4263 1746 838 2020 786 4774 4625 746 915 1937 1214 1891 3785 1706 908 2119 1184 
4885 2754 1066 659 2425 997 1574 3803 1203 3466 1513 2080 3040 2394 1604 30 1222 4260 
73 2103 4629 2313 3767 1783 2827 3920 3254 321 4245 3274 1277 3539 3892 613 3163 2855 
896 94 27 2020 1043 4268 1093 2877 4007 212 712 4140 511 2003 4393 2266 105 659 
1616 3526 4836 423 4917 2015 524 3283 2113 2781 1495 3776 3279 2507 2499 3665 4261 544 
1060 3527 3122 3531 1774 1696 4897 2596 2366 3121 3083 4700 404 4200 2953 3607 3630 2516 
2253 1982 3488 1603 1077 3983 1357 400 1928 260 234 4636 281 1431 4674 2859 1098 2399 
3023 2425 4255 1720 1758 237 2930 4870 64 289 992 4057 2964 2939 2718 1750 1160 1406 
3887 4723 4784 1297 3133 4414 4422 3084 1442 1143 4930 162 1953 185 3800 4843 3384 692 
1980 752 3216 826 108 4280 3760 3130 1752 4443 4250 3764 1465 1054 1887 1166 1526 4937 
3843 696 4661 2595 918 3190 386 216 1665 2162 3623 2708 1213 1605 2172 588 1384 2994 
4393 3643 4082 1518 3613 1648 4885 4465 2840 3493 2416 3158 1454 3637 4309 3191 1056 2429 
1190 2771 4092 2212 4922 1404 3178 1979 1573 2101 2600 1036 4115 2465 4510 1900 594 1372 
1994 1961 2622 4166 3823 4871 2086 3679 1230 889 2149 3028 3565 4625 2667 3592 3122 4059 
1632 2683 348 2263 4557 4486 598 3031 734 3288 260 914 4624 2457 2821 1968 1378 740 
2384 468 3386 3271 4864 4544 2621 2578 2940 867 2329 328 1060 3458 1510 4377 2721 768 
720 876 2683 1049 4225 1312 4229 3166 1386 1045 2694 1221 2872 3243 2833 929 2002 1455 
1844 1227 2985 3883 2121 1570 2411 994 4680 3249 2028 149 1151 3062 3311 88 2924 818 
2841 1073 4356 4933 1059 1626 4551 4007 3028 3743 2158 2140 3930 1784 1501 4885 258 2693 
1795 1691 4349 2852 602 2289 3362 19 2659 2734 367 2963 3894 144 457 3115 929 1972 
1622 885 2414 511 423 3094 385 3712 2295 1211 1708 400 3643 4828 4001 1341 3824 2868 
1103 1962 823 3144 3809 897 1495 2216 2355 3356 3782 3494 1314 3684 2233 1845 3405 1029 
460 3922 1188 4331 1976 3359 4069 770 2248 3407 2824 4100 3244 3856 4407 2265 1434 4188 
2907 2480 4868 1392 2645 4113 4806 758 3043 2031 2178 2913 901 1768 1316 3869 3682 3902 
3005 99 576 4718 3343 1189 3311 1139 1993 1984 1005 1871 4168 285 2467 1235 4558 4800 
532 1838 4066 2651 1928 3469 3440 812 4067 1571 2859 1957 2861 3938 1253 3219 3257 2657 
3861 2199 600 3098 1644 4079 720 1295 3821 1829 1636 1354 1043 1701 3626 1780 4499 388 
2069 3070 1032 2886 4780 4920 790 3086 4468 154 4593 3578 1990 4613 2027 2695 4159 1703 
1799 4170 3433 3048 802 2483 4167 2278 2605 2806 1762 4092 2108 3933 3537 3705 3908 4783 
1811 1203 1437 693 4446 1833 3425 1308 1735 2573 1030 3534 1967 2763 1342 159 769 253 
3472 1548 3202 4485 4634 1831 3794 1707 705 1891 782 1918 1219 1887 3842 4154 484 3078 
4007 3934 3242 4512 790 1338 2613 1296 1037 3904 4189 1340 255 860 1314 3243 3069 575 
263 1763 1739 3491 4167 3332 4559 3633 1314 2451 1166 2253 585 2082 3076 771 747 2348 
1382 4826 4492 1074 991 1482 1180 632 3050 476 1821 4758 1786 495 2695 656 4918 980 
1037 3014 4781 812 528 1095 492 3370 1268 4722 3285 873 4828 4941 3338 833 3420 3723 
2407 4025 2782 2140 3076 278 3931 3110 1704 351 590 1227 2583 611 1297 4166 3990 1049 
1671 136 2368 4695 2004 1927 104 4722 4840 1187 2589 2051 3914 665 1834 491 4626 3073 
903 1454 4924 3797 2851 2154 4242 3254 1405 1732 4864 4774 1914 1356 1021 2862 2433 79 
3881 4315 1239 591 2151 1439 3391 2698 3785 2139 2921 2147 2910 4211 3561 3197 4562 354 
1113 1050 3884 4198 2681 2356 1163 3745 373 2964 53 4322 230 4880 599 4749 246 4277 
1490 3859 2279 81 3396 3502 4682 4275 3627 433 2382 1453 323 2026 186 1347 149 3722 
539 4214 4199 321 2817 2184 4590 4573 3781 1183 1447 3856 3062 1802 3791 3673 4711 598 
1533 950 181 3020 1537 1451 1910 4138 395 765 3858 1123 3485 1447 2556 2020 1969 1871 
203 132 4938 2398 3851 2610 1117 4168 2712 4949 51 2223 2707 3529 3215 469 123 1772 
4900 2749 2014 4159 1454 1136 553 420 3698 4077 1187 1689 1118 2838 3972 152 4685 3939 
4261 3920 904 1397 736 2253 2736 429 3361 3857 4254 4270 881 3812 2512 4000 2700 1251 
4433 3667 3092 2204 4383 788 4479 4237 4031 1258 90 4046 3705 4232 640 4014 3159 3773 
1303 4842 3916 545 2338 1972 3991 4506 4041 2115 3882 4264 4437 1509 1842 3989 834 4163 
4875 526 4600 4939 1721 1669 1960 867 4273 2149 4190 3444 2425 1148 3673 4648 727 4692 
83 570 1413 4607 3418 4522 1121 2651 4292 3518 4135 3865 4339 2297 1105 2901 4047 4685 
2184 2049 1289 1748 4903 1637 4582 1163 4185 1054 432 2339 4529 2638 2410 2627 2933 2851 
2616 4334 2505 2117 2024 619 1755 2357 3124 4135 4257 3983 3168 2452 2224 2356 1185 2811 
3017 3029 3813 4576 2897 1647 4945 374 4871 148 4154 3857 1844 3837 3850 3594 1001 4216 
922 2168 2892 1434 4630 1471 1993 2040 1329 1069 3326 201 3523 4474 2269 2564 1054 3319 
3872 1840 4914 809 2538 3575 3694 2963 4114 3026 355 4299 2354 3114 147 428 51 646 
1568 1326 1460 1474 203 4939 3844 159 1933 1306 409 3676 2328 505 4829 3134 1218 2675 
3828 4219 3262 401 831 2973 3863 3717 143 3332 2735 2229 1533 2930 1497 3371 876 2532 
783 2065 4210 3275 1051 147 1917 2455 1042 1405 1217 1905 3286 2578 682 3298 1445 398 
394 2937 1496 4079 716 703 2735 4376 427 3823 1695 4399 3107 3915 2459 3479 651 1706 
633 1695 401 78 4906 340 4142 1747 3475 4328 4213 3231 4050 3198 946 2262 1266 954 
4195 304 4299 2883 1004 2293 447 2668 4338 1234 768 1033 4650 4931 546 2835 83 182 
1961 714 3230 1545 3519 746 4043 1664 4668 4501 821 2524 703 2069 4200 4064 2834 3603 
4301 627 586 1010 1095 3357 4119 3088 472 1623 4318 4461 4933 1620 2684 922 42 3399 
4234 4729 786 2371 2970 2153 3777 1457 999 2242 1202 951 714 4726 4315 2017 2395 1428 
1722 2357 3025 246 2460 1220 1206 523 4843 2267 1935 586 1933 4764 4171 576 2575 1768 
4143 1153 887 4074 256 4170 4727 2094 2910 3476 3445 2559 2291 3236 1352 4307 2005 4211 
2852 4638 4147 538 3303 1283 2156 4004 3808 3842 2032 3800 527 2201 4412 1836 3039 1592 
1440 2362 4737 1642 4530 2843 3009 2766 3688 1721 3037 4882 4665 424 3902 355 1095 1392 
759 4317 757 4348 3451 4351 918 4223 3265 1285 4492 2047 1702 216 515 3955 2939 362 
1205 464 2935 3109 1604 2849 1640 3480 118 1778 4785 2508 4127 3861 2015 4848 2769 3915 
1917 1244 1279 3474 2263 2001 4674 1270 4503 1851 321 3630 426 787 3465 1459 1642 4119 
4671 83 4106 3450 330 584 4680 3614 661 1696 926 4407 330 2575 483 1888 660 2023 
4658 1557 4091 2171 1621 967 1706 2581 3945 1859 2606 4801 1570 1227 1847 2860 2670 4082 
4935 2743 2435 1006 779 2419 3070 3548 1278 3019 4099 3543 1688 2206 1097 4837 392 4347 
68 890 4880 4771 1226 1244 1077 1263 1554 1351 593 3257 1125 1313 1224 4090 276 4371 
3697 1517 19 1359 3939 626 1604 3930 775 180 3122 2738 555 4054 4267 4088 3495 979 
4414 4619 356 4121 3573 1492 2252 4901 4884 945 1194 2904 1682 4031 1405 4451 2662 2968 
4756 4167 4320 3944 4829 3680 739 2711 2144 732 987 3282 4139 132 3238 4395 851 2304 
3943 1841 533 736 154 132 1219 2079 990 1877 1392 2129 1437 980 2077 3200 2892 279 
3780 1777 1573 604 4265 4422 1872 3104 2411 4355 996 2515 1469 56 1727 3080 3962 3427 
987 2941 2263 2439 3349 0 4773 1860 208 4446 4623 599 4093 625 903 2419 2626 3128 
4160 1582 2632 4588 405 2958 2169 679 2820 4220 4734 3039 4431 1673 2191 884 4208 2723 
2641 2326 3441 2206 4095 1251 3139 3302 843 2346 1732 3207 751 2112 881 3314 4441 254 
2059 1032 1522 2399 867 716 2509 2900 4822 2478 2386 2162 2792 3808 1961 1739 3258 143 
2783 85 1909 2999 4717 2495 1134 1269 4394 2427 678 635 1467 2242 4285 3096 1102 3764 
971 3515 1284 2120 477 457 2054 2913 679 2569 955 2542 865 1104 3536 3460 4517 3438 
544 870 1270 4293 3818 265 4225 565 3976 3250 4610 3574 972 2805 3500 3490 3523 3645 
382 4868 2736 4319 576 679 4124 1944 2379 2249 1782 1001 1983 191 4697 431 3859 2550 
3373 851 3688 1137 2275 4689 1634 3514 193 2761 4895 4763 18 4267 4885 2171 1913 3600 
2503 2740 4080 4321 3025 2054 65 3525 1269 824 3971 77 2294 3271 3778 4937 2591 1145 
1424 3264 3256 2823 353 3807 2435 1164 2235 4003 2912 2649 3224 4150 1736 4201 676 4679 
2764 663 3375 3229 1256 2550 2419 1412 4815 3004 2613 3313 4890 4760 134 3211 489 1741 
3470 1087 1595 2076 3649 4543 599 697 1359 4062 66 3407 1522 783 120 3711 3247 2898 
817 4651 1938 2483 4402 2797 2477 4187 3388 2583 1808 456 3182 559 1902 1513 1457 2174 
1792 2491 1238 3891 96 337 3010 3513 2645 4081 2177 2023 4118 3486 3086 3960 3173 1075 
3024 912 3550 2485 173 1545 943 3303 2901 2497 363 3734 2637 1254 2472 1074 989 2435 
3212 4512 985 4628 4626 4540 2204 1949 1901 405 2838 1628 3562 1371 2148 163 862 420 
0 1247 1435 1787 1722 352 4659 153 3827 2452 2562 4719 2956 695 177 33 1032 1035 
2260 324 2999 702 976 2501 4440 2376 1515 3991 3003 4357 4222 3427 3188 3393 4573 3924 
3291 2834 2519 478 4898 1878 4769 3216 4486 4686 313 191 2709 2616 486 3689 509 2385 
1121 3573 367 1754 811 2400 3008 4679 1403 3840 158 3822 1336 263 2641 495 4623 1779 
1661 4470 2947 881 4497 125 4676 249 3964 3224 4842 3774 4718 2534 2478 109 3478 4805 
3474 1261 3398 4691 1773 2693 4330 1077 3897 2318 4366 310 2339 2817 935 951 1972 4792 
2298 650 66 218 3381 4032 1828 2830 834 4843 4288 649 3666 1552 2037 1176 3236 3286 
1111 3589 2391 4310 4668 476 2778 4437 2906 1889 67 3938 4929 2863 1369 1824 491 3308 
4370 2614 2498 4748 258 944 528 2880 2191 3987 618 2734 1237 3295 1611 3934 1427 4468 
2723 11 3581 466 3801 3049 2045 2537 297 3144 88 4158 1756 41 232 4254 2499 231 
3276 4912 3656 2335 3813 2480 1601 1299 1950 3360 492 1132 3615 1305 3212 2523 1437 2544 
2815 2312 2083 4916 1248 4035 1364 2905 3857 1179 4198 3984 4213 4412 90 924 2319 4684 
3008 2797 4617 3298 2245 2473 1626 2444 504 1871 2034 859 4561 1125 1353 716 4800 968 
4493 2866 1146 541 4196 4299 1843 2871 4809 4248 3649 2563 2716 2826 549 1299 4416 3375 
2386 1455 4824 3463 859 1468 3640 1273 1634 3936 1827 937 1506 3241 2381 707 695 4718 
2131 1496 4271 1981 935 4007 4663 4284 329 601 2627 412 3438 4680 4720 2754 3966 1105 
1820 1313 1749 3097 3518 2845 559 408 2602 3253 2695 1825 1330 4539 4760 2780 1758 199 
3810 880 4664 3164 407 4890 4261 1572 1065 1004 1040 618 410 1550 63 4723 4523 928 
2410 249 3330 3972 2124 1074 4950 2198 4101 3594 1954 2248 1250 2814 1638 2007 1582 3425 
4471 4162 2572 2627 2937 4520 1035 742 194 698 4902 750 1165 2314 3218 1268 581 4668 
2086 634 2360 3852 4841 471 4467 803 197 1337 3550 2620 4090 3436 2990 1335 860 2387 
4108 3321 2581 4609 2547 3442 1628 1404 380 3240 2710 1361 2613 4577 2658 812 4376 228 
226 966 4392 3387 1487 1806 1594 371 4637 417 4774 2301 4191 2929 2483 3855 643 675 
3690 930 1479 1479 1352 3714 2644 2625 4754 2726 2073 2751 3134 4363 4410 2402 1732 1164 
745 2924 2681 3557 2249 3073 3556 3138 1489 979 2096 1814 4216 2300 3672 720 1602 378 
2814 3747 4118 356 796 3074 2999 1069 1046 3266 1251 4324 2714 2640 1520 932 457 3303 
4191 2068 3836 2110 1685 4572 1428 3123 3664 4712 4032 4908 1701 1014 3333 4645 4622 1715 
2661 1437 3603 3770 809 632 575 4170 3587 2520 4448 964 4475 2102 1444 4805 3406 3148 
247 1194 1443 4847 97 1765 4456 509 1537 964 4235 3934 1108 2161 3953 1592 3315 3766 
964 35 3272 1172 2592 3654 4711 4888 820 999 640 3785 1081 4641 4112 3214 3201 3194 
890 3881 3116 3421 3650 389 1510 3778 4748 3512 3899 1650 3157 4251 4325 1902 3684 3971 
4095 687 970 3975 282 2499 4265 4441 475 1257 2132 2058 4917 2854 2948 3681 2492 1095 
797 2118 4855 1633 1338 2486 2124 17 763 3711 1476 3736 4015 1535 3151 3451 3522 2910 
934 2371 884 134 4152 630 4201 3576 28 1581 753 2639 165 201 590 2165 4601 773 
3349 1066 2025 4422 2202 1528 2497 1749 3886 3812 688 4668 1239 4867 1995 4680 453 4634 
4868 3215 4490 3494 3979 1387 3542 2315 2371 1962 4157 4212 2781 1682 4959 2274 2952 1873 
910 1440 1666 3705 2783 3691 2708 397 3500 3016 2974 3830 4133 3967 3762 3240 3515 251 
3068 292 1696 665 53 3853 3014 726 4043 4130 4396 2084 1373 4262 2905 342 1313 1639 
4128 1746 617 4509 1602 1476 1298 343 4323 2562 654 4366 1645 3611 4377 3813 2527 2437 
671 3748 160 105 3751 4872 1141 2928 4039 3959 4297 887 4667 1958 3501 1120 4320 874 
3666 2432 1178 1339 2300 208 210 2778 2263 2567 2083 381 1170 1006 4840 1854 2352 3280 
4417 117 4465 4749 89 3352 4042 719 2420 2040 4409 2432 2833 4383 2664 1974 228 2079 
2761 4707 2597 421 368 2079 4841 1099 942 3232 2733 2694 3229 4659 696 3814 1477 3540 
1833 1178 3103 367 2906 1113 3265 29 3600 1364 3721 2848 963 3399 2661 1419 1414 2486 
2853 552 4790 3444 3978 1988 2391 2847 4889 1246 3555 3481 1622 3513 1061 663 4503 141 
2247 146 2798 997 1763 1723 2341 1528 3160 1244 4258 3911 2059 1238 2611 2705 2323 1977 
2324 894 4515 3174 2258 3681 2655 4514 2208 2841 4932 4822 1375 1246 94 1520 455 395 
3674 4372 4591 2369 3068 2524 2642 3504 891 1775 4 3593 680 4348 1347 3400 4076 2724 
2811 4393 4151 3783 4720 3215 2175 246 104 1133 3617 3402 799 2483 3640 2512 2442 4384 
3623 3015 3290 2287 2511 4105 2960 4579 555 827 1164 4788 646 4631 4194 3749 1938 4737 
4334 4020 4256 3264 2498 4058 1394 1781 3743 3754 4404 2319 3218 3594 4765 1766 1849 1945 
256 2772 2677 197 3836 2380 4811 3933 2102 4100 3784 3069 2161 3552 1755 0 1086 2341 
1124 1762 3789 2702 3643 3427 1866 4094 2270 1524 3422 3206 4826 2626 3478 2111 3101 3163 
2946 1491 3648 1903 2252 3246 1693 4884 4527 1551 2791 2800 4223 4286 994 2869 2790 4939 
4544 1176 2127 2576 2611 635 2514 4956 3498 738 389 1276 619 2662 1862 3425 3728 4321 
3 4400 2006 2112 202 2755 2186 3928 818 1798 3391 693 1007 1580 278 4484 2961 188 
3568 2852 114 2601 915 281 4720 223 2115 1470 1697 997 1174 4852 3253 671 1074 4404 
4221 1503 4478 2452 2598 3699 4035 1119 4646 3299 1548 1748 225 2841 4621 212 2784 3065 
3691 619 3055 3306 1587 3476 4383 4151 2271 833 0 2153 4298 2588 2261 4815 1124 4924 
3307 3002 1345 4375 4803 2640 3157 4037 4387 4883 4869 1590 4612 1702 4564 2016 1556 314 
3534 677 1412 2523 430 2560 3388 4644 3704 2919 2229 2434 3266 1926 4899 3328 2996 1420 
1146 2106 2881 426 2548 3132 1774 1034 3241 284 1475 1412 249 1168 1945 4429 699 1549 
2801 2041 3348 4071 746 4101 1086 4958 3205 1671 4832 2967 2194 546 4097 901 2316 1548 
4183 2490 1963 3151 4156 4166 159 4022 784 1141 4944 3873 245 45 3497 3880 1013 620 
1623 2281 4177 794 1463 1129 3319 2114 4119 4562 675 810 1948 3149 3999 4297 3075 3119 
3037 3847 1214 2851 3804 442 2579 4399 60 1077 3856 1972 1338 4420 3887 4392 3393 3787 
4511 2499 773 4905 4105 1364 3727 92 3428 1032 3159 4253 1715 4329 2812 954 736 1139 
3140 1350 323 317 3315 89 2799 324 4942 2024 936 4693 3665 3285 2642 4384 945 3966 
501 2434 1430 2145 2374 3566 3864 4694 2285 3489 3542 4597 1560 3541 1174 1475 4737 2686 
400 411 4533 1666 4268 218 522 4244 4279 2551 805 2011 1101 764 4421 2203 2081 2671 
1305 2252 980 2290 3059 4248 4122 2544 4188 683 2794 2944 1755 4124 1419 2284 2324 406 
3735 1429 895 4464 308 2215 294 2089 2384 486 32 1517 2743 1983 140 1903 3867 4122 
3850 1031 4116 1968 1815 4802 476 4748 4443 4752 1374 946 4537 3629 1833 3582 3816 1309 
810 1796 4097 4860 1470 4952 4818 3628 3551 671 638 1472 3342 2813 3873 3721 3140 4427 
4293 4808 4242 649 4855 2836 2656 1117 2032 4078 4089 4751 1243 626 939 2013 771 2927 
4185 1369 3860 470 82 452 3939 592 1568 1940 2373 3298 2118 1061 3035 713 4828 770 
1361 3111 143 3951 1613 893 2359 2206 1800 276 1330 1470 2058 2218 1243 4562 1245 2863 
2058 2691 593 1967 3078 1842 4426 38 1182 499 3597 4061 913 564 4912 3724 4031 2743 
3395 3399 2049 1267 4259 402 2588 857 3679 2301 4465 4779 1258 3276 3752 3102 1459 2608 
2541 2918 4538 3707 708 1467 1026 1532 3344 3983 3796 4415 1266 4299 4873 3902 3150 2517 
4013 1549 3369 2782 2225 2019 2895 1493 711 2269 706 4239 4395 467 3759 3556 3892 111 
2538 660 245 3280 4343 3371 3156 3366 4216 3379 338 1798 248 1563 1012 4570 332 3859 
907 4844 2115 1265 2911 1618 1383 566 2727 4805 428 3908 1019 3228 1642 4311 214 3972 
321 1057 1195 2407 1755 2630 2951 4564 2452 2297 3486 2502 2967 3619 1672 3467 662 4388 
1958 2975 4851 2488 2234 4049 3262 2165 511 3210 2461 2040 4896 1366 1197 2401 1176 1128 
341 4451 4912 4722 4401 3217 1975 4665 1636 1752 3116 1130 4258 777 2153 1183 4385 2853 
2185 3972 1422 4229 2733 3823 3197 4445 3545 4580 887 1556 3990 602 4493 173 4186 1865 
1181 3427 2853 4813 2550 2261 3785 4606 2349 3776 3633 737 60 882 1675 1948 1554 3590 
2287 264 3530 1660 588 3707 2291 2384 3721 3364 2122 3167 3984 3972 70 930 2748 4361 
2964 4458 1859 580 1738 1402 1439 3653 678 4033 1511 788 1329 260 4308 3207 752 343 
4852 4177 2328 240 3250 4704 3006 4560 4448 4256 3803 4256 2070 3007 3173 2400 1157 119 
234 4014 3144 1789 4059 3397 164 3364 4571 1794 1829 1776 2858 1454 3938 634 1608 4472 
4777 647 2226 2274 4554 3194 3365 3066 2570 4237 211 2602 4876 4044 3666 1553 1610 1947 
4825 362 4281 2990 3387 2045 4679 83 2261 10 781 4352 1063 2369 1797 2872 3175 3526 
4802 521 3556 682 1549 4780 1930 4095 3837 3049 1045 3613 3355 4569 1923 1518 2315 3158 
4484 2594 4181 3906 2207 2244 4840 1683 1034 844 2282 2565 1460 2126 754 4178 1815 2317 
2198 3463 3950 895 4240 3774 2340 1070 4334 2770 3774 3864 1722 900 2365 340 943 1956 
2501 96 2105 3167 3931 2835 4549 4339 4604 2376 3654 4847 704 1233 2372 682 3930 307 
2267 522 3826 1579 22 4695 47 3724 737 1880 2916 2791 2933 2031 4653 2407 14 1579 
2820 3537 1186 777 4541 1768 3067 4695 4118 808 1093 508 3092 1016 1336 2125 4210 3005 
2487 2492 3824 2039 3141 3045 1878 1241 1196 983 3198 2360 2995 3202 4234 2866 3082 3896 
4837 1783 230 3441 2991 3177 4756 3786 1571 305 3840 4470 3870 1299 3683 219 72 4081 
4175 1404 4442 949 729 3750 1547 4233 1057 3799 3161 2778 807 3116 230 1687 3324 1519 
1875 2209 4573 3682 237 424 215 3071 1176 1691 3611 758 2417 1611 3273 641 2429 1748 
2846 3910 1252 140 2469 361 1127 4801 1222 1127 3929 1429 4589 2643 4609 65 4083 3409 
3151 1041 3790 4620 2194 1830 4525 3027 4900 2739 1760 7 933 4701 2103 2594 3148 3747 
1602 3628 861 3045 3930 4254 4054 317 877 2865 4712 175 4746 4535 68 4147 371 1342 
3732 280 2800 2454 4191 1289 1333 2310 552 4711 4600 1242 4349 4917 1761 4534 299 463 
351 486 1144 2326 1511 1583 3124 1891 3505 4676 3735 2135 3065 4520 3816 4461 1542 340 
3266 585 236 4758 3811 2026 3255 4743 1209 1925 507 604 4085 4209 4415 4260 4922 2966 
4788 1766 2709 4077 2285 277 876 3720 4575 4297 3994 4465 936 4619 1346 1735 3514 3699 
3900 116 4002 3721 374 2422 1649 1305 899 3053 2397 902 3029 4389 2167 757 3385 725 
3283 743 4173 1972 997 1745 869 876 1007 3979 4848 2984 335 4099 3547 3516 1851 1013 
2565 3196 2236 161 4598 1881 2965 2549 922 1785 1068 4403 4010 2270 1745 2435 224 2585 
1444 3545 3294 3626 967 2014 4253 2600 1817 2229 403 4199 1988 4873 3932 508 4609 4080 
662 3087 1124 2223 79 1529 2357 2827 1763 3843 809 3756 2270 3691 4583 3627 4607 242 
1256 1864 1192 4549 1778 3238 4880 2863 1503 1747 2647 4840 1759 172 1869 1841 3762 1933 
4933 1049 433 3519 2771 4043 2948 3008 3761 4483 2199 1529 4520 2872 1677 3002 3491 3238 
568 4382 4101 1874 2621 796 2505 746 4231 2966 1290 177 3966 1451 2852 1670 3115 3347 
3347 715 656 4880 564 878 2672 3447 3791 1023 3496 2672 1351 4541 3699 3056 616 1935 
2980 855 3829 4946 3792 3992 1400 738 1303 627 3302 4492 2959 4746 62 3109 986 3496 
2483 4715 3021 3551 2571 4245 3839 1027 1001 1441 1096 1269 1215 2027 3164 4744 2400 1614 
4199 3539 2920 2607 2697 4278 4349 430 40 4510 914 200 4302 4686 1959 4591 2056 4837 
4247 1886 4489 4032 2000 2705 3906 1552 4910 2613 2846 1395 1551 3340 992 803 2237 718 
3333 2166 193 3250 3071 1169 51 3426 4893 4080 2996 2611 385 822 3195 4578 2632 2579 
107 4875 2680 2991 29 2840 573 93 1452 3427 4959 2912 4392 1037 1082 183 1238 4891 
2562 4394 3776 4724 1485 4729 4321 2794 485 4253 3126 1729 2290 91 4151 1830 93 2632 
4288 1605 37 708 3552 2241 2507 1780 4198 2892 193 2420 3829 369 1760 225 4440 1586 
3206 4664 1209 3571 4726 4230 2586 391 4830 1214 3215 2547 684 1787 3324 2941 2501 1365 
275 1602 4420 3505 601 3273 56 3196 3905 1708 4884 1053 754 4738 1753 1736 4590 904 
2782 3929 4951 4715 190 1249 4580 2128 1006 2921 1995 2556 2552 460 2602 2333 2839 2824 
2326 629 3618 3860 3525 2482 1984 1760 436 2476 2638 782 3254 4770 4135 4455 261 4029 
3467 1527 4797 4405 1449 236 2299 1253 4147 1555 774 133 3508 2948 4465 482 4764 2039 
1348 3770 857 3657 954 2799 1321 282 3002 3921 3918 2417 387 4110 631 311 1878 3200 
3026 3695 4107 1091 864 4093 4849 3940 1983 1966 430 4269 89 3284 538 3543 284 3460 
2005 2159 3690 4091 1648 1049 2610 2240 2578 4839 3712 3229 4883 660 1103 269 3136 1780 
3232 2360 1556 1873 3529 4722 2859 125 739 1526 4035 457 1075 3714 4262 4331 591 2078 
1527 2375 4786 4149 3555 4382 2653 2236 201 2106 4426 506 2073 2730 4459 3094 835 3376 
1965 3024 2012 3662 513 3508 1006 4495 3131 4381 2172 1624 2056 4791 3306 2399 1667 466 
1296 470 933 4115 1827 502 4346 129 970 2129 1386 3046 4094 532 3229 166 890 1705 
1301 724 741 595 4857 3320 1422 75 2450 52 1863 3719 371 3759 4054 4249 3535 232 
4560 4623 2457 4494 240 1600 1808 3479 682 229 558 3964 4490 827 1175 1885 4361 2552 
3529 4508 383 1443 2136 3304 4015 4048 479 2361 2866 1384 1076 4431 1318 1625 2073 1381 
3436 3017 3093 532 3668 1780 3312 852 2806 1215 1643 4048 3024 565 1222 4930 2447 1335 
4611 3055 4390 1396 3238 1730 4716 4561 706 2338 3024 316 4354 1928 1792 1361 845 1504 
1502 2571 1080 744 485 202 3181 1148 4653 2790 3706 2275 768 909 1647 4218 3676 3344 
2844 2408 2492 579 3089 2089 2036 1429 1263 3433 2788 4616 1292 795 578 1081 1567 1583 
3286 1483 3570 4407 1867 2765 4334 1964 1520 3165 1880 3733 2892 2293 465 3957 2017 4521 
3659 1481 1783 3207 2563 4266 591 2317 798 4030 2634 1184 4018 4198 1019 2150 4471 2128 
3800 73 671 3270 4364 4706 3158 4221 1724 206 4382 1966 2195 3832 3690 3290 1630 3795 
4801 1467 36 3864 2348 4454 382 4139 741 1645 799 4124 1274 3758 3116 1529 2069 735 
312 4945 3311 3823 4204 3392 3913 2142 3749 959 1483 2421 1646 4034 4592 2161 2801 1749 
3215 2297 2070 527 3311 4368 1833 4272 3948 2874 1414 2648 2025 618 3922 4611 238 455 
936 3924 452 4529 1660 3030 2329 1774 1326 3462 1696 2160 3147 1819 4101 3680 3575 967 
4845 2636 814 1332 1851 160 4326 2615 4287 1922 61 2548 375 3806 772 453 2417 797 
726 993 3616 4411 1753 913 1419 491 859 2365 1292 4282 3992 4741 2255 124 1411 3242 
232 1216 3878 488 3320 1976 1834 4199 1274 2034 757 3029 3052 183 1804 3917 4604 4338 
4394 1998 1482 2815 280 102 2818 2481 957 3626 3610 4865 3394 1962 1091 4769 2991 1830 
415 4551 1061 3561 4842 2557 938 64 702 4092 182 2476 3433 3750 4500 3731 319 3436 
1754 3796 131 3915 2898 344 1997 2632 1621 271 2240 1366 4684 509 733 4285 1447 568 
4240 889 351 4146 3936 2912 1573 2386 4223 4373 2591 88 1051 2001 636 3900 2797 6 
3870 2983 3297 2005 699 1304 1331 981 4164 3599 736 1096 2224 1840 2272 3370 2506 1239 
1717 3624 890 940 1699 1540 4238 4296 4605 3468 1021 1000 1543 2466 3168 577 1272 2033 
4709 2581 2484 1973 903 4567 338 4688 3713 3670 1159 2528 864 4864 1859 523 249 3087 
92 2213 4237 4163 760 3973 4021 747 1394 2332 1617 897 3880 1321 573 3358 3333 2823 
3302 4573 1771 1629 1593 445 2247 2721 2025 3896 3342 4832 3058 1091 2334 3504 762 3196 
3816 406 4125 3140 1108 4357 1429 1121 4806 147 961 1289 2160 2559 1561 1012 1339 4713 
3645 4409 1636 4742 171 2563 4715 928 3513 3911 692 337 3371 2703 4246 1510 4024 3732 
257 622 2580 3394 2866 3817 2576 2565 2772 4258 3127 1015 1352 3428 2919 3364 3106 1387 
377 537 579 4444 1073 2891 412 4034 56 741 1666 3130 1808 355 835 4758 1762 1157 
1180 4300 1993 4110 1980 2749 1146 1926 2513 35 3914 3212 2140 289 3027 4840 187 3210 
4664 2909 4891 1361 1118 950 735 4924 2094 1478 3881 1856 2730 2124 4619 3063 4845 4813 
2363 4820 1732 278 3337 2600 1281 1153 2258 4040 1635 2277 4116 233 817 3542 2306 2342 
4339 2193 2327 1998 2966 608 4545 1251 4021 3560 2865 830 2822 3463 3401 3255 4472 3617 
186 305 1497 1743 3679 1296 4505 2675 4612 2080 2371 4381 1128 1255 4900 3738 4945 889 
3136 732 3494 3100 3588 2510 4381 4302 1486 617 1077 1208 1488 2324 4818 185 4290 4838 
3998 1902 1176 1554 1539 4284 4645 2168 4657 4654 3133 4106 1880 2252 4043 2551 1212 3113 
594 3911 4373 4338 2036 4815 3220 993 3151 524 1230 3828 923 563 2362 200 4120 731 
438 2945 444 1797 3601 1107 1227 2935 1066 3255 365 3116 325 3780 1281 4371 2890 2509 
4733 2273 2906 1219 1993 1814 1892 285 2841 2142 3337 4934 3000 4804 3482 3049 1250 4535 
3146 2578 1408 196 1279 1152 1047 3011 274 1475 4747 3301 2053 3801 2280 4361 551 2644 
2252 4183 2132 3246 1167 4332 4633 561 4861 3861 1915 4922 4249 3591 3487 214 4552 3643 
1666 4360 1924 2854 1653 253 4473 34 562 2238 3919 2139 4066 4043 814 2325 1695 1955 
3337 1282 4192 653 2809 2864 4006 3345 189 1769 3026 3412 3978 905 4722 1111 1677 3235 
4543 1120 1900 3471 351 1272 4419 3888 3902 2741 3468 3185 3564 3953 2954 1412 4421 3807 
659 3180 4691 1614 4359 1301 4 2068 2988 4859 1262 1691 3623 1884 2995 701 4504 3104 
1530 3777 2292 1510 1260 252 1816 1032 2955 1944 3101 1564 3135 4603 3678 4354 4652 2224 
4371 198 4136 3831 771 4233 2633 4121 2632 1212 1011 1662 3471 4626 3507 1820 39 1129 
388 2112 4557 3479 254 4875 1425 4274 1253 2200 337 4244 1703 4242 4870 3484 3229 3165 
739 2306 426 474 3987 250 566 1504 1686 436 3357 2776 33 3176 316 3089 3417 4751 
1442 1263 2665 1761 4940 1450 704 3005 1254 3335 74 2621 4524 203 2168 1632 317 2758 
4023 4114 2281 4007 1718 493 4152 3681 1361 4034 932 681 3532 1487 4586 1635 3798 688 
3799 3815 2358 4366 1141 1602 2809 3338 1913 4094 3279 2529 446 983 4501 779 3250 1594 
3923 3821 121 4436 2689 3267 2669 3549 2297 2704 606 1868 3762 4442 1357 2565 3225 3263 
3491 2675 1374 3507 734 627 1550 4452 2027 3248 4674 2804 845 2974 4305 204 1530 3575 
4272 3394 488 1105 3473 1093 1096 1658 686 4459 2559 4663 4790 2711 2950 1348 2449 1241 
2046 3010 1634 954 3101 4609 1871 422 4548 2396 2793 2306 654 2238 1660 603 4355 1265 
2574 4419 4313 2119 2341 1384 2006 4642 556 15 826 44 2901 35 665 4017 2981 1051 
1655 1250 2456 669 2591 3226 3180 4712 4256 1989 206 2028 490 4918 1295 3131 815 511 
282 1056 26 102 3342 2815 4496 1990 175 488 512 4164 2562 2451 1989 4717 4484 853 
2890 646 798 3552 1820 3203 1263 4321 2231 4544 2831 4803 736 2596 4517 654 4502 2178 
3021 1278 3762 3622 3225 1706 3986 4364 3626 2917 3412 2819 3722 4872 4075 4301 4185 694 
1696 641 3197 601 2815 2937 2850 4602 1245 4209 1383 4878 2642 1546 4718 133 780 631 
676 2829 2329 3542 717 1022 1214 1275 2017 3079 3345 1901 2196 4911 954 3269 2983 2967 
134 1525 47 1617 3413 1278 1044 1031 4695 718 1105 692 362 3975 1803 1338 3419 2695 
576 811 380 4235 4328 4578 4836 2989 2289 1284 295 1558 3477 453 3818 2567 3965 1644 
1182 656 2612 771 853 4197 4102 4673 3929 861 64 4782 3460 1790 371 61 1932 3050 
3261 1984 170 1331 4297 4084 2264 944 245 4834 1904 4704 368 3291 3849 1551 2814 593 
2637 368 4045 2243 2992 3324 3020 3510 2728 1333 3121 2905 3486 2935 1546 1990 2434 3948 
2478 2690 1889 2360 1039 1291 2418 3943 2999 1124 2533 327 3853 873 1107 1180 1550 2531 
2863 3769 64 1239 4086 3322 2105 1826 3460 3699 1012 343 2551 2950 4137 1092 2930 4919 
3278 401 2297 3236 2724 3330 1494 3376 1660 421 1554 4777 1184 2325 3954 2929 2181 794 
883 4906 1936 1305 710 1953 96 4693 1669 3648 2731 4814 383 2658 2730 4630 1258 1761 
1235 3814 3638 867 753 4734 11 4879 2362 3525 457 321 92 30 1259 1905 812 1286 
630 4825 3624 2611 3437 3998 732 4201 1138 2421 2391 637 2292 2479 1339 198 3703 578 
3854 503 4630 3675 3467 1860 2227 2460 4 4571 4667 642 771 2063 2681 1136 2058 2759 
2190 3503 4680 2571 270 3652 1559 3781 342 2943 1759 3120 3038 3410 2237 1614 2397 4320 
1465 2358 3935 3327 3919 2772 4690 814 2319 520 3294 4418 2447 2248 4155 3945 1837 4655 
2579 2070 4763 3901 4124 418 166 194 2189 3396 4543 3965 1421 4884 1955 1788 464 4403 
320 1511 4803 2769 1023 406 1309 631 450 649 1319 2908 1639 4745 299 2380 1341 4140 
764 4879 3318 164 3399 3235 4193 3456 4178 3238 2047 4311 3030 2413 2328 2195 657 4894 
2895 624 1858 4638 536 3993 142 3402 1811 1249 943 2187 424 3395 4263 3734 3938 588 
1019 3260 413 4772 4556 617 4874 4726 560 1438 1043 0 4698 2092 927 2321 3625 4108 
1601 1603 2559 3976 4823 276 495 3334 1714 4372 1259 2695 3189 1754 4879 2960 4843 385 
3757 2752 4709 2613 187 4326 991 711 267 2194 1214 3604 3186 4 3339 2800 3777 1670 
4806 3978 1434 4455 2886 2760 1757 516 3448 3926 899 727 1111 4900 816 2500 54 2067 
1725 3200 698 267 3037 2178 610 2638 4725 1296 2952 1561 4331 2056 1146 4379 3669 2767 
623 248 1438 767 77 726 329 4412 4887 2763 2346 3747 1512 4551 2746 2367 4489 1597 
1156 4395 4793 3981 3240 2007 3905 4343 4308 3307 1953 2640 1392 1992 4162 1156 255 1313 
1852 2046 4412 4323 3254 4308 2794 3501 709 4628 2654 3991 3106 1955 543 2519 2006 3975 
705 3225 4841 1464 1836 3387 2869 1927 4225 1474 752 207 3644 3737 2685 4845 946 1463 
3680 3958 3997 1028 613 868 4852 663 2760 4375 4878 2110 1261 175 743 161 2836 4693 
3116 579 1441 4060 2545 963 858 4626 3783 1022 935 4706 3353 1733 898 2387 856 3909 
2850 1246 2904 70 4441 638 4776 627 4064 231 293 2798 4927 3443 2040 4939 1737 3865 
3481 1625 1725 937 2496 4751 4699 2402 241 2415 1597 988 466 804 2849 4529 4268 198 
748 4068 2884 3336 4851 4807 1025 4064 2630 120 817 305 3470 2364 3110 3009 953 3913 
3203 256 3703 3447 4731 558 3862 402 1592 1669 3839 1471 2240 4847 1298 1345 2187 4032 
145 1627 4399 3024 2143 4178 2806 3069 1383 4789 378 2950 4694 3416 2133 1781 3603 3675 
3760 2339 645 627 1952 2461 3280 3508 4565 4359 2270 1796 979 4649 4687 3808 1177 1643 
3142 3973 4640 4290 1985 783 4448 3047 2463 3576 839 211 4337 4724 3704 1488 537 684 
1175 3895 1131 4065 4246 891 78 4908 2001 2982 2787 2534 96 3129 2643 606 106 4696 
2261 3475 3919 2068 4467 3529 2288 2302 4000 4118 4813 3917 3176 1559 728 3162 1138 4390 
4593 1280 2367 4747 1982 2717 9 339 1445 546 1883 1712 1664 3676 3630 1654 3693 3846 
1986 2084 4032 4627 4876 2642 2238 1583 3101 1664 4526 569 4423 2445 3739 140 2781 930 
1215 1704 368 306 2590 2512 1921 2291 2455 4402 1365 2107 4138 1176 3680 392 897 2781 
4157 2640 3677 166 592 2954 4192 924 4110 1737 1550 1375 1157 3621 204 1999 1370 714 
3419 3713 4667 3966 74 3773 3341 3845 2118 4131 952 592 1654 4775 2538 2976 3028 2277 
2910 4853 2730 3351 1963 2534 44 3393 1068 4303 4143 339 4048 3655 1371 4844 77 1651 
4065 2608 819 4314 740 2235 3448 1075 3705 3655 2744 2782 1132 2143 2677 3599 280 1377 
1309 550 3854 3414 3216 2139 525 1340 2507 208 4306 4317 1431 3339 1494 4742 2947 1200 
1230 3040 892 2374 3719 2996 4168 3013 4581 4536 4557 67 3303 3032 2397 3907 3357 2980 
3494 4633 850 4416 2328 942 3345 3528 3503 2087 402 3197 365 2696 1471 4325 3474 2183 
3210 4872 4532 2679 2182 1563 4934 370 4204 2525 3593 306 2316 4830 3075 1626 1915 1089 
87 879 3351 451 4030 1149 2618 3511 1285 1357 1932 4696 2029 4856 2674 2426 2812 4340 
3635 4878 254 2306 1829 2680 2416 4450 3017 1324 4425 3525 882 2098 3644 246 2026 515 
700 3993 1259 4731 815 1179 2250 3268 49 2694 4075 3254 449 812 227 1193 2693 4043 
3620 290 3758 1523 1675 2679 3766 3974 4697 3236 4473 3308 1603 1438 298 579 1696 3009 
3618 3743 710 3161 3562 1877 1802 4845 4133 4503 2440 3458 226 1672 452 3306 168 365 
4866 4374 3060 3215 2789 983 4083 2968 1381 2237 4104 699 1013 522 1136 90 2060 2612 
3263 1174 4421 482 2820 385 1889 3538 4599 3027 2774 3905 3223 1585 4558 3746 84 1682 
102 4538 3949 2437 3727 2927 4785 2691 1807 1186 4327 1929 2691 1343 4053 2629 32 4173 
195 4695 327 417 39 2333 3891 4299 2238 1153 2998 1942 2840 1782 342 4816 4387 441 
3173 2082 1039 3555 340 1852 2553 389 2276 3637 294 2686 1949 1355 4858 3572 1314 2147 
3152 4788 3912 2054 2669 4741 4317 2392 3113 1260 4787 2024 397 2610 1084 1259 465 4455 
4112 4327 4652 1932 4314 674 1202 2598 2002 4006 62 4206 4722 1745 1875 54 907 948 
2537 4757 4270 1582 1490 919 1240 4657 1941 3872 690 756 1434 3523 2017 4838 3437 3118 
4587 1645 2320 3154 1639 1971 3614 3911 4463 4204 4501 4869 3950 2910 4571 1945 510 4010 
2034 1579 392 4378 4840 2540 3624 7 3283 4302 3996 4108 4849 429 564 2956 4618 4164 
3324 82 1228 133 357 3762 1932 935 2412 2529 3653 2338 4881 1048 3427 3100 3607 2216 
4264 802 1133 2753 628 4111 2675 2999 116 3074 1231 2194 3415 261 2788 2019 2739 2630 
3784 4438 1819 1373 359 2905 3484 4130 31 525 4779 1103 3695 1812 1456 1177 1659 2756 
1926 467 2130 710 2858 654 3535 2219 692 4012 4782 1904 4940 2411 4892 617 356 4290 
4510 2217 2092 2932 994 3911 4318 1582 258 1579 3951 2230 3143 3610 2378 467 2206 1439 
4307 3185 2950 2893 2094 4828 2408 2818 3617 4854 1725 1741 4389 4245 2408 4721 4291 4193 
1634 4111 1582 288 1667 4792 965 1873 4623 4703 3855 3306 4702 3535 3777 3116 2546 921 
804 3432 3048 3974 2982 4892 3002 2 2346 4500 4360 4445 977 4693 745 3586 1460 4309 
2781 1514 4580 725 2824 1630 2442 799 4645 4646 2114 2486 3974 1864 769 2525 1478 4515 
4344 3140 1599 790 4516 2674 3802 958 1618 809 4346 4761 3364 2597 1845 4393 2716 3355 
1057 4790 171 816 1522 530 4366 4583 3000 4826 4419 2071 4060 2766 2898 4356 3239 1564 
2189 4656 3807 2363 885 3018 2116 2233 4189 3000 1849 3644 2143 2602 2591 3346 3089 1199 
1061 1107 2888 358 3447 1701 3514 3987 499 745 1909 4684 3236 1408 4830 4753 334 1478 
2302 1999 2847 806 2854 4025 944 1289 4461 1036 1014 3049 1447 3388 500 1103 1180 357 
2315 245 3420 2776 3894 350 3275 2251 2828 3275 1368 4471 1178 2976 4782 1587 4287 1235 
3344 3088 3810 614 1693 1863 789 3734 1542 3652 2811 1494 1537 2400 3517 4868 3277 3488 
4357 1177 1570 2590 349 3599 3430 4889 4032 739 1537 4082 1319 302 1026 3928 1833 2246 
479 1337 3722 4356 3771 3588 1118 3290 836 4880 4174 1723 2515 1327 2441 2995 2106 3060 
2303 4560 2201 1319 1374 4148 3245 3691 394 1952 268 4268 1976 3683 3577 631 628 3416 
1935 1974 2171 4955 4170 4612 4183 4326 310 3807 33 2378 2330 1961 2629 1037 627 3687 
481 2804 2110 3508 2404 4403 2721 2992 1984 1348 1556 4547 1829 1400 622 4555 3945 2952 
1518 1432 3934 3759 2556 4379 4017 1132 3920 969 4583 2936 4435 588 4741 4873 858 1718 
10 3047 2228 403 2430 4114 1447 68 2535 1951 425 4935 3589 371 4537 1003 2212 4708 
2001 837 4939 4563 1787 4866 3116 1161 3197 4152 4249 4756 3150 506 2606 762 3609 1492 
2828 4717 4430 4354 4771 3068 3213 1379 61 2114 2683 3490 4147 1723 931 4621 3262 1009 
2035 1260 3 4697 619 407 4025 2006 4555 803 2851 4864 4248 3212 3940 4385 446 3223 
3779 1352 1914 1618 4826 3871 1844 872 333 2097 2689 86 146 4839 3604 717 539 610 
450 1558 299 4102 1060 2436 854 1374 4728 542 922 2968 208 3086 1087 989 993 1627 
1293 2849 2738 3684 1781 2392 2180 2244 3228 1044 4641 2174 2243 2858 4897 3591 1305 1552 
264 2388 4887 2445 537 2221 3301 1327 3751 3194 3378 1091 48 1606 2613 1039 1813 509 
4500 3324 2878 3667 2134 4238 4620 4420 1228 3115 2696 1927 17 1629 4233 4402 2483 4085 
791 4054 3943 2323 1457 3475 4781 4821 2445 2670 1746 3502 3339 3866 526 1008 2650 3391 
1413 4490 3024 394 4331 262 1179 2910 4643 3874 3677 3737 66 3076 873 883 4837 1007 
4667 3816 4683 3786 2612 4858 2889 4293 956 495 637 679 1083 3393 1590 313 3342 2640 
1198 4208 870 1834 4727 175 4791 1882 2159 3596 713 741 765 2901 3763 3213 4666 1203 
356 62 4545 3367 2102 988 3981 57 1041 2384 4497 2650 497 657 2529 1950 2271 2836 
4877 3496 1318 4904 4828 378 3511 510 1524 708 4460 2073 4552 1164 3814 2796 2585 3696 
3603 497 3072 530 2748 4495 3677 4517 2163 3071 4398 1540 90 1798 2435 2072 2108 567 
701 2120 4741 3919 1240 308 2910 192 2646 576 3529 3435 1475 1264 2949 3185 233 2069 
3003 846 725 921 4370 2913 3635 73 2129 4783 3526 2186 126 354 1367 2735 4069 2772 
3782 2272 1617 147 1654 3086 2272 2281 3495 3412 4385 703 3543 406 4533 1613 2529 763 
124 2031 1691 2169 487 2655 3475 3556 4318 1039 3596 2902 4247 542 949 2037 2303 4306 
4141 4039 2861 1762 4440 1097 264 4439 2245 1787 4290 3068 1772 4837 2241 2434 1517 1910 
1619 3668 995 242 347 778 1498 3190 1238 3325 1477 1633 439 4359 3208 1458 3103 1814 
4455 818 3517 1300 3448 4755 4723 4466 697 2006 3383 2041 2210 4936 146 2588 3280 4426 
640 4698 3112 4833 4787 2312 3974 4122 4377 2235 2987 3310 2013 4146 594 1196 3077 4325 
4540 1458 2875 3537 4308 377 515 3596 1086 4650 3321 2997 2030 2620 3154 2201 1103 3930 
2126 2567 3221 1093 4083 2995 138 4362 4464 697 1790 1192 488 3605 1550 1519 2576 291 
1979 1372 897 1790 2087 2489 3729 2851 2363 3994 2957 3283 2593 3323 3851 1627 2333 4457 
2341 2108 1998 4912 1110 3024 1367 4855 3025 4773 2322 3515 630 4729 2831 1564 629 3670 
2296 4385 3350 4924 1709 776 3847 2462 401 1252 2319 2520 4514 1110 668 492 4056 3290 
1447 1727 3388 1878 98 2287 3239 2043 2919 4835 2017 4071 2886 1786 499 4898 117 2732 
2842 4549 2540 1514 901 1577 3642 3056 4638 841 903 2440 1030 3386 1769 3187 2123 151 
970 610 3573 776 2366 1426 4244 3025 4396 4678 2201 295 2369 2852 494 4104 45 834 
1605 4805 4585 1145 73 989 4421 2210 2058 2748 3177 2472 4870 3358 4911 232 3739 4770 
4078 374 3953 4491 1571 4131 3801 1578 4340 4865 2822 2060 4928 3435 4598 4872 4094 1294 
2995 4479 3428 1013 2767 4845 3107 3512 2093 2559 3775 4039 4617 188 1806 2923 1279 3778 
784 713 2264 4958 4384 2531 4365 2393 2566 4836 769 1606 2248 1336 2078 1306 3264 2497 
4295 3756 1779 4793 1947 4804 110 1878 462 3977 4299 1773 1913 3491 248 2249 3870 2293 
4362 371 302 811 31 4669 4747 2234 4130 2553 2883 4035 3319 2061 2029 2957 4779 1602 
2675 2514 2852 2701 1154 2820 603 2776 2330 748 1956 3622 1519 3923 792 1261 3810 4419 
4061 342 1957 3971 110 1850 1915 3998 1118 4278 2999 1012 3444 4186 3728 4468 1686 531 
3054 1297 2994 1170 4413 3236 4689 2499 1487 1788 2908 3018 4299 926 2248 4619 2649 1892 
4294 2949 86 62 4933 1970 1116 2793 1214 1444 1000 2538 3599 2459 1654 706 2859 3959 
3123 4210 4519 3208 2011 3066 2022 3545 3935 2654 2465 278 1260 3167 366 948 2610 580 
2784 4017 926 4083 3456 1281 3892 3588 3727 4909 913 1052 4885 3739 4175 4248 2205 1153 
3802 727 2436 3440 3148 2620 2502 3540 3168 1686 2449 3033 1713 809 2258 3380 2718 4147 
2228 1604 1366 2978 2956 1677 2913 1560 2864 2293 4349 2679 2931 1696 4245 1987 3416 961 
2283 3949 3366 4035 1116 562 2578 2737 522 4538 205 986 4468 3721 812 3318 2887 2093 
2671 3921 82 2925 164 4535 4255 1625 2380 805 437 2419 4604 2292 240 2158 4908 1824 
3510 389 1508 3904 58 2692 4654 2540 423 2111 1180 2990 436 3615 958 312 1083 4832 
261 4584 4761 2392 3951 781 205 197 4749 3355 3477 1552 4932 2789 4371 2561 2247 3893 
1718 2419 283 1085 1534 3326 1065 4111 1590 551 3727 4008 3494 2523 2779 2897 1282 3748 
4144 4139 4104 4322 4385 2410 2405 4155 2461 1801 2841 430 4290 2701 4799 1291 298 1059 
645 2650 1051 2247 635 1000 2800 2041 369 944 1295 166 1566 3006 1952 4934 713 348 
76 1006 4776 3055 2299 2337 2324 328 4116 186 4481 2794 4853 4503 1824 1761 4824 2594 
1135 3378 3747 1379 1805 432 1323 2789 2344 1160 1689 3364 3320 4586 1031 4933 1675 630 
1083 2359 4564 2413 3674 838 255 4145 2269 1096 3603 2894 1194 1978 4700 3333 4713 3225 
1609 2402 1029 4744 739 3668 2674 2723 2347 2287 3750 4523 1877 2824 4795 333 1708 3157 
2789 3547 3453 4578 4405 2652 4208 1910 3264 3763 577 3616 2392 2443 2479 155 625 1466 
1721 3931 1353 3853 2575 2163 2746 3356 3362 3171 1555 89 2271 1215 2433 1860 1727 3726 
1349 4304 1961 343 4703 4692 253 4481 3137 3826 3757 983 1027 1751 3988 4494 3238 1197 
3313 2914 1419 4234 2226 3490 2557 392 4214 291 4783 1502 3431 4133 3648 502 916 542 
2917 1214 87 3449 221 900 1218 581 2809 2661 828 1483 1987 1756 942 3450 4735 940 
2445 3722 4800 3983 2354 433 3592 1435 4882 1590 1197 4393 3352 3716 4518 2025 4556 1593 
2281 3328 727 1133 1998 3558 2223 811 1681 1611 3405 2615 664 134 1375 1108 215 4198 
3423 4857 1428 3863 1453 3252 4347 2757 4246 3078 2881 1038 4124 3084 1864 1899 3425 685 
2901 36 831 4954 1450 4072 4943 4809 4372 2264 1520 3455 4516 1741 2655 3996 2819 4743 
4111 825 4444 3223 3088 2386 2813 2389 2524 61 3752 1263 3086 2169 3727 845 20 4586 
3145 3801 4881 540 552 1787 4380 927 3310 792 2183 4564 3397 3039 4710 2154 2958 1736 
548 3980 4900 3903 3920 2778 2585 4667 4229 2855 3655 1743 1104 3044 2717 828 2037 1759 
2952 3855 3779 2004 1863 741 1432 2628 1903 540 3827 3430 2312 692 4418 2110 488 437 
4106 3634 1439 293 1252 4504 1711 4246 542 1207 4569 3688 3943 740 2713 2751 2713 3947 
3743 3925 4808 529 1361 2439 2943 2124 4838 923 3589 1346 3749 447 1332 1145 204 2201 
1729 3995 1578 740 4394 1994 1784 728 2885 1396 3204 2505 2485 1545 1110 2694 2284 1880 
222 1356 2054 1002 3599 3071 4030 3706 1165 3791 2773 4391 3500 4887 1408 2204 74 1809 
3379 874 1185 2069 646 1133 245 1049 539 453 3180 2463 438 662 1337 3553 1205 829 
2892 3410 2944 1081 4620 536 2639 4032 2291 344 2437 4421 2721 4683 1267 4679 4104 1262 
3801 4153 447 3569 1598 3317 837 3409 2333 1513 4838 1895 3177 2076 4231 2286 2435 3583 
2346 1855 3596 750 687 3619 2078 70 3455 1986 1527 1024 1022 1967 4204 3779 2833 2333 
1797 4492 590 3960 4323 2724 1175 2649 1402 4150 2206 1264 2156 16 2204 2069 2203 3019 
559 2105 1618 328 3616 2374 3978 4587 3585 2134 3588 1948 639 70 2596 921 950 3993 
1566 49 4039 817 1425 4907 1379 3919 1145 398 2874 3523 4821 1353 402 3888 1501 2402 
1069 29 237 2746 952 1167 2595 1029 2310 1259 2031 2083 4421 2389 2430 3691 4091 1743 
1408 4955 4098 1655 4123 940 607 437 2443 273 2284 536 3307 717 4764 3716 3456 4857 
1294 4697 1240 4726 812 1675 130 1279 550 474 12 4572 4054 3415 1993 2535 677 1533 
4093 226 4574 536 1400 4288 1998 4633 3322 705 3852 1424 2579 272 4752 1287 3375 289 
1784 1272 23 2796 4302 4791 1832 1413 996 1206 39 3309 3708 3024 2714 1998 1993 3593 
3506 729 1088 2787 3153 1084 2905 1767 1768 3523 1360 2290 1399 3025 4868 3904 636 402 
2006 2299 4027 3937 2130 896 3994 2453 3339 2958 2920 4289 4878 4318 2924 4022 4051 1150 
3947 2229 3546 4183 908 3054 218 3271 1215 319 3068 1849 3041 4425 4549 306 1958 3207 
3695 3629 48 1094 92 1292 432 504 4498 4547 2079 374 1636 1134 2386 4174 3224 3461 
3326 2295 3152 1108 1466 1504 4420 3578 3987 4917 2151 3807 763 3571 2377 541 4697 384 
4752 4575 1677 1038 3538 2558 4394 3415 666 218 397 970 512 691 4220 2537 1008 4841 
3589 531 919 4928 4687 3820 709 107 4954 2233 2688 242 2049 3778 1912 1756 2278 3789 
69 651 2858 616 4915 4491 3885 2112 819 992 3670 588 2762 4170 2379 4653 3971 3094 
4554 4335 1303 188 4187 2871 927 4754 4163 506 4278 1611 1172 2464 3287 4076 2150 2948 
1028 1207 3235 3136 2750 3639 3050 902 285 106 2265 4438 4014 3234 535 4617 1756 1737 
3111 1143 3868 770 1564 3178 4881 4609 948 1912 2168 1255 4304 391 1702 3257 2995 1975 
4696 3510 3750 1901 1008 4408 4396 3999 4720 3927 3955 3098 351 2042 86 3540 3325 729 
1613 3682 104 45 299 810 1484 3913 1691 2724 3792 1155 3585 4122 411 347 2661 3824 
3188 3049 4829 3719 4765 1209 67 1529 399 930 1906 183 3105 8 784 2043 3400 4480 
1229 2795 1615 3791 4192 1975 105 304 2957 2606 4166 1290 4355 3534 4495 1528 2354 4631 
4075 983 891 2282 473 1269 4501 1462 4789 3103 4048 2847 193 1334 2671 3378 960 3141 
1684 2942 2725 1018 2792 258 4400 4479 429 1361 4894 656 4057 510 4092 4341 2489 4653 
3413 2025 3016 2636 4575 1926 2033 294 2410 3334 3176 2017 2479 4165 2725 963 7 592 
3411 1100 4766 1704 4040 3414 254 4558 4408 297 3256 4338 4096 1314 3221 3774 2159 4543 
4147 2156 4184 125 4723 4895 962 558 4330 3914 173 3221 1744 4697 2649 4647 2176 179 
2259 1618 247 1120 2790 2448 3000 2574 4411 561 4762 1199 2679 4842 2500 960 774 1985 
4319 3664 4746 1071 1175 2785 2386 3820 325 4892 1304 2909 815 195 2887 375 2156 2360 
760 1357 705 3219 1500 2306 4894 970 2272 2199 347 283 2733 2040 434 3424 4774 1485 
2771 1808 1857 3356 3253 2853 3708 133 491 3565 1255 3643 2818 528 3067 827 4119 2861 
4068 4566 551 1453 685 1636 3189 2091 3262 3505 1344 1527 147 136 277 1023 1346 2838 
1673 4943 2470 1061 1493 2082 3870 2751 4578 660 371 2356 1483 1560 1364 4430 216 490 
3865 4589 3670 2292 3090 4636 3333 2255 1743 4123 2962 3668 1127 2019 4104 3527 350 2728 
647 1563 188 4437 3690 1128 2892 1417 2729 3586 4178 304 3671 207 1006 1047 4786 397 
1925 2457 631 534 1170 586 4375 3856 3244 4091 1803 1824 3538 1998 346 826 427 1409 
836 1459 2574 961 3288 1212 4702 818 4123 4498 2216 3787 1865 2150 3608 3169 1036 936 
2466 12 2662 4140 2485 3695 2017 1365 3105 2311 289 1747 3299 4249 398 1881 3918 4572 
2257 1639 272 1694 3663 4785 1132 4175 1495 3204 1642 554 727 786 2783 1628 2456 4377 
1988 785 1054 2137 2370 1197 661 4925 3291 391 667 795 1173 541 2105 2255 262 505 
1344 4789 2877 4123 4368 3655 1016 1951 1893 2570 122 1137 3727 1127 2367 2224 4322 2189 
101 3534 1377 3204 666 4292 3721 3917 2433 3511 4937 2247 2465 4174 1533 4852 1175 3164 
2494 2703 2041 365 4141 425 1245 2193 2571 4511 2922 1433 2988 1070 760 2727 759 717 
2676 574 875 4852 310 4013 3580 2952 1779 4369 1977 3782 1322 2333 2101 3139 4478 816 
1675 3297 3023 558 835 379 4435 1265 2504 819 3071 210 1605 2375 3358 2313 3587 1448 
1411 70 3260 3155 4418 2902 2358 3131 4253 2193 4194 1079 730 2313 1730 3216 720 2296 
3950 4905 4143 4241 3401 1126 975 2852 137 1723 1784 3050 1906 650 2857 4552 2909 4048 
1763 1286 3254 3927 1337 1396 193 3898 2847 1803 2372 322 1059 2538 856 2605 2726 527 
1506 1383 4523 1029 356 4637 1060 1486 1832 3513 627 529 2853 2825 3623 2250 2401 4512 
2468 3120 1292 2150 1245 2645 195 1714 3516 4621 4625 444 35 1243 1954 2120 3884 951 
4384 4071 492 717 1343 4904 2984 4847 418 1122 1804 4941 944 896 4727 2616 2921 7 
4155 1755 3328 237 1063 4795 864 3010 4316 3656 4509 2318 1223 4668 136 4956 3363 2590 
349 3588 1468 2798 3460 3564 1798 1183 2393 3760 2066 333 3780 1714 2123 744 492 2747 
1031 1660 3231 8 1791 2686 2726 118 3379 3143 2290 1511 2398 4519 4815 4188 2578 1752 
285 555 458 167 317 2726 870 3341 2077 3435 3940 1416 2724 3442 145 4673 1328 2510 
4208 2311 4909 1922 4004 2614 4078 3960 4538 3156 3723 1870 4551 2073 1888 2179 3546 404 
3487 66 999 4938 276 646 251 2577 2537 3700 3038 2625 3957 4848 2505 1093 370 3847 
3196 3858 4475 4273 1786 4950 4958 767 1990 1157 3902 2353 3641 2514 973 1606 1700 439 
25 3431 1872 2333 4475 4717 3645 3316 2469 4935 4954 434 3042 1783 3804 1725 3687 4392 
4615 2344 668 1528 410 1951 1084 590 2652 2071 1448 2206 3899 3000 2532 3499 2763 3024 
2442 769 24 1976 541 210 4901 2809 2292 1101 380 1727 2135 2746 1814 1362 4105 4861 
1322 3880 140 2320 4298 540 2018 1526 2970 3739 332 2192 962 2358 1552 499 1435 3608 
2284 4010 494 783 326 416 3270 3574 1133 579 689 4566 2159 3546 628 607 935 2092 
1592 1361 1817 2819 3904 3713 950 1520 128 2914 3408 3548 3308 1434 833 3781 1135 132 
185 300 1142 3110 1882 2321 986 900 1150 574 4040 4227 4897 1020 1273 2548 3200 935 
3762 147 1690 3801 2010 3135 1445 2062 3940 2825 1188 3660 4776 4812 3252 411 166 1306 
2567 4064 1100 1365 1873 3683 4117 784 2784 3352 3084 4835 2705 3465 1109 1043 2627 2658 
2304 2534 3301 3712 90 1188 1264 3156 155 253 1630 1170 3076 1822 3347 1142 3600 4099 
2213 1524 2614 799 2788 1390 3507 1682 1207 56 4024 293 3863 1589 3 3929 2744 2682 
956 2342 2813 1448 792 4956 2815 779 799 726 879 376 837 699 3505 1711 4464 4879 
4196 122 3320 2022 4639 131 2619 3914 4885 828 3936 4249 2550 536 4174 1269 4820 656 
140 4035 4719 1963 206 224 3253 2403 1731 1932 4892 2817 883 1868 4789 1091 3427 3951 
3108 4493 2459 4683 1498 872 684 896 98 2286 909 621 2238 3751 1657 2821 2960 2021 
224 2415 3794 1399 2017 1596 3209 1773 2974 3689 2038 3569 2829 819 241 144 3912 260 
1186 3156 132 1355 1936 148 3748 3094 1902 3481 454 1573 222 3817 3146 2264 593 4828 
1541 2019 4119 3407 2138 4470 632 780 2951 1171 2089 732 3524 1390 115 582 3853 1204 
1577 3532 1104 4599 3416 2016 2555 239 3386 566 4552 2302 4606 3036 2520 4589 4650 57 
1138 2399 2021 2467 4735 4642 4896 2770 39 1461 1140 3930 846 3942 4726 2721 62 691 
1913 4750 3187 433 2641 628 3734 256 4359 3822 3898 4460 1193 4304 4748 3073 761 1131 
921 824 3892 3565 2065 2318 4268 2003 3245 528 3409 2413 3328 2264 1891 4319 693 3750 
490 3669 63 4347 2034 3766 3724 4796 4312 1822 3184 4043 1021 2733 4098 3390 3278 4182 
531 4399 1350 4053 1686 329 4277 1851 3910 4570 2711 3373 1529 1203 167 1319 351 1179 
4946 4402 2303 2014 4303 761 4904 2730 3939 743 1989 329 38 939 4073 290 3156 2715 
3941 935 2808 1258 2037 2892 4140 3636 182 404 1638 3496 447 4399 671 1393 2544 4263 
1451 1722 3988 1766 4891 4349 3403 3132 3736 430 4737 1999 86 1222 557 2338 930 1047 
50 782 2690 964 2402 3630 1380 3586 3956 1052 4733 1357 2563 4068 2804 1384 4866 4162 
4077 4272 4702 1118 170 363 1956 2404 2817 4205 811 1060 1328 2257 2816 4278 1406 2369 
1006 3043 2656 3885 1103 1771 3424 4431 4702 3168 3552 4683 107 95 1261 831 3086 4750 
2064 207 2609 3432 805 2292 3573 1052 1745 4120 1205 4446 4867 1206 1968 3114 4477 2359 
1185 2053 2822 2124 1734 327 3228 1709 860 1177 1326 561 1087 4351 1750 821 1805 993 
194 4845 3874 3153 4341 2385 3576 502 4001 4699 3638 1336 3110 2655 1718 2927 4488 2572 
3273 2218 1752 1069 1409 1016 3537 2484 944 324 3987 167 2026 4321 979 1743 3725 2373 
2633 74 2741 4421 4193 3720 618 2412 946 630 4857 3460 2337 1900 713 1583 1224 3102 
3835 840 238 564 3001 3467 1129 4574 3088 1051 2718 816 4752 1683 1783 995 1748 4422 
631 560 4514 493 803 1020 4034 4415 2580 2163 2435 1928 3077 709 4157 2933 2622 3206 
1597 898 1108 3855 3937 2807 3947 291 1840 4807 3322 2578 4232 4820 4906 256 972 2114 
2345 4000 2791 2070 3999 4919 1567 580 2664 3405 4533 3263 1297 17 130 1585 4563 4050 
308 3077 1130 3683 1377 3530 1461 1920 345 1381 1671 3897 3867 3357 4291 2473 1134 371 
206 1908 2430 2540 136 1594 590 1833 2568 464 859 296 437 2892 3111 3035 4592 4274 
977 1500 497 1592 807 391 4466 1764 3473 3297 2979 4580 1871 1072 1822 3287 225 1311 
1738 3962 636 210 195 1681 282 4705 447 4833 244 647 1136 1727 984 4511 4234 2923 
4717 3292 1341 662 2314 3923 133 4500 1242 4333 1063 2180 2299 1324 1384 4015 3569 3214 
525 1779 4612 3228 4182 3290 2256 2694 3048 166 949 1724 509 4514 3569 1704 3549 3630 
1543 4397 4095 3732 2490 4449 3026 4572 2417 793 1234 3549 1894 3654 1090 4074 2135 3287 
229 2739 1717 4272 4094 4598 4508 2706 1190 3140 3051 3169 859 1557 1208 3601 4663 1775 
1540 1920 266 2468 869 4863 4294 3045 461 1852 4860 2801 2192 3122 1575 64 1877 1450 
1453 1185 693 4642 2803 431 1528 840 2799 3885 2782 3514 4098 3772 3494 1497 1688 2837 
986 3803 3141 251 2127 885 662 1392 2688 3259 488 1714 3373 4748 1071 1016 2970 4752 
4166 3006 896 1849 698 24 2680 683 302 125 3704 1117 4141 22 2781 1623 9 507 
370 2554 3984 2342 4070 3586 4194 4178 2257 461 3187 2857 4165 1513 72 655 3855 3066 
2680 3274 117 3157 871 618 2602 1562 2078 4715 3168 479 560 2599 4733 1416 474 3178 
1889 2715 1606 1235 1733 198 3121 3671 3013 1731 2140 1337 3578 3818 306 4688 2724 1317 
1909 474 2912 3877 1482 3703 4678 482 279 66 415 1855 1386 1008 1516 2101 3849 3790 
1270 63 3537 3900 161 4881 2692 2566 3030 2729 1023 1239 3219 4521 1586 2595 3977 2611 
4327 1925 1655 4662 4770 1580 470 1542 138 788 1283 1174 3812 2943 4704 3687 2789 3380 
851 823 3264 4161 2823 2035 2641 2398 893 2969 2438 2029 3005 4750 947 3188 2776 2771 
3311 98 1336 688 941 1690 387 130 2675 3841 4068 3566 4166 4862 1220 4489 1025 912 
4469 2806 341 2793 3970 3594 4543 3571 3518 3490 2608 4745 4844 1325 737 2601 2702 3839 
3713 1993 3049 2703 888 408 779 181 4594 330 4450 2188 3774 4353 3793 2375 2660 4846 
3480 4524 2480 2778 4802 1037 877 2678 4563 3765 1905 2879 2558 3574 2087 2653 694 2761 
3049 186 3932 2469 1700 1433 3538 1936 1075 4371 4643 1165 3448 3589 3635 463 4026 824 
572 4423 3815 509 4096 3294 2026 690 2243 184 4123 25 1026 1825 3488 2135 2971 3806 
1398 1955 1208 1204 3149 2959 1152 3440 2155 1644 4036 3319 1938 551 4753 3729 4491 4798 
2702 1789 2144 248 2393 2968 2719 4887 2418 397 580 1843 3856 949 659 1254 505 1452 
350 3179 2548 2036 3949 2991 738 3078 4061 4875 3403 469 983 408 3509 3388 24 1995 
1575 4859 3287 4585 2026 2574 2347 4214 1650 1749 3284 3345 3872 1106 480 775 328 600 
4413 2671 1949 2416 2444 3698 4023 376 2667 670 275 1064 520 1284 4191 2502 607 3585 
2646 4624 210 3849 4211 548 1230 1514 1408 3834 274 1140 3952 3109 3145 4959 1114 881 
4162 4100 3901 694 4080 651 3183 848 1841 4737 1651 3272 186 570 4 4243 1149 4410 
3970 2674 3210 2353 2450 568 3809 1175 2649 1326 3025 1690 1754 4605 1860 4710 312 4848 
3272 1518 1559 3921 1609 4143 4671 2337 4912 3792 2609 1531 895 768 4326 1748 384 4680 
3202 4886 2590 1313 522 4712 2293 2775 4651 3786 2857 3884 4343 1960 1137 3212 1609 1659 
4300 3810 1050 258 333 2872 280 1768 2612 4793 361 4815 4509 1598 1399 1995 3304 3378 
4419 2657 2966 2930 3431 2813 4564 845 4226 533 3139 3900 1908 4199 657 2079 2258 4519 
2383 1692 3650 1729 968 986 1187 3401 1124 4572 3749 981 256 603 2754 618 1998 986 
3955 2170 4238 162 679 2250 1460 1655 136 1216 1936 2332 4310 2752 4389 4123 2241 4269 
358 3138 2528 3747 4939 1445 4843 2822 2127 2317 1589 1306 1634 2269 1696 2362 4341 1784 
4213 1685 2036 2487 416 2593 3167 4319 1422 3910 2410 3369 4481 845 1932 3099 5 3775 
67 4631 3796 3008 1294 1905 880 3312 655 1701 2279 2757 652 3620 4656 3610 1730 4915 
2251 2221 4303 2956 3958 1807 2871 213 2976 178 130 1201 2397 1577 2245 1133 1051 2227 
2164 3187 4553 2494 3231 2761 4287 1921 3340 3064 646 747 2856 439 162 4380 2193 4501 
3611 1094 1894 4073 756 1285 3342 4533 3846 4263 2392 2249 412 24 1840 3762 4257 3281 
497 1834 1126 4562 881 4262 1289 4404 3973 516 200 3440 2275 4042 1081 363 211 3314 
2516 3061 3693 546 1429 4673 1606 3135 4477 918 3183 261 2744 366 647 2618 1745 2286 
4090 451 430 2048 3549 4425 2152 1688 2006 3629 385 4290 2477 3137 2064 244 932 1889 
4115 1573 1249 884 3855 2564 4941 2725 2949 2716 3350 235 2594 3652 867 4066 2498 4756 
794 3190 1393 3980 933 3982 4161 4654 1320 929 921 1193 1809 3773 1775 3561 1519 28 
2108 3346 1371 1110 1160 3833 1401 325 3294 625 1357 2019 4670 270 2808 1963 2771 1567 
3792 1180 4389 348 660 2272 2366 608 2594 1982 4081 3809 334 1888 1594 31 2326 1054 
1701 4809 3336 153 2014 4534 2128 3689 1450 1514 2071 1813 4934 3998 3718 4215 1444 3769 
2887 1523 1801 4503 4836 2532 1683 718 676 2858 2884 397 4254 3548 4114 3839 3059 2410 
2176 2655 3763 357 1381 2264 4039 4914 3066 3388 3659 3260 1103 3230 2369 2146 3724 4186 
1563 4156 3958 602 3882 2515 2687 1669 901 1504 2029 2102 2139 4515 1457 1378 3451 3150 
1628 1026 4370 3214 355 2529 560 2631 3997 655 4172 2959 3842 747 3844 4462 4369 3841 
3127 3915 2451 3143 1220 3101 4429 237 647 1317 945 1097 4476 3306 2943 2371 1318 922 
4053 1106 869 2024 4272 229 4798 187 4460 1137 4523 4184 1281 3136 3013 668 622 885 
1810 661 1411 909 1875 124 307 1409 1717 63 4386 1548 200 1881 1940 2609 3701 862 
779 4137 1904 782 2452 3605 2569 3289 1767 4387 4489 2203 82 1267 3382 3171 4032 3995 
4402 4105 3426 1730 2355 2832 4581 4926 1693 3467 1789 3447 1542 3803 3050 3804 4924 4112 
508 3737 1465 2346 2146 4566 2538 610 1099 1007 4132 1282 2911 1591 1251 3998 3392 1530 
714 4220 218 4711 4465 3852 199 3191 4944 1544 4315 65 4117 2886 4219 4211 4803 2922 
250 1622 2767 3793 1853 4405 1616 3377 4611 4696 3761 2126 4651 2527 819 670 1614 1414 
301 4391 2252 2174 3720 2174 4481 2671 2180 1627 1692 4608 4196 3909 950 1577 2171 1905 
408 3648 2022 1792 1520 2052 994 1888 4426 736 4253 140 1575 1439 2262 63 4493 3991 
2954 1893 1799 4883 2988 1942 624 3962 1700 4523 939 4549 860 3559 3181 4695 3642 3466 
4494 513 4687 1699 4026 2541 3079 997 2967 3692 2976 2664 1637 4059 3815 2884 3969 1321 
3974 239 1047 1158 3229 146 2759 2311 3616 4881 4769 1674 1538 2326 2879 2275 1660 1187 
4558 253 2501 4249 370 4865 2693 3457 1952 2371 764 1359 418 4703 3129 1263 3832 1545 
4918 1409 4690 2216 327 3487 842 3384 1761 1009 595 936 1100 4123 4820 776 2770 3086 
2880 149 1161 3492 4450 4181 2485 2747 519 4174 186 3833 2420 3505 4362 980 1442 230 
4762 4815 405 1473 3376 3510 3159 2150 4635 162 110 1209 94 2551 1524 3629 146 3595 
2963 3702 1129 1084 1508 3890 873 378 4587 1535 4045 4884 1224 3601 945 3433 863 957 
2357 4247 4765 1000 3547 479 1776 2828 2509 3997 2587 3662 3424 167 4455 3483 806 2059 
15 1980 2394 2777 3830 4149 1348 1223 912 2481 3847 4943 1337 1239 720 928 1433 548 
4444 1465 80 1831 2120 3704 3481 4186 2561 2764 1031 247 2651 2202 579 983 4693 1042 
2859 50 4001 52 1538 869 1208 1286 1577 4418 1811 3141 3013 895 1290 3310 2975 1101 
889 1335 1790 3123 3395 1490 2350 998 2791 2164 1373 187 4942 2896 4890 3081 1369 4763 
2066 4318 226 2261 3784 4821 269 1287 47 638 2943 3997 3796 1743 176 1755 4923 2752 
4457 1411 4556 224 2958 3918 849 126 524 4105 3352 3837 2944 4402 1662 4582 2994 1280 
2404 992 1699 3334 2483 2577 753 3869 3321 2600 4700 3717 955 2776 2346 2330 919 4414 
2664 1024 808 380 920 1825 2030 2231 1171 475 2815 4200 638 2000 165 4901 742 2605 
3587 2226 1589 4353 4578 172 4805 2558 3320 1180 2712 3808 4064 4297 4866 4882 1147 3964 
2825 1038 72 1147 223 993 2199 2289 2210 3217 998 3092 1196 2945 436 117 4152 4599 
165 314 1425 4153 4186 4625 1257 4192 3845 2703 4542 4193 3222 4949 4048 4905 2682 896 
3271 3559 263 2432 447 481 2098 4927 2377 3450 1025 4362 586 2729 3531 692 3169 4272 
2432 4273 1648 3859 3062 496 4610 3849 4665 2327 4816 2875 747 4937 3766 3367 3369 744 
2948 3057 2137 763 2895 4687 1464 4805 2034 1076 1510 104 2540 4646 334 1408 1465 2283 
2722 795 4185 3640 325 2519 754 4396 2896 2834 1595 1547 558 680 2240 98 167 2797 
3464 1393 2276 2121 4357 2874 3458 105 1868 3725 2224 3304 2598 1102 3470 4204 641 2867 
2087 612 683 2843 3612 3479 2701 4471 2686 210 1042 188 4386 1765 3030 1679 3577 1851 
4856 2102 3549 4943 747 1779 1308 3910 1152 1152 1478 3420 2346 944 1986 3453 4018 238 
3341 277 2084 3352 4282 455 886 1479 515 4203 408 2375 2082 4767 4472 314 1424 2273 
45 2251 1201 1644 3583 1894 1002 1375 4686 4914 3974 3163 3630 3451 2563 3537 685 3768 
3048 749 1789 3480 1681 2161 2523 1231 736 3069 2351 1291 6 3187 3679 1294 2806 1839 
995 4343 1276 685 3203 2975 4357 624 2532 1589 1614 3541 3450 4587 78 904 4236 1653 
4581 2146 2546 605 1664 3266 3148 543 2574 3809 280 912 3887 312 4042 2644 3381 3288 
1142 56 1997 3501 960 4942 4254 949 926 4090 4922 2014 2134 2071 4711 1589 3787 3661 
2536 1991 1712 1472 993 3554 4728 4740 757 4856 144 4398 3892 2265 3043 1056 4249 4769 
4158 599 91 76 3344 738 339 866 252 3357 969 3803 414 2773 3440 3841 4055 432 
4697 2550 2654 4959 2097 3014 3881 3101 1468 4086 2106 411 2965 929 970 272 2200 4549 
3630 4532 3586 2224 2431 2359 1835 2194 4630 4197 4102 544 402 1604 3071 2541 4708 284 
2617 247 3521 2446 3849 3816 3414 4755 165 1417 2570 1133 4646 3979 521 873 3434 1271 
3885 334 269 309 1864 1295 509 31 726 439 1375 1377 2951 2875 4469 2854 3395 1855 
2655 79 1762 3546 2722 3020 1417 1188 2886 2633 3370 2617 2091 4922 699 1107 3147 3431 
4096 320 1823 1689 2470 693 352 119 2335 821 4512 3451 1226 455 2008 4854 2823 4481 
3797 3093 3835 3014 3247 2767 4184 4263 4934 3406 4503 427 608 1304 4946 1524 3183 2876 
4170 171 893 4381 787 757 2572 3660 1897 504 2273 798 2100 1854 276 2168 2549 2150 
4738 2455 1780 2882 4184 2027 2738 2378 4015 597 4914 528 4873 2885 2793 4343 1388 2529 
777 1648 105 3827 4480 4911 2671 2679 933 4482 1754 1834 4236 1797 4794 497 2153 4736 
4779 2836 4558 2880 4890 3851 1154 3836 3550 1453 1526 2822 832 4739 4150 1352 4694 3426 
4173 4140 969 4791 244 1018 281 831 817 126 2015 1542 4405 4548 2631 3225 4396 3343 
932 3842 4688 1653 4451 2920 2331 1373 1004 4374 599 4898 3300 4230 3088 3848 37 1829 
2763 700 2104 641 2304 4432 651 761 3938 3541 3795 2383 1997 3324 215 1079 2657 651 
2753 2555 735 389 251 3883 3044 1795 2623 2513 2423 3332 4778 1241 3506 4370 4634 4297 
2202 4721 2354 2431 1413 2002 2245 730 4523 481 3325 3975 4814 830 2371 843 4317 3637 
2405 1669 1325 3790 3310 3592 3295 47 4339 2045 931 648 636 1229 4554 4523 2309 4165 
2141 3798 4345 3832 2351 4499 4877 669 2946 1918 4522 1275 4957 3949 1966 2173 241 3445 
4159 1621 1423 4679 3114 2621 187 751 4099 4861 297 4059 2773 693 4026 1355 1325 264 
100 635 1654 4061 4043 1143 4029 522 3757 2054 3789 231 689 2724 1358 2155 120 3251 
199 1354 3910 3811 923 1853 1345 1144 1324 3587 1270 4233 3329 1122 1303 2039 4164 1146 
155 4371 4375 2348 3035 4240 1361 4446 724 943 1582 3635 1207 31 1928 241 4739 3271 
4211 4230 2133 4797 3419 2806 3790 793 3026 1942 1065 1005 3507 3838 3445 4790 2074 4448 
2023 1817 1003 2663 2822 2407 1404 2860 4854 3351 2482 3883 4786 1607 403 2505 4725 4144 
776 3620 2551 2984 4550 3897 371 2686 1888 2875 564 2310 2513 417 2084 3791 2734 2712 
3798 57 629 4278 3895 3211 3240 4282 1342 1365 4311 3454 3047 2215 4197 839 4377 848 
3991 2495 1084 2074 4074 1307 2345 4618 1198 3087 728 4178 1298 3694 3167 4039 958 576 
730 3994 4135 677 1056 2199 4694 2954 3 2888 4598 4138 3672 462 339 4478 2221 2168 
1603 2880 2463 1803 1288 2702 1287 439 3790 4319 2357 255 3249 2546 2738 4131 1204 4352 
1997 1595 787 443 940 3646 4522 1509 1597 4766 392 4857 1574 817 3393 2753 584 4794 
822 4276 3476 4739 3360 3360 2908 4191 2914 1135 3067 311 3436 3070 4434 4414 630 3348 
3394 1887 4055 831 2405 1500 3097 3529 1273 1587 241 3945 3720 4392 577 1358 1939 895 
1884 3795 2026 928 4183 4768 4729 2708 3983 4291 4307 2105 1485 1544 4402 1031 3595 994 
1233 1314 4269 2458 3487 2115 763 3562 2391 410 705 4485 870 2186 1946 3434 2697 2540 
1281 1254 1364 2632 99 2914 4948 435 800 4734 4225 2454 3502 1516 4719 2119 4880 4313 
3557 4098 1640 3742 4378 465 4634 234 2660 3203 2344 3551 4240 331 3867 384 2910 3434 
2546 4478 1538 304 4412 2131 156 4030 1248 2652 1922 3587 3234 4904 723 4568 4227 4245 
2528 4581 4799 4287 2090 1358 4607 61 289 2565 3720 4754 1464 1188 3694 3755 2741 1326 
4924 4355 2626 4096 878 1257 2248 3277 2493 3328 1457 2702 3208 4557 4532 408 2879 285 
2840 4907 3309 3004 1310 5 3173 528 317 2736 1119 3669 3835 3008 2809 456 2262 4793 
3755 4095 513 2447 2942 1493 3346 4144 565 4590 2502 3853 3439 1064 4385 4507 2664 250 
3469 2853 920 457 959 458 4616 4383 3453 1634 2235 3745 3770 4206 3521 192 448 3501 
1353 91 206 3343 3948 3771 1995 2964 4352 4581 1198 4640 3002 2117 4499 371 3303 2907 
2721 2474 1094 1047 236 3369 1418 3199 615 3274 229 4265 3011 3671 2579 1116 4838 1292 
1194 3662 4040 3258 3636 1638 2440 2458 4866 1387 1519 2588 1764 4567 4096 3053 4408 2135 
4426 1972 1713 2646 4715 908 4164 4521 518 3547 695 2808 2062 329 1692 4352 3681 627 
2900 1764 3121 1189 3335 613 1591 1017 2374 3839 4261 1726 2596 2794 1821 369 4533 4893 
2021 432 3798 3226 3183 3241 1351 1498 4364 3216 756 819 157 152 2835 4327 3888 1447 
2368 3575 3199 2794 3359 2547 83 777 4909 133 697 1515 3459 4720 3097 4533 2777 3832 
3431 775 1527 4227 1808 4728 2121 4476 2186 3613 2285 1251 4152 4250 1360 4635 2951 4587 
2012 1489 3042 2845 406 3396 1192 2466 1836 4332 2510 1608 3411 4622 300 1530 4428 4157 
3812 3951 2483 3225 1611 2286 2002 640 2655 4679 1149 1572 3113 4687 2980 1831 503 3139 
4039 4251 2919 2062 131 2781 4740 4003 3364 3915 4077 3629 1131 2995 558 149 828 1244 
639 2407 1609 4648 1101 22 1799 2319 4267 4170 3809 1876 1694 1443 210 1552 1889 962 
1660 1388 1281 4211 3537 4705 192 456 191 4693 683 2498 2811 1279 851 1281 471 3134 
4342 222 581 3420 4277 3454 1516 2080 1098 4772 2566 1744 4289 251 282 1728 4308 2996 
2146 1781 2719 3126 521 4338 2977 2735 2856 522 1971 36 942 442 331 315 3190 2211 
1816 2465 1202 1181 782 2681 2433 41 1879 4216 2335 1256 3155 2775 1377 292 3012 1296 
4216 3110 4231 1460 3192 1605 660 3827 4150 1114 4475 2584 1773 3158 4274 1399 362 20 
3878 2648 4262 4383 1513 766 4954 4206 1927 2285 4380 4631 954 1778 630 4727 1617 1684 
4809 4452 802 1772 1662 1705 4387 1837 2425 2955 2628 3239 1342 1613 4832 825 4398 1674 
4215 4049 3465 3851 3246 1861 4595 4005 1657 543 400 413 746 2284 2460 4381 1899 1188 
142 4570 3620 1122 4369 3404 3540 3941 4155 3040 2523 2104 2055 1690 3598 2870 2259 4532 
4082 1188 1542 4299 175 1182 2260 1447 38 2503 1405 3388 3551 446 3611 3157 3615 14 
1888 2842 3474 1263 415 3859 2522 2945 4849 3453 579 1520 3994 526 2291 4062 3611 3090 
3806 2327 1932 4349 3162 2598 3495 973 1516 2725 682 2262 995 3247 1544 1535 2232 1994 
2472 4373 2637 824 2951 3553 2362 3380 919 2416 154 2853 2116 3307 2775 1164 3046 2141 
2277 1348 2089 2554 2690 4104 2779 885 3667 2561 3768 373 1555 1894 2956 997 1533 4533 
618 4719 1879 980 2461 824 1161 3964 4453 2585 880 4439 464 3029 1147 184 3548 611 
2696 4491 3741 1022 2595 2070 2587 3997 1114 159 1272 2163 3201 1502 2361 4185 4785 3626 
2575 3933 4685 4762 2993 2880 1566 1242 1420 2890 2426 3575 4341 3363 773 1701 2791 1416 
4187 4425 4606 1391 741 1552 3763 3276 838 3703 3154 4411 2279 2783 3548 197 2314 4312 
1085 2710 4009 628 4460 2876 2266 3840 4919 3582 412 351 10 555 3869 2920 2103 3393 
228 653 1600 4364 3850 946 955 2449 1813 2592 1451 1626 3560 293 3859 42 2168 1813 
2278 4843 138 2035 1865 4665 1661 3461 1611 1690 4505 1215 3905 232 4761 3887 2683 939 
2625 3105 3118 2208 1214 1508 2192 2323 14 1503 2830 548 2434 2994 2147 938 4143 1632 
3684 1979 2271 3235 4863 537 1635 1080 1016 1730 3324 4789 3104 1080 4907 614 1890 2662 
383 4778 750 3049 3052 3231 3827 2169 110 734 50 4639 1965 1656 427 1737 4005 3025 
1762 2322 3532 870 1083 4749 286 3015 888 369 3483 1490 3070 3133 1099 2211 3049 2524 
3793 3719 990 2670 1044 3540 2241 1984 1997 559 4005 514 2986 6 1349 4829 1914 2260 
1764 1257 2610 1711 2717 691 3534 2117 3123 2037 997 2533 3165 4235 1535 2142 670 3193 
704 3133 1038 2543 810 3537 780 1439 2851 2133 3421 4084 961 1996 3607 3485 2902 1708 
1418 3089 1554 3382 1783 1138 3998 419 2765 840 1903 4519 515 2105 4452 4955 1366 3906 
4907 2247 3906 402 4536 829 625 1133 1000 3421 2484 2509 3681 2760 3620 4418 2891 4342 
2634 1482 1794 4370 2167 2310 4431 4027 3984 434 410 1719 296 4822 4557 4914 2904 690 
3706 2225 3765 1324 2928 4063 2589 792 3510 450 1621 3252 3676 1899 1579 2138 406 418 
875 974 1881 1608 2070 318 2918 4258 1077 2363 3222 197 1270 1191 2366 3986 4870 4517 
507 2265 3029 3468 3312 3486 483 3570 2953 211 3304 4314 2904 3822 1232 4469 2450 1005 
2805 3227 2126 4247 1098 1740 2032 3939 2531 3046 436 2039 2256 1941 3190 1667 4952 1998 
3769 2910 3562 4236 4270 3430 1618 3340 4807 379 2546 288 743 4283 3992 3472 844 2370 
4512 4776 2771 2649 2458 3210 3399 4330 3889 1705 4284 4167 842 1002 312 4485 4378 626 
1086 4141 1621 3666 456 2053 751 2287 1762 582 1926 4237 4287 874 4841 4629 1246 328 
1519 2292 505 4789 2173 3297 2064 947 4824 3246 4328 2806 2536 427 1341 4114 4045 2454 
4522 3367 2336 3152 479 3176 3332 3635 2220 1887 3860 192 935 3205 401 3121 3364 3744 
159 3319 2363 544 4346 187 3563 2237 2986 2423 2347 2068 581 3018 1582 4433 1861 923 
3888 4063 4595 4651 4740 4831 3665 350 2358 3451 2274 3042 507 278 4668 3916 3187 203 
2687 2679 3000 2580 3122 4003 189 3164 3012 4787 2567 95 268 2682 648 623 2532 654 
4926 2078 4831 2419 3475 657 2413 3018 3978 1174 4246 2156 2379 3673 116 1279 58 3547 
3269 4435 774 1009 4744 1310 4249 4627 4876 3574 3500 3427 4725 286 2388 4407 3020 4494 
369 2057 956 2985 4219 2581 2720 2972 278 4217 4369 2631 3811 2819 258 2791 2226 845 
4850 1728 3069 4827 543 73 116 384 1793 1486 3211 1984 591 4898 1627 2515 4948 997 
719 2811 4834 2050 126 2267 3164 3841 3389 2023 1517 3563 4571 112 3563 403 4842 4191 
2891 1228 2159 3689 3558 32 1838 9 4434 4764 2379 2298 1341 1073 448 4665 4748 2090 
2858 819 2561 1027 233 4837 3831 4012 2277 2277 2937 628 2201 4293 1410 4438 1678 2470 
2959 2553 898 3107 829 1214 2187 4549 1918 1425 3518 2953 2284 879 2926 4281 927 5 
3822 2589 4220 1410 828 906 3704 3912 2428 4491 3036 2304 4307 737 1011 3391 1579 138 
2911 856 1134 3788 2236 3844 1112 1634 1624 104 2476 3041 2412 1169 1917 1705 4323 2730 
3209 3576 2288 1266 4935 4530 2944 3652 2457 4180 2972 3174 2282 3881 286 2152 1283 4947 
3530 52 4605 2235 2335 4171 2127 4292 3888 67 1647 4577 2260 2134 4951 1817 4405 4904 
2777 4784 2982 2735 4574 4505 2810 2104 4251 1416 4470 4676 3844 2415 360 179 203 1600 
1076 4682 3265 150 3786 1229 616 4407 99 4556 1818 4320 2128 1333 3925 752 3397 1405 
4547 3100 2522 1622 1292 681 0 1593 3723 318 2541 646 168 4041 1956 1217 3551 2436 
1064 4008 4056 4215 4667 4402 2254 2702 2178 4099 3657 61 171 344 3918 1054 2614 2515 
2421 1043 4264 4282 1616 2011 1468 2626 2593 4806 4321 3104 651 1208 1315 2560 1713 1221 
3737 1844 2516 4801 2271 1561 4889 149 4886 3324 2958 420 270 2765 1075 1588 3031 3222 
2139 1743 3536 2019 1752 214 1018 4645 1179 2166 203 2901 106 2254 195 649 1785 2977 
208 1896 2319 4597 238 2921 240 1406 773 246 770 2881 1358 1829 626 2441 3218 2649 
1780 2815 1087 3649 1766 3583 496 3909 2050 3465 2550 1131 1649 54 1445 4712 4883 2828 
3689 3735 2592 2714 2640 605 4868 53 727 3085 1227 2656 2356 3233 1392 2526 3199 1727 
2138 1842 734 4103 4538 2120 4895 4129 3081 4597 501 1296 712 3374 3942 2327 4407 3642 
463 928 2788 4067 1497 4484 4944 4426 218 4154 851 3671 2885 3865 4590 1467 3730 518 
2157 4550 3908 963 1186 713 3680 2042 1255 3354 515 2956 3799 4526 3376 551 3992 1368 
3432 2965 1580 1746 302 1399 2640 3399 238 4639 2907 1349 3403 4298 3010 3742 3016 165 
1283 2569 330 438 4243 3188 1728 3791 3658 3014 4814 662 3683 566 1916 1296 3661 2650 
455 621 626 4093 1743 4814 1009 1091 3317 4156 1976 3980 2283 3128 3036 3990 1179 3686 
2338 1780 3621 1162 697 1375 928 517 4794 2710 1508 3795 3198 2927 3811 3331 426 811 
1621 4867 414 4795 2007 3269 3309 1652 3273 4933 284 1121 1287 920 3142 3838 2448 3973 
1467 908 2722 651 26 4551 1462 3037 1905 776 766 3109 1481 3576 2476 1512 4530 1976 
2158 4852 324 1959 3176 4212 1696 2280 3409 3475 4445 3562 110 2549 4563 4472 4040 3443 
1177 3369 229 871 2403 4158 94 326 147 132 848 4380 827 1626 242 4095 2467 4111 
879 3147 2443 2964 3947 69 278 2028 587 855 116 1709 201 736 2939 1866 1689 4908 
2829 999 74 4089 2729 307 3923 2211 4648 512 3312 2381 2386 2345 449 4909 440 3628 
4700 1776 435 212 854 3618 3500 2001 4684 2154 381 383 1671 810 1094 2597 377 3877 
3235 1011 2727 2968 375 1308 2130 3439 4412 2759 3665 1303 367 3663 4769 4638 396 966 
363 2556 1792 4900 590 4169 1715 4220 1131 4754 141 2006 554 2799 3738 2891 3424 2664 
2111 2974 2043 2575 2921 4103 911 127 2282 3903 2622 3820 4012 1098 4705 2430 2966 2418 
3282 3833 3173 4429 1924 2364 634 3866 4812 1990 2337 2372 1822 2275 1793 4548 3321 4354 
1683 768 2872 1311 43 747 2920 873 4132 2552 4184 366 3826 1446 1914 2905 2305 2847 
1952 4094 1774 4470 2349 3744 3059 3350 107 2278 3621 2655 4924 669 3744 3892 2422 461 
4188 2925 3106 2503 1799 1196 4176 3186 4712 3798 754 2465 4954 2021 2494 2952 4826 2672 
1742 1661 4730 612 2760 2586 1243 1958 3512 2046 1874 1872 3858 147 2678 1127 4458 1134 
1656 346 207 12 2777 2859 399 827 490 1755 3546 753 4627 3634 2491 1503 2638 752 
3647 2808 334 2238 466 734 1864 3581 4221 2056 2598 54 710 3208 3442 1617 3735 3666 
3919 2916 984 3498 2291 1104 3747 1102 1389 2699 1523 4565 2771 12 4516 4360 3017 2274 
1034 4940 2464 4565 122 3355 3653 1969 375 2940 3275 2898 4186 2869 2376 4915 1236 2733 
135 643 976 2650 3171 4276 1107 2693 902 2107 85 863 1416 1026 3397 3856 4724 1590 
4315 3343 397 2943 801 59 3409 3952 1829 3781 2130 3078 3553 3165 1958 300 3252 2233 
4079 4252 2209 557 1065 3286 769 2242 478 955 513 2240 3384 2034 3879 4027 2486 1344 
3687 850 3178 3184 1084 4583 4752 748 2641 1853 1781 4537 1643 405 2380 3366 52 726 
3219 2051 1994 1375 4065 2877 2278 1212 3239 1762 1625 1066 2353 2810 1963 3910 3328 3244 
1855 798 4513 3156 2834 1243 87 4251 920 3731 212 1665 3173 4428 3150 4199 4103 4584 
4912 1453 4903 1533 399 293 1076 4203 4868 3954 503 1697 578 2283 3416 1608 210 2739 
1384 438 4849 1936 4736 4744 1621 4167 2013 3623 4364 806 1936 1716 2222 4011 2162 3749 
727 1040 2992 598 3908 1057 4166 689 1906 4812 3806 2957 707 1914 2090 4903 462 4888 
689 3134 3628 2989 1182 4005 379 1896 2873 2077 1126 3153 4734 3846 1817 434 4555 1850 
3856 725 816 1167 4566 4306 4536 3000 2386 268 1050 1765 2542 4444 4411 4517 4537 2282 
2650 1118 2846 1975 3711 4913 578 2096 1944 843 3209 1787 4856 1554 4318 2540 4335 4760 
697 3558 4560 3042 3785 567 3110 576 4829 1341 3186 1493 620 4851 3345 301 2977 1398 
3981 224 3145 3952 4577 1441 981 3742 2687 970 69 2689 3461 1882 4556 4299 2629 2097 
471 4004 3132 1600 1181 641 311 4747 2467 4444 2728 1530 169 4948 4298 971 1626 1819 
3848 4938 25 2556 2421 4362 2126 4131 240 1498 3667 2488 3759 3983 2188 4798 2479 2318 
3319 942 4626 2625 4877 3167 694 4259 606 4617 3892 1803 3382 4092 2877 4892 1797 2778 
1058 1630 2797 1682 1115 4437 4866 829 932 3192 411 1442 4346 3503 2464 4002 729 2080 
3342 1601 2780 860 2357 1772 1815 1047 4403 4366 587 2210 4613 868 2173 3119 4360 1 
1254 2907 2478 3370 1861 399 227 530 2249 2 578 2535 3289 1584 1482 2341 4095 114 
1158 1738 1722 828 3644 4062 3426 3032 3402 1760 2163 4721 1615 2011 4386 1982 3146 1465 
4201 1504 2671 3526 1016 311 3838 4249 3042 3005 3095 1186 4297 165 2402 4189 1992 1984 
3099 4298 3782 3870 1393 2901 1614 1450 4244 4548 2742 2117 3449 2629 4451 2596 2926 2307 
2458 934 684 850 4477 4599 2777 575 1161 4181 3628 1196 1412 1044 4120 406 420 3209 
3683 3233 2733 1640 3906 1449 813 1434 2985 2372 3817 213 1159 998 1115 4287 487 4033 
1140 242 4318 53 4573 1515 3925 1541 1870 2425 2984 546 4342 3015 2834 4678 313 1730 
4616 3045 2445 3806 3977 4891 1996 1370 3284 1189 2748 565 4850 632 51 103 3453 3330 
3652 3273 4244 1001 1626 3009 1695 4248 3742 4535 1455 398 4566 2088 1483 4324 4054 2415 
945 4579 4821 88 2674 127 3273 3202 300 3859 2732 4562 2578 664 503 3299 4799 311 
1415 1005 3831 3502 1434 3445 129 1009 456 1085 1780 4879 3596 4466 52 2900 3078 793 
1850 4268 4873 37 1386 1990 2261 743 3147 4930 4751 204 1692 1117 3091 1173 55 2337 
3103 262 3914 2739 1506 2964 3633 4872 2490 1994 2708 4793 3554 750 3669 2936 3338 2010 
1471 2967 972 1019 4231 3709 3411 1865 2508 3497 3541 126 4693 3343 4633 2417 2229 2311 
2028 2709 4059 274 1241 2108 1488 470 2575 503 2563 1059 4603 1329 3182 1715 1225 3800 
110 4370 2712 2408 3351 4767 2383 3951 2416 1860 4877 1457 811 590 1915 3440 2964 2905 
2395 250 1306 2096 4793 3843 1268 4463 282 2108 1601 79 1863 4256 1470 3164 706 2614 
4034 4248 4300 1888 4436 4465 554 1735 3992 1334 242 1054 4742 2429 4091 3001 2336 1356 
2053 3893 3382 18 1447 2109 3133 1472 4482 1148 3374 3432 4506 4087 57 1940 2383 4109 
1429 4378 2821 1011 1209 4793 659 1555 3434 737 4504 3827 3354 2178 4855 1154 1764 1214 
4123 3988 1179 4733 2379 4116 3955 806 2609 2495 4840 994 4011 2843 17 4222 3890 2266 
1788 4021 2298 4743 3506 2576 2854 4140 1930 4512 1196 1404 4061 93 3516 2778 3458 350 
2465 2418 793 4017 472 3996 1903 4866 2610 1542 1190 3127 3828 4914 364 3033 1202 1444 
3066 1001 658 2939 153 3237 961 228 797 730 1619 103 4450 2373 2515 2360 4810 1353 
802 2742 3964 3276 1068 3114 6 1020 721 2578 3724 3831 4685 1664 3223 4196 355 2213 
702 2642 1448 83 4748 2298 1944 3632 738 3029 474 2507 4840 157 2729 4842 4769 1173 
3781 614 2410 4168 3965 3070 1021 3421 2994 3880 552 4397 2303 4063 3015 4110 2573 2928 
1832 3391 2577 3748 4710 723 1142 1563 3687 1029 2966 1010 1284 4556 3668 7 4404 3605 
4290 4299 4758 3079 2756 3797 2812 1687 1666 2187 2969 3615 4006 4563 709 2678 784 321 
4824 2809 1631 77 2387 1345 1552 1703 396 68 473 4820 2871 621 530 3694 164 2834 
1188 1362 4069 3803 2411 1731 3897 1319 3385 2120 3041 3649 2972 4901 4213 4894 1380 4544 
1890 595 2035 1670 3925 3250 3928 992 4399 1658 4743 793 975 340 1578 1810 3344 4353 
2856 943 1917 1255 4879 3728 2089 1648 3005 356 4124 4957 3617 3432 4168 4684 438 4700 
4622 4685 217 2181 676 633 1360 795 402 1991 2945 4132 3256 904 3236 3097 1944 601 
4753 3566 2941 657 2162 2342 3194 4202 1559 358 3289 3802 3129 4786 1809 40 200 2239 
4891 2186 2114 3185 2785 519 115 909 1725 3130 4856 27 3091 2985 1585 1024 3683 806 
1464 4720 3978 1430 1716 4147 4393 2934 1043 69 60 2594 3083 4246 477 4030 3957 3045 
1252 2482 4904 4525 1126 4573 486 2893 4160 1510 2602 63 569 1303 4695 4856 4941 386 
469 703 166 2401 3618 3232 2181 4451 3951 82 1723 2479 3726 404 3285 3732 269 4367 
2125 423 3148 2182 3986 2812 627 81 4272 3237 4118 1562 3954 4664 234 35 4762 1791 
1698 565 2339 958 1499 2331 2065 1359 2818 3858 16 1152 2375 2693 3788 2480 896 2548 
2953 1801 2838 1202 1914 3281 359 3975 897 4870 1061 4029 144 4497 3795 3352 4219 3033 
3831 3034 624 4550 3029 1437 2982 3862 4534 1297 4240 2962 3550 2350 4756 2335 1986 91 
419 4480 1850 4754 457 3979 2636 2195 1061 3672 4679 2219 4487 194 325 3069 3831 2475 
1775 319 4801 13 1311 52 3150 2113 2265 616 1769 4297 4796 601 3783 4940 3825 1944 
148 2843 3455 1684 358 3858 1110 2841 2073 590 3862 3744 2343 2726 231 3909 4205 3565 
1350 31 2221 2952 1715 1550 4665 3500 1987 1314 1044 3512 776 2647 1189 4943 463 426 
3157 1747 3992 1690 2049 39 76 2023 789 846 1609 2860 892 3912 3481 4334 1215 857 
1894 607 1769 3740 761 4363 1183 4760 3243 1050 3128 2289 2317 4273 48 4459 923 3957 
453 2891 473 195 610 1393 1477 3642 2460 715 3224 3951 2500 4755 995 1022 2705 2405 
1433 3050 2294 825 1833 3408 478 675 509 701 225 896 460 1724 2635 4572 4749 2607 
3254 4313 2608 4782 2793 1398 4788 3629 2813 403 2377 1475 2033 1499 4596 2712 2018 2862 
1777 4188 2429 658 3943 1087 268 4874 4636 3768 4749 1157 4035 1956 1169 1957 4865 2171 
3700 167 572 2996 953 733 4867 401 4616 2322 4810 3650 3402 2512 3914 559 4196 2692 
1750 4488 4410 4025 605 1112 4091 4719 2706 11 4693 1495 3813 1533 3428 2883 2619 2157 
1054 268 2702 4057 3701 3413 1384 198 2679 3010 4242 3840 2381 1381 3871 4350 1347 635 
2440 4607 2523 951 180 4493 4846 2833 2737 3830 2035 3393 499 2728 663 4703 3937 4373 
1045 4323 3424 2264 4199 792 4163 3780 2480 4742 4915 480 3646 577 4534 729 433 3373 
3716 2000 4150 327 3762 2125 125 3385 1858 4192 1434 4741 572 1166 1556 2607 3290 4420 
2098 1677 3114 3798 1100 395 1764 2467 4769 1595 2856 1560 3095 1417 3527 3112 2571 3440 
3389 1010 2579 3868 4293 2504 2133 2614 2066 2619 305 4802 1833 836 3549 310 1637 958 
3823 2300 2280 4063 1795 1898 2145 3697 1757 1462 4210 516 1495 1912 3491 2129 496 796 
1620 2557 2340 3317 3082 1262 4096 150 1332 3531 2617 576 535 3886 2920 1760 1683 3176 
615 2990 4207 2807 1308 98 4000 232 1048 2935 1333 2510 931 4339 459 1001 206 2416 
1392 3841 1300 4368 4822 4537 2689 916 776 1532 2868 726 1978 2719 2836 4524 3980 4169 
2742 2932 2397 3613 2206 4957 4797 1098 403 3716 4752 903 4625 3282 1287 148 4887 1130 
4218 4041 2422 4779 3002 2098 3603 2796 1561 4755 1594 1330 205 4558 2399 1934 2835 2892 
2385 1295 222 2864 899 3279 741 1975 1630 3452 4085 671 2832 1276 2400 350 4085 577 
3734 1572 1147 361 1134 461 1003 359 4137 2587 1401 2654 3195 641 263 4662 679 1488 
1874 4954 3649 3369 4063 3694 2767 4457 2239 3575 2105 4426 2711 2907 1812 4296 1113 549 
4263 2838 2208 2434 1529 3546 3689 3325 4135 309 1356 2676 2332 471 2885 4560 25 152 
1801 3940 651 1856 4111 322 1589 2942 3702 1618 2026 3645 73 3722 2170 957 2487 1166 
1739 4931 659 411 3631 1857 1684 2321 667 2942 4951 1260 3740 4226 4728 3933 3215 1418 
2798 1415 3123 861 4078 4803 1115 3754 4370 4116 773 1639 493 290 2865 575 1312 3987 
1238 1636 232 2417 3808 2008 594 1696 3946 96 3480 2144 1023 742 4198 1876 3064 1831 
3517 2158 1710 4396 580 3186 1697 3702 1517 2351 2775 1777 4381 2605 393 4748 407 1253 
4694 618 2404 2552 3134 1736 1490 752 4738 766 771 1835 1099 1685 1258 1527 512 1796 
963 1051 1105 189 1649 2943 4027 1612 2306 2344 438 2030 3574 2427 4935 3789 2071 440 
2448 308 608 2086 2394 4610 2535 1730 780 4643 4921 2490 1048 416 1573 808 1116 1754 
3216 3066 1065 2424 3345 4558 2234 3868 2781 2089 109 4576 2223 2791 2934 1124 4368 3858 
625 3222 3032 2448 3642 2156 1499 3413 3258 2508 634 2292 4264 2351 373 3138 2565 1393 
476 3597 3134 2032 4301 3907 2066 3837 4298 117 352 509 3260 2820 1967 1181 3504 4200 
3461 4892 1031 4190 3298 2789 3773 14 939 2925 2810 1332 3501 4628 4531 3285 2363 4039 
4711 2521 157 4719 69 4061 2375 3127 3195 1227 3590 3988 1941 4204 3291 2696 1842 2302 
342 2995 988 1078 4316 3915 407 434 3985 3827 2671 4956 2387 4000 270 2578 606 2890 
3098 1044 4081 572 3810 3788 4453 4308 22 4405 4834 4474 4037 3776 1092 1123 4016 1716 
1059 4557 2773 1520 3462 2607 1320 4953 2572 2777 4905 3647 1581 2673 3081 485 3649 1039 
344 1480 3861 3720 1918 381 1386 474 889 663 2756 4848 2805 638 2910 2217 4220 629 
4507 453 1432 4377 4197 1603 32 4124 978 3517 1612 2750 2953 1596 1592 740 1073 4611 
2397 4254 4813 4613 2472 4958 1306 3423 159 4887 569 1965 2193 3804 4195 454 2678 4643 
2076 988 680 3846 2322 4161 1391 1341 4093 2711 2897 2633 697 2119 1246 4048 4038 2129 
1292 1252 1811 2581 1031 3112 1893 475 33 3554 4051 707 79 1571 4033 4454 2751 1588 
2547 3470 1568 408 1712 3449 1794 4787 4260 583 3418 1088 556 3450 2308 4415 4932 4764 
2645 2516 2350 3252 3686 499 4149 2797 3989 3470 1923 4594 3251 2216 1571 1891 3960 310 
4332 736 2675 350 3230 2309 2962 889 1376 1066 4957 1959 2302 850 71 3525 2093 1111 
323 2152 2324 4709 3464 2858 201 368 3253 4097 1733 4831 4700 802 158 3979 344 3307 
2746 4597 2356 3680 2215 3581 36 3637 937 4358 1820 4121 3742 986 4248 695 2515 382 
3314 385 2619 4817 719 1488 1366 4231 3763 3715 1404 4287 1885 4484 4108 1786 2913 419 
4114 2817 1023 2518 3188 2715 2852 3111 2731 2771 4014 4940 1558 4112 3073 3273 4681 3489 
1002 664 287 4819 4804 525 1181 693 1860 3381 391 3233 4189 2715 4306 2389 648 2289 
2333 159 3346 3755 4327 4305 3979 2017 1689 3042 354 995 2603 2461 866 3539 4812 2713 
2437 529 3891 272 1881 4175 434 4427 296 6 919 952 394 3821 608 1896 4621 4725 
2909 2865 466 3522 1800 2384 2725 2886 4888 4307 2479 1555 531 1833 26 2733 3208 1886 
920 3900 3339 3888 508 171 3749 2541 2670 2926 2120 128 3245 713 4757 4565 46 2016 
3132 1497 2053 843 420 655 4722 481 4265 1164 3349 2796 1523 57 4770 1878 4772 776 
3354 3504 3787 3630 51 3906 2046 1823 1523 3947 4459 577 4938 2957 2279 2940 1045 1574 
3580 1493 1004 1547 4569 248 3595 2816 2596 2692 2769 1950 3624 1532 3862 2924 3401 3341 
3397 4813 853 1211 2735 1210 3488 4288 985 1635 3397 3701 722 956 918 1406 4698 137 
1934 1989 4672 4430 3656 4730 1753 115 1070 3327 3120 3442 1843 4743 3028 2061 2497 3647 
864 1814 1581 3817 4907 2353 202 1544 3102 1909 2348 1829 450 2251 3425 4797 4628 4443 
1264 2338 2453 2538 38 2234 2820 880 4819 4610 336 1596 141 913 3004 3265 4546 2103 
4619 2282 3917 3372 130 1198 866 3435 43 1529 2892 3812 2241 1617 1275 981 1910 4209 
801 1222 2908 1062 3489 4930 1109 1155 979 2058 4094 3661 1839 362 4254 57 871 4311 
1586 2750 4007 1671 3008 3472 544 4597 1783 3624 44 4449 235 3389 859 2997 4754 910 
2752 4928 4654 94 4757 286 3479 2580 639 2127 1037 2296 4231 1624 1609 2687 310 3922 
3233 4285 1584 1067 1179 1494 2239 635 1828 2388 816 2313 1164 3984 4464 2178 4418 2909 
2987 3012 1594 3578 505 706 366 4651 4951 1276 2576 2373 3637 1746 1 4542 659 2878 
4573 1953 1729 1661 297 552 623 2283 4821 3894 4906 4318 797 574 3431 4554 1438 2567 
914 2151 3462 226 3557 3977 4061 4797 3468 1442 1691 4146 629 1093 1451 3461 2764 3521 
3963 596 4796 3094 2148 23 1372 2208 4899 1977 668 4734 2768 2482 1200 2256 4237 4058 
2865 3586 4805 2553 495 130 2710 2889 995 2294 2261 2119 4363 75 341 811 2878 4242 
127 234 1446 4191 1144 2492 680 186 3387 2672 1245 2668 4773 597 943 2718 2643 3491 
74 959 1840 4001 2925 4589 2165 1463 575 3160 2816 4333 4903 2804 4006 4212 3797 1041 
2492 2009 3126 440 4421 4046 1090 4792 2305 3273 199 1463 41 315 3753 3835 678 3992 
1484 76 4828 6 55 2662 2931 3582 941 1740 508 871 1078 2142 2756 3768 4390 1547 
2548 2 3781 142 1258 1535 1946 1 3085 2325 3063 1228 485 3706 3557 1460 2707 2742 
1244 2481 2318 1794 763 40 2246 4732 1814 4655 3234 4787 3081 223 80 520 3026 2665 
1378 4747 1212 1643 832 2704 4210 4897 186 3995 2271 1026 1709 301 2239 4694 590 1964 
3503 3413 442 4302 615 2343 889 3535 4718 3111 1498 3586 4672 2593 3258 950 561 616 
3312 64 93 3939 2457 3162 4295 1350 3275 3740 575 218 2250 4888 1334 596 2842 1182 
3351 4401 4713 1894 3007 841 3975 1363 1270 4004 2198 3403 1249 3378 2855 2011 2003 473 
1016 4279 3669 3656 2745 4651 1466 2461 2922 3289 823 4633 3204 4407 2465 2302 3080 3852 
4367 1439 4363 1577 21 2850 2051 2726 3233 4041 2500 346 4546 2793 3998 4704 2667 355 
4306 829 2204 2481 2140 1014 4534 942 3352 3424 3286 499 1527 3914 3415 2144 3909 3032 
2994 392 755 63 4389 4825 3114 383 498 2927 480 958 4666 4947 4130 3937 1936 2181 
826 1395 761 2056 671 1813 4800 1192 3986 3416 2242 4388 1383 2509 585 3267 825 108 
4565 625 2290 3837 2853 8 1966 1107 2360 4093 3190 4427 4197 1880 1732 474 4169 2530 
451 3046 1427 1909 245 3511 326 4102 3490 4024 813 695 4202 4511 367 3920 4316 4716 
2071 4130 2390 4500 182 3362 2159 2612 4310 389 2862 800 3996 1186 2830 1554 3108 3010 
2392 962 883 2941 1940 729 4871 798 508 4758 884 4703 3060 604 888 3227 910 3350 
4472 376 1543 1566 1300 3370 3825 2346 1937 2221 1241 3448 4565 4311 688 3546 1540 2086 
2030 3409 1845 2083 3243 1671 342 3217 881 4823 1 3659 2174 3989 1206 1505 2011 234 
2016 86 3164 1817 1414 2105 3349 775 1846 588 761 3111 816 4178 3063 2738 1451 552 
1674 1007 4388 4915 3737 4180 500 2640 4049 2043 413 4028 3520 2015 697 2602 4238 2101 
4254 1179 4484 3404 1354 3865 2649 423 4455 3389 2001 1368 4740 3183 203 1411 248 2377 
1891 3853 4577 3884 3465 345 2935 1488 1122 331 947 4304 3377 2170 3606 2706 2743 2235 
1508 582 2700 1710 2526 4951 4813 2810 2135 151 2982 1897 3896 1435 2883 834 320 1283 
1752 563 3897 2271 124 2076 3294 2115 2232 3949 1973 4698 3067 4342 510 2491 1868 3100 
2679 3927 3095 4000 1507 1525 2682 4350 3288 195 4215 4186 4539 1278 4626 2197 3440 2978 
4535 413 2923 4415 611 2938 959 4369 1019 4614 497 1343 699 1630 662 2831 748 873 
4398 347 4336 4735 2857 2916 3410 4405 4033 1738 1960 3136 1161 397 142 4785 3872 1739 
4634 3489 3222 3631 4712 470 4491 3753 1496 1954 3481 2729 1054 497 2561 3988 852 1324 
1125 2959 1791 255 825 3321 2734 1072 1847 1415 789 4135 928 1285 637 2346 2917 2038 
3217 43 1095 1384 4447 3337 3674 2483 78 2347 529 2396 1325 2823 512 1597 4366 649 
3776 4803 2028 3970 3683 3292 3344 3553 906 4232 2709 1668 3801 4785 583 4476 2567 4065 
3962 3690 4047 2841 1826 65 1763 3223 4704 2586 251 4292 3069 4709 1423 4823 1002 2796 
3541 351 2062 3129 3842 4586 4058 4449 863 4822 1215 1732 3897 1386 2545 2187 95 2439 
1938 120 125 855 3622 2046 4848 2941 2052 1783 3292 3987 4427 3237 4783 2215 2379 766 
2923 1631 1166 1558 2515 401 3254 1671 1646 2030 4106 3035 587 1012 1877 4405 4773 2556 
2052 938 1283 2857 4217 419 4725 2039 4020 1661 4736 1782 2893 3034 4456 442 3726 4645 
1478 58 644 1194 3408 2570 1087 3622 964 4164 4400 1663 606 4084 4661 1318 1401 2290 
1930 3830 868 2922 4923 3826 2084 2065 1141 4670 3437 3312 2546 978 4382 970 3248 2645 
2094 4441 450 1320 3726 2842 1870 1250 1002 3492 3399 3149 4001 2842 554 3611 1544 2856 
1529 2165 2434 1380 4924 3531 903 2465 571 2375 2396 463 957 1083 3806 1243 4928 863 
2398 4764 2045 4690 1438 1092 605 1284 2103 2655 1958 920 3388 177 1593 4520 2957 496 
3661 4151 1851 4646 2694 275 772 4920 3383 143 2911 3932 4728 1689 2799 1134 1408 2829 
2718 4713 1526 4371 2320 2404 1958 4714 1416 4704 4651 4705 4701 2782 3202 913 3875 213 
2629 154 908 700 4233 2476 2042 3682 2121 1499 2571 2143 530 4349 1247 4713 1796 3459 
495 2017 411 2133 2780 2638 4719 4325 793 1790 2537 3469 1153 4826 3405 1638 57 1421 
4423 103 4581 495 1532 4862 2496 835 3690 1229 3363 360 3111 3686 3246 473 2825 4874 
384 4486 4578 4051 1370 4186 898 737 3450 2307 4402 1711 3036 4463 629 3675 1977 4537 
242 3630 1735 1025 2074 4554 4672 1807 1481 2849 3573 1953 924 4018 2156 2445 3096 636 
1321 1934 1767 2527 1835 1405 499 4363 3293 47 2655 2988 4747 3627 2254 4463 4148 3070 
2396 1943 1222 1449 1199 1741 2927 375 2523 1639 951 2159 1141 2322 2283 86 1006 704 
2700 1027 768 946 4590 4670 1981 1825 259 3990 266 1684 723 712 4261 872 3670 3528 
1769 383 3730 3928 1650 1887 230 2732 1157 789 1431 685 3572 2095 764 3065 1500 2202 
2408 1827 1940 3697 2409 1186 2001 3367 2150 946 920 2829 1339 2767 1311 2436 1393 2306 
78 4368 393 5 1854 4647 3997 1977 1428 1716 2977 3678 3213 345 3341 2425 4538 2873 
2444 289 4111 4838 4224 851 4445 450 3662 4001 1972 3461 4943 3581 189 4547 1186 2320 
3898 48 1132 2521 4309 4447 2563 4157 2473 1751 3369 171 2842 1442 2150 1560 3302 1604 
2262 1304 1975 2743 2126 4674 102 1051 3740 3464 1456 2190 4721 1720 4831 4739 1207 969 
4222 293 1960 1132 2280 64 53 2539 2604 3627 3594 4528 3267 3740 3251 1197 2377 4608 
2095 472 335 3547 3166 2608 574 409 4588 4036 1053 2569 2506 4066 3104 2073 1033 3552 
4898 1080 1623 3692 160 2152 1458 3117 815 1126 2404 3985 238 44 1121 723 2820 4901 
1999 450 4588 1995 791 1464 1513 1063 1044 3382 435 4115 2092 2663 4481 3353 2265 1516 
807 1375 739 2044 1931 2768 1164 1264 4162 1993 869 3793 3510 3308 2509 1329 1364 4921 
319 2350 4826 1279 2093 80 2280 2277 2267 3187 1211 2320 668 4636 1329 3362 2295 4370 
1312 4231 1169 1731 595 4227 770 4529 1648 2789 2143 2123 969 2795 77 1549 523 1303 
4718 3663 2375 1459 4764 53 3186 4584 1894 2180 1851 2255 1601 3373 775 4120 429 3294 
2201 1536 615 2129 2237 2976 1311 1600 2739 4612 1665 4507 3017 2296 789 2002 4692 3310 
3575 826 1204 3217 539 3398 4016 556 3149 487 3922 49 4306 3349 164 610 2730 105 
2019 995 2450 3040 1410 4475 2455 1367 2993 1446 3099 968 2101 733 3838 1568 3467 2146 
4841 2854 1278 613 2938 4933 1122 4372 548 189 2039 556 2255 1268 1634 644 2665 1503 
4524 1571 4568 4716 4067 1158 400 1622 4258 4112 1542 941 986 758 3467 141 2041 3772 
4555 238 1901 1086 1064 3365 3733 3719 3047 3653 3877 1607 850 2589 2286 1856 1987 2466 
3398 1435 3104 1286 2701 673 2308 3850 3303 1467 4945 2765 2453 628 518 252 1425 2389 
2712 1745 2537 4152 4145 1572 2830 4460 2160 2409 516 880 869 4722 2682 1371 2388 2782 
1407 2303 1505 962 2838 4316 3899 1618 1505 3782 3306 3850 903 4015 832 3442 3742 4385 
1719 1529 4948 4510 2686 4955 1278 4900 4549 3473 746 2276 4614 3261 1498 661 3513 2115 
3502 920 2960 68 1405 556 2728 842 2242 3344 4082 2522 1088 4085 906 2591 4707 2457 
1436 1542 2855 1119 1142 4836 3299 3375 4054 4900 3982 3858 545 1519 4898 1914 1035 2518 
2206 2329 122 2704 1948 1823 613 4440 3708 1750 455 4726 4717 701 3057 2988 1534 4378 
477 3209 3471 2061 3994 3099 2898 2246 1287 3919 1573 1417 4301 1526 667 4353 28 4056 
4374 3542 85 3189 3398 14 4202 4945 540 3131 1670 1411 2182 4829 3746 490 1300 3763 
315 2753 753 4223 3339 4467 582 2044 650 735 3034 1285 1607 2279 1562 1334 1422 615 
4005 2302 2801 4898 2770 2347 1857 3083 3425 4584 2985 3505 3792 4465 3017 3462 3249 3133 
886 4277 3723 1196 95 2254 4050 2374 2613 1543 555 2795 3283 4480 1363 4423 4 760 
2402 1109 2794 40 3512 2644 4698 215 2038 2170 1094 2693 3423 1459 107 4031 1168 4673 
863 4559 4201 4135 1189 3802 4562 4708 2241 1192 3074 3009 2566 2676 2589 506 3439 569 
2918 3584 144 2211 1886 1562 2856 1386 1808 552 4942 3117 3976 527 4428 1249 2032 3417 
1358 1909 3068 765 387 3948 3238 2978 4228 1191 3430 2626 1799 1505 3664 4332 2557 1606 
3628 2535 3303 1512 3118 1176 3593 4658 3142 1162 2166 3321 74 4780 996 3473 4436 425 
951 3204 2432 1843 4474 2763 70 4849 1130 1368 1591 3861 4245 418 4364 3741 2371 814 
3511 1030 2520 1698 2305 926 2080 3137 1352 2721 3577 4899 4730 4574 1213 3330 4222 3620 
3449 1302 1813 3873 2189 440 2498 290 3174 1447 456 2010 87 1308 3809 3747 4506 4862 
3130 4112 3602 2800 874 4541 1376 327 2492 3122 3388 4945 726 599 2492 2296 4659 1843 
4677 487 2002 2163 3835 3892 37 3179 4875 974 416 3500 3775 912 2086 4457 2584 4642 
1640 4782 3544 3142 3568 2910 844 307 4182 264 2890 4495 997 3899 2049 3583 3710 2253 
3567 3868 3081 675 2358 3007 4407 4485 32 2081 3138 4309 4573 685 253 1343 955 901 
3388 3403 974 524 4638 38 737 1663 4634 1380 2430 1063 2982 1721 3395 4411 1473 1515 
2509 2839 2059 110 834 2233 1813 1415 173 348 3173 1040 958 4027 58 1959 4014 2736 
3369 3418 1151 3991 2532 320 2119 72 1839 904 2724 580 3649 66 842 2514 4448 4219 
2993 608 1148 3339 3729 794 4658 3604 3242 4068 4559 950 4855 4091 716 1912 4531 1582 
717 4464 3968 877 3652 4053 3661 3988 1703 2160 3426 2748 179 4136 2720 2621 3876 1898 
3722 4847 3255 2473 4088 678 2215 2785 214 4530 2245 1334 4043 1368 4498 2553 1920 4596 
4673 2505 277 3022 3961 2667 687 2430 4247 4450 3346 2704 4862 4096 105 4592 2070 2027 
1804 2930 352 1412 4431 4065 2364 2476 2228 4343 3235 3634 1331 2355 4084 4255 3002 431 
4037 2037 4846 280 1703 1925 2305 1722 3633 105 440 558 3618 69 2609 1829 791 167 
3013 507 4621 3711 2589 546 1737 2643 188 3779 490 2495 725 3265 2880 1555 2811 377 
1998 4599 3198 2603 378 3667 1071 2175 1932 657 146 3437 3724 1479 3553 876 988 1067 
2585 1644 4352 3345 514 3791 48 1769 1135 1637 4145 3838 3044 4485 3037 3222 3473 200 
820 1539 3279 4114 4582 1551 1527 4512 568 158 198 170 247 844 4310 4323 4461 2258 
2962 4598 4722 2549 1069 263 263 146 2895 4185 4264 1653 2153 253 3486 1677 872 4114 
3150 4179 55 483 3591 1256 3352 4136 4941 2468 1237 217 2585 1982 1518 691 3767 4180 
3450 1392 2262 1269 3444 373 4918 2688 2143 3993 2497 2235 4523 2049 482 4736 3970 1238 
2874 2958 2343 3553 1471 592 4802 4528 3301 4 2983 2352 2759 2136 2792 395 878 3844 
3306 1374 44 3145 1655 1757 2821 2842 3044 1307 3756 4156 3940 4038 2762 526 611 4278 
1536 4314 3951 3912 4607 2205 2504 1206 3315 3728 3900 2063 1624 4187 4650 451 1564 1612 
258 4613 520 690 597 4277 2484 1689 528 893 2175 3979 1071 212 4327 709 3995 4867 
4706 2182 4501 2338 598 4492 4530 2969 822 3918 793 3882 4183 1968 2126 58 4410 732 
2295 4459 173 4544 633 206 4927 3923 2558 4262 628 3476 3922 4710 455 3092 1883 421 
4666 4359 4004 4177 2321 2743 1479 723 546 24 2244 4894 304 3170 4839 2558 3072 838 
4758 3533 3045 1148 3875 4774 2583 2087 4045 1082 3315 3894 2254 2937 3651 3936 2949 201 
2955 3918 3749 982 2255 173 4298 2400 86 380 89 2487 3951 870 4570 3825 1523 1936 
2618 3806 4659 1471 3868 4959 2494 3194 3581 4858 1232 2227 3073 2962 555 4337 3950 274 
4651 1663 2234 823 4388 82 3638 596 3975 4435 525 2836 2582 3786 3714 3085 364 815 
375 2666 4647 4514 3989 935 2300 4279 772 2876 2839 4929 2659 3498 2122 3760 6 262 
3483 2677 4458 4592 3864 1156 2467 4163 3728 1300 3759 1582 2835 2089 3055 4347 2304 4933 
189 4672 783 1867 3941 4910 1497 1930 2898 602 118 3497 1925 3755 2972 1764 2177 4151 
688 2663 470 3648 3765 918 1746 1336 2042 2637 2834 4673 3961 335 4696 2474 1235 4 
449 2783 4738 1070 277 1862 612 598 2541 2103 1168 2986 4194 1655 3271 1544 4329 26 
742 212 1740 2936 4252 1328 4929 4704 4746 3569 797 1212 2464 3579 1700 1639 4116 2685 
2838 2748 4348 3353 4543 996 1686 2018 3100 4430 421 1283 3634 3763 1909 3823 3864 2254 
3435 2424 2155 3330 2050 2066 1632 354 2048 2196 1676 4478 1820 1170 2196 2098 3041 1581 
850 65 4089 1944 2345 478 3108 894 358 2132 3510 4273 1509 4100 4608 626 2646 4940 
246 1868 291 1096 1728 2208 1595 4091 4165 890 3040 2915 56 2151 1393 796 2167 2498 
2642 1065 3434 4350 3761 4944 4228 645 3189 4344 999 3128 293 675 3337 726 4834 2850 
1636 1561 1165 1742 3214 543 966 2669 4852 810 3693 3909 590 1642 703 1402 3488 4266 
3660 2367 4674 4837 1680 2689 1660 425 1885 2618 1208 2442 4555 3768 22 2320 1711 1268 
721 3508 1721 4476 1788 1501 542 1010 1519 102 1443 1248 3170 4241 4786 1941 29 2904 
3954 2331 4934 65 845 163 2612 1096 445 191 3683 2435 1680 4217 4791 3430 4310 3737 
518 2929 2772 3878 2947 3785 3260 781 3714 3534 2490 3851 3619 3769 675 1185 1881 4115 
4217 1249 2545 2375 2274 2982 4955 98 4264 2382 2659 627 593 2442 724 591 2623 240 
4871 956 2894 3734 4752 2349 4872 756 841 1967 2832 428 2501 4796 907 2036 634 3044 
3638 7 1106 2037 3584 1928 3463 2982 3278 2397 4359 4901 4416 3397 4102 332 1261 1766 
4662 3523 618 2327 4114 1518 1613 4842 2880 4769 3697 659 3179 2090 2251 3640 4595 349 
3463 2256 3165 1178 1541 4867 1312 3149 2959 1065 2585 3769 1930 3504 868 4142 3445 3577 
4707 4085 3783 3395 3218 4055 775 2728 3024 3155 2169 402 2095 1351 3614 4238 4524 1591 
4074 4692 4901 3283 1814 3127 2740 2533 605 1553 2913 2350 2614 2856 3546 1327 733 287 
4705 4548 2870 2723 4263 167 4497 2451 1154 1012 2004 1977 4735 3638 4129 4305 1419 82 
3642 3095 2783 754 1022 3274 4106 2199 2187 1271 1488 1833 3784 2054 3978 2123 1874 3864 
2340 2437 923 216 2620 3405 1155 1291 2816 565 2445 1447 3492 948 4068 3559 517 4087 
270 1105 3681 370 2478 2047 1627 4810 839 1505 837 3234 3713 2224 1563 735 2048 956 
3961 1521 3421 3278 4778 1663 626 2635 3214 1481 4192 3240 3285 594 1154 563 19 798 
4612 3178 2272 1665 1344 4356 2457 412 1782 2730 42 2726 4860 1137 591 3790 2182 3022 
1993 4296 507 1492 2606 4605 2897 52 1875 2410 190 2799 3393 1808 2226 3486 3340 4024 
4000 2653 3143 2393 2584 4132 507 1448 2462 1293 4182 3483 2203 4695 4602 137 1514 4123 
3654 3079 2746 1855 1741 4367 2941 1014 1912 402 1833 847 702 2321 941 512 990 1027 
1793 2398 2212 3405 4427 3631 2666 3592 82 4439 3200 2641 228 1779 2802 627 2644 827 
4148 1859 60 4164 453 1782 4313 2033 1125 2026 2170 2330 4500 2380 707 4659 3281 4928 
545 4069 3283 3637 4177 3350 1165 2418 3748 1588 4872 4025 2981 1245 829 2677 2655 4487 
2889 1477 3961 4231 272 2237 2079 1928 2200 4476 1806 4517 4708 4114 4599 4357 3118 3985 
1362 1547 708 876 1416 383 2069 3925 4305 4458 1566 1415 2310 2771 4524 1594 2393 94 
2596 3193 967 4486 2453 2137 52 3584 1231 2144 1705 2087 3197 3583 2966 564 1142 1571 
3747 281 487 3838 4672 808 2834 1088 3696 2518 2294 3329 874 2591 3596 2799 2722 4476 
3257 2723 4745 4721 4691 3218 1196 4918 1011 4143 1174 4066 1852 1089 2823 4729 980 2362 
660 1721 3039 199 4235 2159 539 1915 787 2995 786 2341 2144 3927 322 3229 1552 883 
3133 4417 200 2277 2211 1443 814 4491 3683 1953 2931 1176 3381 3931 739 888 1466 1159 
868 1171 3176 3671 3411 1915 4105 4483 3502 40 1382 122 1944 3623 2220 3533 4532 733 
3011 858 3153 2689 4188 718 3900 386 3206 3007 4224 3359 3839 1465 3947 731 2242 2879 
950 3580 4157 2505 1218 4270 952 3346 1688 2577 2254 1790 1826 951 3313 3052 4218 2428 
4747 1931 1260 4923 4491 70 2790 4002 1883 3893 4126 4332 3783 18 1014 3718 3617 4366 
3165 1901 3756 3137 1526 4261 1234 1196 1842 1917 3181 2202 4521 1291 3973 2452 4667 1291 
235 412 1867 3641 2329 2744 157 1402 3716 2244 542 1682 3054 4501 1519 4409 1897 4093 
3399 2035 3359 289 3892 3756 996 3961 4672 4876 1809 4807 4428 3159 1480 1202 3313 2519 
4661 4767 3921 1826 3712 436 3550 1904 2004 2901 4414 1941 1119 180 2079 3428 1520 3413 
2183 2805 1626 4280 3531 2176 2437 2031 3295 2677 3791 552 1364 461 168 3802 38 3478 
4479 327 3278 1149 3888 1628 442 4260 754 2207 3293 636 2989 1372 2722 1201 1735 1323 
3614 4477 4743 4295 2953 4135 992 2973 3547 192 1890 1841 998 226 2073 2613 1594 4183 
3238 739 113 3307 2635 4124 2696 536 3710 130 1506 184 1592 1561 4266 836 2325 2580 
2365 4608 2020 1673 1586 1607 3452 3992 2252 4599 4518 431 2510 3195 4230 2544 264 1015 
4359 321 168 1691 264 4203 2451 2061 523 4442 1546 4613 240 3382 4008 2182 3084 130 
2040 1410 434 513 1109 4096 2297 55 161 386 76 2823 4797 3959 463 694 3144 3487 
2770 3885 1652 2918 1679 1039 803 2641 388 1833 2176 3707 4898 4763 2777 899 289 551 
904 4667 2476 1714 2801 3633 3822 1211 3800 2288 1362 4013 3310 1851 4607 3771 3206 3453 
4765 698 1044 3677 3718 2295 3043 1711 1311 4128 1084 4937 4142 3168 3769 282 2211 2504 
3721 1616 2910 4250 4581 1503 1252 4955 927 1995 2681 3849 577 4653 1628 248 4110 1747 
2166 2389 386 3575 3826 2672 4828 4014 1876 310 3031 735 4819 3438 1632 766 2410 487 
4365 335 4419 3115 3959 4813 2372 4811 2674 3552 419 1029 3216 642 2869 1125 4082 3269 
2051 2163 1053 3335 4503 2252 3128 1361 2932 3136 4480 3821 340 2571 2676 2015 374 3458 
1569 1367 2381 2283 4466 181 3575 776 762 4707 4750 2642 3324 4303 4834 396 497 1903 
2436 1093 3457 1306 636 2249 4251 1602 154 2815 4013 2220 1816 2505 3432 1650 3242 3201 
4531 4756 3839 1261 2382 1389 3692 1391 4761 4543 663 4180 4376 1740 2247 1727 2606 247 
1020 2497 4322 4462 4743 2094 4345 4484 4035 416 2387 4405 2756 377 4918 2582 2246 1205 
1789 216 4493 805 986 818 2044 4653 3014 2059 2529 2089 1984 4362 921 134 1084 3410 
966 3948 4016 2940 3072 1893 3807 1858 1288 1797 681 4404 1600 3985 4751 4719 979 3745 
1095 3872 2761 2526 1187 931 246 297 1307 34 3701 638 711 4470 904 1342 3502 1052 
4050 1559 536 4663 3821 2926 4739 4910 1382 304 785 2052 1697 1418 1799 2174 3160 3690 
939 2197 1545 508 1030 3939 4519 2826 3712 1549 1552 1286 1812 4462 3994 772 4295 2151 
2041 3483 59 917 2047 4861 2414 2997 994 4079 2686 864 2088 2330 2448 1010 820 2131 
386 6 791 1887 4901 1349 4900 4592 100 1693 607 688 1273 2999 3288 1048 2852 2252 
311 1963 2444 686 548 4407 4471 4205 4429 4160 247 3598 2969 4919 3845 2245 302 4053 
4840 32 4754 2422 1230 3410 4009 340 4777 910 3851 1272 2527 568 3350 1295 75 4168 
837 3106 951 960 3155 513 3707 1300 2938 4027 2318 4328 4755 1517 3463 331 1925 3556 
444 1452 2651 971 3548 3065 777 1478 119 1093 4119 3943 297 441 2582 4544 4614 2773 
4204 3826 3011 721 3278 544 2010 2296 1955 3609 4341 789 1790 2667 1640 2087 3760 3401 
4067 3229 2939 4492 1217 1046 2056 762 2431 2844 3912 2591 1589 3586 4651 1804 2346 3566 
3521 1163 2163 4670 4738 2302 3687 552 3141 3346 3540 2137 2384 2002 125 556 1486 4719 
3992 1053 3157 3773 3523 4255 3233 2714 1586 1299 4617 4151 1433 2120 1794 3041 89 633 
3528 1815 119 211 3759 4503 1954 2769 1358 1539 1229 4331 1792 1806 419 3172 4575 1648 
3468 2624 2785 2605 532 3130 100 1986 4800 2683 902 3730 4105 3027 4086 146 963 2577 
4655 4553 385 3316 1178 4468 149 548 3414 897 4131 1223 1897 2918 319 2790 867 1821 
537 1889 3665 1583 1908 4703 682 2595 1216 2348 3476 2492 4042 4736 1616 3632 247 2844 
2244 2224 3629 718 146 2676 1389 1566 717 3970 4823 4350 1628 3823 4485 4246 3383 1926 
4953 3782 3372 4084 4580 1174 3339 4265 2911 149 2690 4361 2212 105 1568 580 2411 4675 
2452 4658 184 735 2356 2756 3200 2126 765 3170 418 3348 2389 1971 4528 220 2746 689 
31 3123 3416 4619 2802 1059 4351 3232 1224 4155 1342 4601 4410 2672 810 318 4470 3760 
4728 2762 744 4188 3436 3722 2276 2395 1499 2643 1797 4148 145 4434 2585 4081 3512 4955 
4630 3450 4619 3483 919 2699 4292 4337 4956 2934 2554 4343 2186 3731 1828 4003 349 2427 
3451 2665 2184 4564 1304 1672 3129 3112 4763 3008 1538 4659 1882 1031 3513 203 4579 4014 
767 108 417 3772 1309 1896 2151 2201 991 4393 3883 2336 4242 4164 744 3201 3558 3055 
3996 3930 2335 4768 2331 4581 1236 611 2534 2543 36 3268 809 976 3854 2317 1295 2310 
1839 4908 195 4082 311 42 572 3655 3156 547 3618 1456 2103 1944 4077 4170 3268 1174 
3448 3666 3172 4024 2751 844 3799 4692 730 3579 3734 189 3701 4439 922 3155 3614 3900 
373 886 2033 520 785 616 4296 4741 1729 991 1131 244 867 2194 3047 4335 1979 4294 
1336 2122 3710 1246 4479 1959 2802 3926 1964 1092 4152 2937 980 2064 2633 4023 4683 1531 
430 2242 3567 4810 894 3500 581 3853 714 4294 3339 2680 1731 1755 729 2536 3174 1510 
3071 3787 4554 4023 421 450 2447 2066 593 852 2308 960 3806 2341 4445 1396 1071 2897 
3234 2982 284 2304 2983 903 3080 4877 4206 3584 641 3086 4480 2902 2210 4793 1456 604 
2543 3525 2078 2983 3200 2985 1652 572 2204 4363 2127 176 2524 1730 1591 1042 2990 3802 
4635 1879 3373 1519 4266 932 4304 666 389 2017 1788 3353 1677 1179 2175 2095 2472 1258 
968 4160 4504 934 3063 60 1648 3173 2219 909 937 4090 3071 249 383 3291 1933 3368 
4182 3064 998 1284 1869 2279 3441 323 1777 2201 3911 1940 3729 4633 3706 4681 1000 2766 
2568 4259 4042 2143 3884 1930 1302 4731 3084 1235 4149 1443 2846 2960 4369 2183 2758 1154 
2233 1223 145 1687 2626 1211 1646 2753 1005 4157 1998 1521 4359 2122 1312 2357 3663 2542 
1995 3354 781 3964 411 2284 1539 3722 4433 2412 1278 1568 4865 23 184 3547 2047 2969 
1593 2015 4359 4294 816 4478 4203 507 312 2639 2828 1358 4159 1507 3157 1835 2151 104 
3172 4265 2141 2198 558 1920 1963 4591 4259 1799 3355 739 1056 3098 3711 3494 3953 2122 
494 4102 1487 932 1303 338 1186 4848 4002 1377 2369 4753 3482 1710 4072 4590 4723 135 
4539 4930 713 1587 643 1259 1266 3905 2273 1250 317 1210 4000 1013 3983 2096 4333 1625 
1709 1853 255 1585 4610 4799 1088 393 4349 4292 405 948 3085 4955 3583 1401 3529 4334 
1679 3964 1741 33 2671 623 273 1924 1775 4792 2037 874 4931 115 1596 2817 1884 1621 
2756 3243 2402 3197 2033 404 1569 939 688 2268 1268 4646 671 3017 2305 4928 521 3867 
4742 3926 1042 396 4064 3222 2431 3670 3770 2696 861 3374 4871 4759 4404 809 1690 1658 
2054 2222 2169 265 4222 611 336 868 4863 1287 3332 2821 4909 1424 358 3606 1220 670 
4613 4390 4224 4297 4728 3154 2111 4194 4706 2070 2555 3679 637 2631 315 949 2522 1536 
2413 375 3452 2828 1550 2432 4516 292 1056 3082 1218 3672 3472 2594 2526 2084 153 1825 
1260 2370 1536 1422 1569 2177 3621 1326 2529 1021 3966 3477 2508 4530 2970 449 2414 3709 
1204 454 3396 4324 428 472 3274 4315 1434 425 1867 2727 553 1799 2517 1019 2248 3233 
3391 2181 2567 173 4130 3569 443 436 3046 2707 3945 2994 2233 3674 206 2926 4388 3372 
3930 3240 4405 116 1133 2690 4439 2683 1415 2185 4658 4874 4766 2078 3449 2393 4715 1289 
1092 1022 804 2126 3324 2893 2659 1000 420 173 4668 142 1534 2357 1848 4862 2800 23 
343 4902 2789 1882 3199 335 2403 1312 1966 4691 3718 2866 3536 2511 2912 2225 3707 1787 
3363 794 756 547 2278 3087 3146 1516 1347 53 2087 2303 4726 1771 4463 4236 3979 3509 
1781 756 3389 4075 875 4746 2282 438 1435 4429 1799 4918 836 2646 3380 574 2732 2251 
4126 4047 1681 4090 17 1640 826 1369 620 1697 2231 2270 1912 3672 805 4101 4631 4660 
1908 1510 4060 3792 4662 1808 3935 3597 3610 4265 2840 3178 1494 4331 95 2554 1285 295 
325 705 1242 2591 4758 4289 1759 191 3823 3191 1861 1224 0 20 872 3859 1911 337 
114 2812 4409 4425 837 3702 4819 212 1644 4243 4170 4091 4737 4104 3833 1779 2521 3326 
3883 2128 3250 3325 3585 830 2336 1221 4551 467 3021 2725 3754 3318 4793 2190 2536 3510 
1406 4209 3310 3821 2369 752 3819 1174 338 2408 17 2719 2252 4661 4483 3176 3168 2241 
4744 679 2940 3717 1612 4548 995 4230 2547 375 2593 2055 1652 4121 4644 4224 490 3960 
2276 2365 4921 4745 3740 185 795 4307 4004 493 3398 2001 465 2880 901 4660 2768 3969 
729 806 1199 4822 3189 3353 2412 4772 3395 4492 3080 1619 2919 3430 4926 3373 3902 2916 
3253 1289 3020 1986 1633 3815 1472 3766 928 347 3534 1670 396 2862 87 2167 3436 4869 
692 126 81 797 11 2341 2038 4368 3334 4636 3576 3794 2081 1957 1555 2611 4100 2127 
3433 3529 3285 3598 296 1977 1430 2297 4679 3098 901 2410 2968 696 4778 1802 2711 4739 
3218 4104 3370 213 2270 1612 2922 1397 3912 1883 1153 2445 2807 799 3109 3970 610 3110 
4931 3153 2696 4519 4833 2327 4876 2655 4933 2993 4390 4664 4440 4581 2813 2107 1398 2057 
2640 3253 296 4112 186 3900 3858 4143 1392 3593 426 4274 4466 2955 986 3622 394 4308 
894 2411 3895 1475 3800 4369 3470 2349 1886 755 4294 584 3096 3041 1773 3784 2827 3629 
906 4724 1016 4869 2125 4052 4408 4042 4440 1058 4453 3959 2629 2968 3179 3548 17 1656 
1759 2508 4072 175 3672 2848 1081 2345 4201 3801 716 98 3552 2478 4604 3205 3326 2186 
1876 1359 1622 2758 3019 2597 993 4612 4940 1842 3574 961 50 1228 3420 2863 624 666 
546 2685 4209 1598 527 4002 1272 3953 1441 761 1128 3860 2483 3971 4942 555 4139 1539 
1027 3098 2618 3180 1156 4311 1840 3959 886 2869 3395 3890 2461 4579 3126 2979 1725 1671 
569 4894 3926 1231 1428 3 1908 492 253 3866 1137 762 4653 1129 1947 4525 1989 3216 
4347 1958 1777 4406 4261 3914 3131 841 2653 2596 4233 2624 2147 1575 1168 1285 3720 4307 
376 2669 2164 2060 4884 358 296 4603 4428 1400 2187 236 4087 2529 2201 3626 796 2817 
599 267 3780 108 768 4745 2724 652 3248 1202 2380 2217 1675 1497 3641 1041 3567 4267 
2997 3069 363 3895 1530 1216 2191 2824 4917 3752 1412 1023 2713 4502 1321 2840 372 4196 
2823 3311 504 2901 4669 843 3287 961 4213 1713 2766 1571 272 644 3585 3981 1835 1528 
3551 5 3074 711 1327 2601 3547 1179 174 1289 4247 2869 3735 1063 3045 3969 4882 1347 
4089 1587 4896 1353 2618 4740 2024 1214 4474 1113 2717 4861 1517 3345 3411 379 3691 3785 
1736 3067 4637 3763 2752 4348 1531 1779 466 2234 1825 4406 3860 1357 3722 52 4229 1147 
1132 1633 1062 2042 4168 3784 2627 670 36 1056 4547 37 24 3317 2669 4752 1761 333 
1595 1184 1288 1326 4153 364 494 4678 878 3984 1144 4058 4846 4388 2296 2904 3865 3130 
150 3535 2273 1206 896 3498 3686 3378 656 4894 184 3642 1255 1430 2456 2650 4808 4116 
2477 779 2206 1461 3407 953 862 969 4317 2646 4281 2978 2976 1788 252 3278 4019 4640 
1564 835 4169 4720 2261 840 4240 791 4252 1610 4458 918 1625 954 4392 2970 714 2819 
491 4733 3065 3362 4767 4549 4614 2415 340 4757 2094 3106 855 4410 3743 4450 1415 3804 
236 3021 4930 2877 4675 2429 916 2967 1492 891 2764 1735 4454 859 4706 2040 816 2285 
1663 1970 2400 1457 3331 959 3703 293 3413 179 740 2478 878 2832 1508 3447 2946 4542 
1937 3443 111 2009 2522 1429 2265 1146 314 3595 4560 568 3932 2079 2566 874 375 1116 
4588 4281 90 2258 4694 194 3751 91 81 868 3054 4285 1502 2268 4148 224 1060 1014 
187 3541 1939 3795 1981 3563 2273 2186 3668 1632 94 2392 609 1096 1644 478 3498 4620 
3581 2960 3180 347 3223 4279 3562 2646 986 1779 871 3010 2034 3480 2859 1321 3109 2207 
2279 4124 2648 2585 4154 4666 3886 486 4395 3290 4373 956 1109 3321 1249 2534 4894 3561 
8 145 2042 3727 3697 4039 3936 3417 2500 1646 3873 973 4729 558 2490 749 1108 1290 
980 1421 4919 4088 627 1614 1004 3594 3407 4786 475 2103 309 3600 3318 3404 1242 4755 
1537 194 5 3284 2650 1923 3682 3874 1461 4657 873 2710 140 1898 4572 3536 3624 2013 
1896 4653 1934 3413 2850 2624 4300 1723 778 1943 4062 4433 4164 4019 4398 1988 3216 4507 
106 3585 2191 4523 3488 3775 1668 1194 1028 4497 3498 4635 386 4102 3917 895 2845 4889 
2215 69 3724 1428 1007 4333 829 4419 854 362 2669 867 3854 220 1583 4599 2853 1802 
1996 4514 1068 4182 2602 405 2695 3286 3853 1826 1882 3059 190 622 3659 1683 1886 4759 
888 3146 4753 1405 884 3574 1657 2564 3060 2913 1062 2207 4588 514 329 2715 1342 2584 
4320 163 1951 1645 2247 1797 3229 388 1685 501 3608 4931 2866 1079 3719 1110 22 767 
593 2940 594 1776 1912 500 555 870 3337 2658 4168 488 4399 3267 404 4045 2967 1155 
130 4375 531 3696 4899 1639 1732 2555 3801 3679 3917 2439 897 1128 1307 2351 3926 4299 
2004 1858 2371 1824 2753 1391 3093 1428 304 695 4027 1635 1635 215 2443 1021 3231 1259 
3331 1389 298 4217 1146 3811 2995 1734 1451 2626 3999 4425 3239 3884 4874 352 2072 591 
1771 4832 4353 456 3222 392 4938 3686 3061 2296 4444 4133 3767 67 1913 4818 2094 3129 
4692 1804 425 2846 3079 3519 3588 1328 1816 4550 4637 4497 3440 159 587 3958 1436 1635 
4778 2232 3257 1623 2989 4516 1869 1100 3558 12 4034 1501 3540 110 1481 3182 4527 1397 
3392 2210 2924 2102 1777 1335 2061 3452 1115 875 4256 1360 22 2796 938 3457 1976 2987 
3004 606 2074 769 3330 1199 3227 4331 163 224 2016 4392 1969 1984 4882 1604 2145 4525 
3018 2738 1514 4952 3177 4811 2355 2051 3033 4245 2672 1879 3916 835 3590 3642 1653 3084 
3836 42 1948 1755 3280 3389 2584 778 3615 371 984 3180 633 1804 2955 4626 1924 4250 
488 3971 3728 858 3070 2255 320 1258 2829 4603 1951 130 4950 1582 3002 3288 2883 953 
996 2938 2131 1544 1984 3856 2368 4843 3338 3471 2156 1535 2183 829 602 4365 744 4741 
628 2845 782 4794 794 3697 3422 1464 629 4830 543 180 2010 3164 649 2406 3374 2929 
1203 115 3234 3750 493 2713 2103 899 1920 3886 2674 3648 687 422 1063 3811 1852 528 
1840 702 4825 3302 4959 1155 234 1388 4360 1998 4809 2394 1631 1758 4648 4804 2757 3912 
4848 1927 509 2626 2224 4686 1058 2177 4582 1724 1887 4031 4660 1121 642 4303 1237 4706 
1596 4483 4159 1930 3242 1487 4851 1610 1991 4759 3464 922 2277 11 1202 2280 3508 1543 
2376 8 4778 2594 2032 3967 3643 1050 4390 194 622 3047 1686 353 1757 2127 2036 1805 
915 4827 758 3879 3309 1738 1865 3151 417 3507 1492 2746 4511 2472 139 4796 1361 68 
3056 2467 2509 4723 4910 3804 4209 3885 2246 2620 446 1439 3544 2303 2727 4508 522 1961 
988 4647 1117 2480 3091 4033 313 3116 3960 3227 4532 574 1698 537 1740 303 4671 4069 
1878 3003 2365 3201 3539 2852 183 69 3058 4119 3340 4785 1657 3107 3227 4519 672 2167 
2225 2997 3192 891 2529 2401 904 2610 1831 1188 1741 265 3928 2874 4826 4584 3167 3597 
3714 1206 1812 2251 4859 1436 4002 2047 1576 4729 1106 3428 1752 1662 4297 1155 4624 4621 
1486 3234 4382 1447 3540 4019 2950 2965 308 4347 798 3390 4775 2531 461 3985 1948 450 
3119 1611 2857 4108 4737 4440 4814 3129 2343 1383 3482 4026 4806 3368 2985 3890 2027 499 
1162 4922 4302 587 3574 4479 146 3142 4831 3939 4007 4275 4947 1413 3108 1622 2608 1361 
4224 3983 1453 1338 2448 1556 833 337 4371 2057 4173 2447 320 769 1739 2723 1029 1410 
1375 3889 3869 1866 3901 3568 1224 1898 879 4592 780 1309 1823 584 29 18 2959 2218 
3109 4446 813 2319 3175 2042 4669 2252 2348 2273 4539 2096 3230 1704 1785 3766 1163 1662 
2751 1519 2192 4420 133 1275 4227 1039 3472 2647 3227 1863 3225 1402 2963 3093 1504 3415 
3886 358 2161 4548 3046 2179 1455 4050 2682 1301 4061 2769 2747 360 1013 2823 4081 1595 
2975 1329 3915 3256 1317 4217 2242 1398 931 4384 2743 3223 318 2430 3438 1954 2275 2740 
3791 3333 2232 4674 4442 1067 463 2557 2560 1868 2549 1935 3493 2839 1161 3435 3967 3362 
98 3442 4397 3652 2912 2895 3419 4844 559 782 645 2422 1160 58 595 2922 2136 2487 
543 2027 3184 3706 145 1245 1691 2857 3643 2659 3970 2961 3781 2632 127 2299 788 4721 
4561 637 4875 392 1151 1466 1700 4819 4103 3077 3446 890 4175 2401 4050 3872 3846 2275 
4528 1899 587 407 3209 3460 50 4841 653 1580 1183 4759 471 1524 3888 1274 2948 1369 
1472 4269 2907 3083 603 2962 4792 2618 1882 187 2300 2992 2502 722 2358 2858 2617 3827 
1730 1243 33 1628 3664 2738 1405 3300 3462 2454 2262 1374 1002 3805 2601 1688 3165 3742 
2560 2751 2013 3289 2398 3864 4189 2015 2053 1345 1006 1380 302 4769 542 3075 2941 1093 
1560 2502 3168 3756 377 2779 4586 771 1794 4029 1366 4065 4505 2932 343 4913 1494 2913 
11 598 4230 4767 1164 4707 2741 2372 3699 4882 4792 1436 275 2014 2881 3520 1803 142 
3074 2429 1114 298 4209 1521 3916 311 1986 3426 2390 1183 3210 507 3808 3223 4353 3926 
1089 3342 681 1777 4852 3325 2842 3420 973 2436 1737 347 4039 4944 4489 4056 1251 4084 
33 465 2128 1142 2185 3534 1054 179 2240 322 3943 2183 312 1877 5 3127 4787 391 
4368 2337 1081 2669 2513 4450 3085 3335 405 2295 204 1128 1324 2414 2701 2446 998 1611 
3143 1851 949 4244 720 692 1721 2676 178 3496 603 282 4851 1924 4384 2318 518 0 
3414 1583 630 714 3863 585 4856 2931 535 312 494 827 4065 1289 3092 2056 1395 908 
1756 2493 1772 475 2805 4743 3185 120 3309 724 2909 1978 4319 2005 337 2549 4486 297 
3229 2056 4139 3605 2710 501 3446 1381 1755 4921 4358 1755 1145 973 1600 783 4482 4575 
4066 4013 4929 2635 109 3446 4099 3610 3916 2591 918 2951 1579 276 2108 2518 3809 52 
86 2900 2627 2329 2352 2022 3469 141 4703 2765 434 2317 2851 3300 1605 2851 4115 540 
4808 1703 800 3934 4671 1654 3214 3532 3133 2987 4129 3090 3258 4644 3927 3422 2424 2526 
1282 3723 388 2700 4615 2291 4250 1384 1951 4295 3170 3425 1804 2836 4809 4420 2915 2616 
3452 2301 4155 1334 1567 36 2410 74 4958 2688 3207 3354 825 3765 2475 496 995 4314 
728 3272 3313 991 3550 366 3082 87 3423 920 240 1772 1503 789 2345 400 1062 4047 
3899 2730 1101 4309 1407 3522 2558 2172 3279 175 1730 382 1120 4790 968 1387 4391 842 
4381 381 3204 2834 1536 77 3611 911 1572 1718 2792 4095 2857 4120 3113 4466 3470 1735 
1534 4155 1921 3746 3086 3920 3498 3839 3393 1959 4405 4828 232 1523 4675 3834 3083 3002 
288 3054 557 552 3566 2900 3123 3147 2805 851 691 4033 3786 2895 3082 728 3576 1951 
3586 1422 1530 2478 3700 2147 4275 1454 1365 1552 1911 317 973 4692 1689 2516 1357 739 
2919 2694 76 938 2540 449 1982 1061 3913 1780 3844 2085 3247 4238 4796 4348 2052 4505 
1154 3385 2591 3726 1856 763 2141 1877 4617 562 1071 4153 1209 591 1560 1567 341 3213 
3711 4407 2488 1977 1169 4406 2367 472 533 4814 2786 1061 143 2404 353 3135 3368 3935 
3867 2585 3211 567 2924 3603 577 1879 3403 75 970 369 3233 3895 3493 180 3660 3615 
4129 2309 3006 2296 966 4309 1061 3826 1892 1602 506 639 2169 4422 217 2836 2918 1201 
2790 2143 1391 1088 1533 1778 3803 1587 2328 3315 4367 1903 133 364 4265 3623 4343 1740 
2388 1866 2207 631 731 4433 1515 395 3874 2135 3367 4916 3592 4910 2705 4910 1476 3983 
389 3823 1586 448 204 3867 3993 4312 1060 2102 1565 3498 2745 3031 1187 3344 1632 3452 
754 13 3102 2695 1978 4769 1414 914 4908 4284 4580 1839 879 1635 4589 2955 4596 887 
1159 4308 4604 3520 2192 1935 548 4922 2657 471 341 850 2480 4618 143 2373 2154 4027 
4117 3223 1000 1649 40 2307 1876 4386 1252 4014 4703 1974 442 2099 4724 4841 3978 3907 
3731 2315 2060 2033 2038 1341 3151 4271 1801 3415 4548 824 2351 2259 246 2664 687 3138 
2925 2332 2117 3199 4239 669 1735 2712 171 2894 4917 393 3542 1296 1286 1676 4099 1696 
3891 2076 1737 1784 2005 2165 2374 344 4280 2650 4432 2921 601 4325 1320 1009 439 4317 
2027 2689 1304 4232 4854 3545 3972 3977 2836 4677 439 4205 2979 2641 1433 3118 3733 4531 
4485 4363 1323 2063 4456 4518 1812 4397 3484 4106 1679 1655 1958 2648 1148 1087 4860 4942 
2 37 565 2457 1038 99 60 620 3619 1516 1581 3146 3144 2185 1465 1576 3677 2943 
2145 1696 455 1441 3258 4800 4443 1607 3177 773 4439 2402 658 173 2112 1453 3048 4234 
2425 980 4427 3182 750 4188 615 3833 2810 1825 4652 4747 2942 891 2001 703 1510 679 
3158 701 2388 3685 1104 3159 3084 1235 4914 4863 14 3887 2619 3905 4582 4035 1085 4957 
4453 3869 3599 2016 2582 4812 2073 4438 1146 2960 4181 930 467 4397 40 2513 3058 3051 
3000 1588 2175 1141 1265 55 4461 1368 1202 2558 1745 691 534 4924 4095 968 3091 3791 
2453 4288 474 4148 1566 2218 1935 2364 3623 311 3954 820 4707 4886 1263 1014 4747 1273 
3479 4704 4015 1213 3450 3622 1160 1776 4079 4410 2408 3060 4009 4777 3868 3339 4468 4393 
4069 2468 2734 3384 1037 2148 1307 2760 260 1569 2955 3863 1881 2592 1866 820 3932 4742 
952 1028 2863 2411 3208 2329 4853 322 2716 244 3533 619 1591 738 2810 4733 4375 880 
1983 4223 203 2621 4651 2771 4389 3181 288 3206 2813 3533 1674 1184 1327 2102 4400 1689 
570 272 196 3465 2816 2728 4134 3819 917 2258 2992 2351 16 448 3074 3777 4397 3101 
1387 1172 3237 1146 181 2909 381 455 268 4484 3232 4773 1138 4929 1285 4464 2260 2956 
1356 3124 4830 2775 3033 4870 2120 273 598 1477 1655 525 457 97 3335 2260 1775 965 
3686 1811 2065 1864 705 731 206 3852 425 4056 1873 4400 3953 3560 4886 3703 4314 319 
553 4344 942 2381 1442 2830 2952 2472 263 3480 2307 4099 4683 3377 2396 1421 3376 3096 
3807 259 3136 2610 2746 3481 1131 874 1546 3682 3371 1882 237 648 160 2032 644 3955 
4400 3740 2886 2051 943 3671 1948 3794 2615 2774 3709 152 2548 4415 3761 2570 2844 1857 
3957 3356 1170 4138 1785 2240 3910 3889 1374 2664 531 4223 3478 3883 2704 3004 4917 1044 
1463 3736 3675 3814 3290 2081 4182 3944 2201 3126 1756 1082 1345 741 3946 376 4576 2945 
816 1502 2199 3820 4871 3480 318 444 4727 3617 1897 1313 2068 4346 2413 3013 1458 4824 
1224 3244 3923 890 128 622 762 1533 2711 4819 1410 1435 4743 1342 4520 2724 2215 2305 
4689 4290 469 1487 3285 4328 3539 4090 4227 378 2615 2314 2504 2919 3305 1018 794 4465 
3778 734 1933 1342 3996 1010 4637 2922 3682 19 673 690 3278 2407 2662 847 3330 4872 
2912 946 3859 1560 2757 1194 3244 3466 2717 1433 758 2261 4172 1646 2200 1913 3421 4664 
1390 1713 1676 4130 464 3783 3867 2512 3648 392 1654 1301 4155 1406 4723 909 1574 4560 
3558 3068 4134 86 2437 1416 1062 1741 3343 2013 2691 2032 3748 4696 4041 3846 3818 612 
2073 4229 1641 608 1950 683 3436 1550 1603 2809 1798 362 1176 2172 3587 4130 3128 3490 
211 978 4505 57 1319 1729 3598 686 3870 2752 2012 3054 3785 2857 3175 2169 4891 4485 
2411 1938 4842 23 3102 4152 652 3449 3747 817 1850 4165 1402 4160 2474 326 2793 1099 
840 3519 146 231 2806 1800 960 2477 187 4424 4529 1410 2376 1780 2034 1095 4339 3743 
61 3288 3930 2799 999 949 2474 2010 1453 3308 2777 3201 1459 1039 4414 3832 730 2054 
1195 2436 818 3678 3754 1653 799 2504 4191 4148 498 1288 4326 4158 3567 4080 3573 1812 
3651 2586 1319 3995 1986 3403 1620 2286 2556 1970 4212 361 3020 3482 33 1558 2986 4555 
4861 2869 1978 1369 4201 4377 4241 101 2553 778 3060 477 3037 3126 3136 3014 3941 2606 
1975 480 3380 165 3021 30 4571 316 1978 3931 510 4866 4528 1407 4019 3019 614 502 
4486 3536 810 4927 1505 538 747 3474 4533 1090 4630 3962 667 4795 3149 1168 4645 4903 
1297 17 2355 4875 4688 4048 4624 3106 320 4637 4702 3766 1367 3728 4436 3165 1903 1121 
1355 2023 2455 973 1624 795 3561 506 1229 4329 1813 3125 219 2811 3353 2921 2630 2133 
1275 534 2983 1524 3907 2821 2218 4539 3735 2430 2965 1086 1774 3060 249 2590 2046 1471 
4530 3587 4438 2759 3215 557 1924 2687 3076 811 2108 1585 4436 1049 2242 4440 136 3539 
1450 4895 252 663 1960 3105 1293 1908 2045 4244 2610 2136 3441 4951 275 2749 250 3984 
2768 3762 912 2166 4711 3754 2847 884 439 3883 4754 4166 3938 1674 207 4923 4351 1861 
1285 4245 3226 1811 4887 2542 4112 4818 645 2623 1420 602 2342 4452 4131 3578 227 493 
3894 2433 4432 4116 458 3443 1647 1106 2749 4724 3494 3692 4615 4632 2878 111 2888 1322 
1018 805 4266 3464 2188 4684 818 4216 870 684 737 826 949 2917 2314 2050 861 4528 
4009 2095 4068 3415 4741 4810 1166 797 1371 1363 1111 493 3332 2434 1690 4475 3536 22 
1273 3092 1404 998 1919 3131 1749 59 4729 3546 4232 1851 4292 3182 3950 418 3772 4606 
2667 4944 602 353 4454 1581 902 4523 2941 3254 643 2943 2419 544 2576 119 1788 3224 
2521 170 2521 1272 4596 3315 150 1523 74 4674 1569 356 1008 1081 3633 4148 442 1657 
2428 3170 4950 589 2709 2145 1970 4156 488 4519 3836 3317 264 2727 4317 624 3009 1085 
2505 4038 4361 395 1957 3760 4921 1939 2421 1480 4107 4169 2925 785 2405 2361 921 4238 
895 4746 2494 1494 2200 3080 3764 4553 4106 3950 2412 3753 1884 915 916 1278 2289 1033 
600 1653 4550 1233 3316 4591 1326 4702 753 4648 4164 4617 808 3954 3268 3663 297 3659 
808 4450 2879 2578 1423 2833 1705 1647 2855 4360 886 3958 2234 2299 2171 3192 2828 1924 
3531 1619 4922 2034 2887 4127 249 863 4783 1837 3641 784 4915 1936 2043 3788 482 4754 
2754 2587 549 2801 4487 2878 194 1558 1448 4665 857 2280 3004 4734 1428 4922 4324 3517 
1420 1857 4589 2109 2700 2004 2870 4303 2405 286 4890 2691 3719 1202 3622 2828 4147 3799 
2032 2456 1532 4332 1855 1372 806 4009 404 2262 2704 4007 458 2946 4240 3103 1507 4897 
4084 1199 1477 61 3213 4897 3172 3093 3210 3051 3801 3617 3495 1057 4339 2369 1967 3131 
877 3122 716 181 4363 1459 1884 4318 580 1522 2173 3188 4926 1810 247 3385 1007 985 
4230 933 3491 4402 1562 2469 4847 1803 1574 4045 3452 4258 1312 3771 1455 281 3915 2240 
923 2498 2173 170 973 31 2136 2800 4584 1810 160 12 3238 3516 150 2545 1720 282 
4796 2269 2032 1913 3626 4633 2007 1167 1128 3279 18 3463 1541 518 1484 4944 1867 871 
3602 2136 4511 3263 3546 4183 4707 2263 4602 975 960 3247 1439 3774 3689 3639 3005 1213 
1214 1609 733 3159 573 1948 1190 3587 616 3428 4551 2999 2355 4287 3183 1397 1307 4208 
3500 2879 3609 75 3684 4738 2729 1527 3528 1123 3863 2155 344 2467 254 2306 4510 543 
252 3846 4942 2817 2265 1634 3313 4628 1249 2169 2527 2865 4659 2184 489 2414 92 4071 
4805 2200 661 2202 3093 3124 879 319 4057 2073 3314 1108 4123 2815 2903 947 554 1996 
862 2192 1763 3538 2133 183 2750 3709 2137 1083 4059 686 2908 4201 2452 3245 1199 748 
2182 969 3816 3644 1162 1803 3912 1635 4865 4267 4406 2035 284 4694 2969 3886 3353 488 
329 3892 3227 3124 2396 3302 2148 3294 1615 1670 489 1245 3797 907 3692 3971 1028 4435 
2556 3909 2984 774 1559 2009 4933 1105 3165 2805 878 985 4600 3232 1030 937 1409 4000 
4682 16 3085 2205 4052 4946 543 3608 101 1656 4903 1238 3359 3260 3083 142 2089 973 
3753 2584 4161 2081 2818 232 1720 750 1799 4102 3439 4414 496 3842 753 4367 4465 1312 
2414 726 4305 1307 66 4829 2615 1701 4475 3118 4849 135 65 3065 3239 1573 3414 256 
3804 4956 4062 1829 3382 4508 4657 4358 2756 266 350 3758 3163 3160 1380 2832 2476 2012 
4811 3969 1517 523 1184 573 4930 3715 2339 2028 4882 2537 3590 1805 1309 2746 1955 2327 
4297 2172 1406 2135 1029 2970 2027 2363 2361 1304 1575 1135 2457 3250 2964 4890 2993 4012 
3525 192 3159 1505 3733 4128 2161 4622 611 4607 2194 117 1999 586 1488 3882 413 122 
4703 4677 3706 1362 1225 362 1938 2861 4369 947 2153 4231 4092 982 2284 1289 4123 3353 
2061 2290 3610 3918 733 4006 3995 2786 1092 400 2875 8 2586 1293 1756 44 869 2255 
2678 2319 2603 372 2248 1796 3348 3801 2520 482 1112 384 990 739 2333 798 4903 3043 
2677 1499 46 2916 396 1590 2591 380 3270 193 467 805 3407 400 2745 780 709 475 
1977 4181 4958 4317 1695 735 4151 3103 4224 4785 4952 3633 4112 545 545 3517 4662 433 
1544 189 1734 296 2986 708 828 2731 180 704 3217 4375 3906 116 1324 435 917 565 
4854 4917 2374 1299 561 3069 2164 1339 1430 1017 3009 3969 943 4202 1988 4388 1505 4674 
4375 2401 108 1031 2159 3964 1478 1437 3822 4325 3758 2596 4736 4168 735 229 3785 4103 
3564 1220 406 4106 1888 1766 1 3347 2918 2705 3442 1273 2523 1906 3186 4902 2524 221 
2517 2796 679 3627 391 2725 22 4040 3666 3108 218 2349 1211 2256 522 2877 447 1389 
664 1330 3151 621 449 444 816 3172 318 3066 3913 3511 1608 4662 3532 4755 4633 3160 
699 2612 4219 3455 1942 1918 229 571 1569 2475 4234 1067 2401 1161 3363 298 508 369 
3039 1456 4314 1166 890 1161 1580 1208 934 1220 3244 2754 4820 487 2348 2198 1521 821 
2597 357 416 1224 3296 3990 1420 2140 2365 3463 4670 3278 15 3336 911 3865 2780 1124 
245 2922 4418 4204 2117 1444 705 2620 4741 1666 2316 365 2235 2437 1548 4269 777 183 
3985 2560 4341 2766 3127 1327 4588 3077 3180 4489 4941 3576 4056 4433 1095 2610 1428 81 
957 258 2658 3312 247 956 2271 2370 1160 3127 3845 3235 4620 2525 2391 1430 1767 2536 
523 1770 3819 2213 3880 3842 2255 4598 1504 762 4804 4525 2960 3969 615 2867 4900 3279 
629 2613 958 4157 4768 4819 4869 4896 1368 751 3715 3944 305 925 795 329 423 4101 
3818 3765 16 152 3472 2814 4721 1015 1582 4609 281 2239 1737 3286 4380 529 511 117 
3460 4093 1833 542 4830 4027 2160 4028 2170 859 1959 1016 786 1595 1400 2925 1125 4935 
2415 985 873 3195 1012 1373 1765 3459 3190 4394 4775 3841 2410 2654 3049 4657 4560 243 
4676 3038 278 3011 1411 2023 3774 3339 3537 1509 613 193 4893 4866 3820 849 4746 642 
2457 3832 1267 643 4481 856 2981 46 1539 2701 382 4112 2189 2258 4669 1815 1576 1897 
855 492 2583 3243 3696 688 3432 615 2451 3120 4280 3595 2996 4855 2354 2521 4823 4597 
407 4800 4736 3212 4896 3134 538 4786 160 2775 707 1408 21 4657 1589 1603 49 4391 
1417 2911 2490 179 980 4763 565 956 1784 2065 4855 497 4209 3961 3254 3153 1463 4753 
1250 3768 1834 639 2654 299 579 2692 2009 39 3108 1716 2229 3302 4871 2447 4381 4582 
2207 1129 649 2599 3404 3063 3091 1104 2837 54 4830 1587 3639 880 45 1298 4534 4573 
1080 674 1220 243 893 4047 4427 724 588 2326 1578 1652 2808 4562 2115 2907 2754 1852 
366 867 2969 4532 0 1933 2986 4516 3520 2762 2852 809 4192 1678 1218 76 3471 1437 
3285 1771 482 4649 2099 3263 972 1025 134 693 2228 4921 3655 1895 4035 4691 3568 1298 
2173 2503 421 206 1159 4094 4322 80 4326 2631 1088 720 2048 1288 3290 2374 4559 3358 
4563 1784 959 4839 1488 1470 933 1580 2409 626 1313 3339 1200 1190 1531 4141 1059 4821 
4917 4614 440 915 2491 1844 949 1225 1226 938 4639 1156 533 3 1029 3778 2158 597 
2621 134 4000 1758 2900 4146 4328 1255 183 3568 2993 4670 4580 4074 2486 1970 1832 840 
3829 1874 4128 468 1702 2028 3723 1298 658 4518 2249 471 4377 1670 39 1307 3153 706 
2794 690 1455 2966 3261 2378 1561 1905 4825 4540 1721 1629 3969 174 4088 4040 4665 2143 
1708 2191 4755 3490 3693 4601 3908 3544 967 936 2580 472 4469 273 2820 4184 2863 4592 
1770 3609 3580 1561 1286 505 1827 2025 1967 3243 4724 3570 1606 1512 3407 2811 4374 3853 
3958 3071 1015 2946 4435 912 436 826 132 1037 3676 492 4761 3973 1195 2293 4658 305 
1565 1403 2091 1374 975 1263 1398 2783 2166 1495 3928 1271 243 2533 2313 3005 3564 4659 
4014 3741 4461 1469 1941 922 3558 864 346 2202 4853 4051 4648 843 796 566 2238 2880 
2418 2984 1748 3090 1061 2320 1576 1086 4063 139 1914 4579 4727 2388 1001 1645 4392 3246 
2109 3759 3091 4502 4837 3150 360 1420 2458 3258 4356 2328 2005 4231 4181 3438 4518 4271 
2961 3985 4913 2875 4663 2224 3866 524 287 4419 3096 3096 1819 1726 2968 2917 226 387 
2847 4018 2932 1506 168 3610 3616 3785 166 4098 616 3095 3301 2966 4828 1590 3804 64 
1313 4033 4911 425 1339 4059 3639 2745 3556 145 2361 1892 2897 3986 228 356 4571 2458 
4576 3714 2193 624 1036 4082 608 1297 691 4668 431 1235 4212 2700 2981 24 2195 4898 
1860 2658 2766 705 4699 2012 3861 298 4952 2470 983 898 505 1826 3217 2157 2092 1172 
3570 4646 1395 1212 148 2444 963 2899 4664 2392 291 1579 910 4058 4276 1826 2307 3634 
755 3261 3983 3978 2969 2585 3667 1785 2538 3963 2222 2952 315 1150 3279 1271 2425 1637 
3538 1332 3698 933 3336 3759 2500 3776 4184 3221 131 4714 1491 2379 4597 4220 974 2942 
1678 1085 3450 1702 905 1027 3232 1190 57 2882 77 2779 4772 2444 1908 2420 2636 4035 
3725 330 3267 2640 3164 4177 3363 4505 4514 1251 4167 4174 1733 2560 4475 3951 1568 3167 
924 2801 1675 1555 3909 2494 28 2083 1237 2615 993 1428 3830 1108 2183 4734 4790 217 
1600 2651 4756 2587 797 1517 128 3379 2383 363 3524 1604 1516 3732 2383 1931 4181 4135 
4059 460 3105 2178 4600 1153 782 4497 3750 353 4833 4443 1805 1847 1123 1685 4231 1556 
4732 3242 3155 2489 3264 2754 261 4578 2930 3948 2126 486 2769 1132 406 4060 2133 2347 
3378 2509 4350 4201 2987 712 4643 1026 1192 3815 54 2916 181 4374 519 2539 2505 2298 
4406 4384 603 3409 2330 3913 776 809 2518 4172 2573 2243 1389 2398 4190 944 2728 4880 
1240 4138 4017 1153 4058 1083 4299 50 2176 340 3808 4298 4841 2905 1068 511 837 4074 
281 456 3880 3650 3964 4298 2289 1351 2844 4910 4913 4622 789 3404 1856 2647 3517 950 
2559 2778 2792 4655 4548 597 756 3292 3433 4428 2650 1593 2433 2915 2534 2461 3 3351 
1041 3764 1290 1877 3781 659 2154 3661 3614 4623 1092 3870 1618 1021 961 4046 2968 2833 
4462 2765 3510 2856 382 3028 2371 4629 3850 643 2367 1477 3832 2418 2495 479 2098 2015 
1 2075 4918 3116 4606 1489 533 458 3923 926 1462 1591 1234 1781 4740 1863 2394 3641 
4197 1672 3119 1290 1024 1749 2594 4770 290 127 4800 1681 1655 413 2960 1131 2568 2308 
2810 1807 1369 2361 4806 2675 1475 2569 4328 3762 1947 2873 1011 433 4432 988 3509 1885 
1143 1839 1553 4070 3147 2523 3219 1913 440 283 4843 572 398 834 4038 2967 4232 4184 
3905 4207 540 2462 3032 521 4596 121 2947 1570 3753 712 2130 3558 4736 1584 1508 1104 
1400 544 2393 3592 1954 2265 4935 251 1327 775 2586 3052 4518 2956 4074 389 4434 1570 
3576 2530 760 1949 4371 1660 3057 976 1678 2675 1076 4378 2396 4219 2057 4005 696 4434 
1414 953 2689 4823 2856 107 1369 3806 1909 2364 3444 1616 1192 4688 1885 353 3294 3230 
911 1060 1469 3331 2002 4385 3250 4088 151 3188 3214 2833 1256 3223 3351 48 617 4748 
3457 452 3161 4741 3853 1627 153 3165 2861 3625 3707 4508 787 3800 1873 1070 3688 1882 
447 4185 3851 4757 2680 2487 729 182 1677 29 1078 272 363 114 2477 1857 4819 3295 
2152 3692 4819 4248 2294 203 926 2788 984 1146 2797 4911 4198 2233 3730 750 3403 4441 
2403 2449 1024 3311 808 2231 1608 1116 880 2821 4541 2526 1942 3100 1577 4227 3212 594 
2470 1829 894 1418 417 193 2178 2271 3847 4897 1507 4308 3103 1320 2164 4318 2778 701 
2564 3308 2197 135 2510 4702 4947 2535 2194 2216 1350 364 921 1 3283 4654 664 1622 
4483 4554 2547 3843 4228 1497 1622 4589 1968 3337 1261 4730 483 4573 3665 3659 2213 49 
1179 4200 4114 4387 398 1586 90 4389 968 3806 3379 2928 2168 3515 1188 1637 700 916 
928 3808 3623 2148 4031 1884 583 3274 215 4290 4455 2712 1117 4071 596 3503 760 3516 
1579 1323 3947 60 2998 1024 2609 18 2617 423 4243 1094 598 4663 575 4127 655 963 
4416 2841 3454 4725 3470 1944 4886 112 76 4698 647 3520 2152 1344 2338 1286 4027 1613 
1968 2757 3317 3845 2209 4613 4903 1249 2647 414 443 2237 3154 1085 1720 4460 3862 3579 
2729 1637 4592 2414 4015 238 415 1254 1753 3744 4393 17 2288 793 3209 3016 3152 3058 
4477 3301 3689 320 4420 3356 4735 1334 4069 176 4601 4238 2035 806 4587 3961 2846 3311 
607 1095 691 4673 2176 3706 337 1482 2179 345 288 2164 659 2450 2445 688 2703 813 
3249 111 609 113 2655 2481 1346 4820 2311 107 3572 2059 3476 4189 3740 2550 3521 4508 
746 712 3548 1195 3212 443 1533 177 873 3271 2873 3066 2000 3561 3444 2892 1549 2925 
2778 3551 4294 668 3535 390 2872 2342 4924 3632 2751 3157 3187 923 2223 4264 4255 4595 
2636 2593 4365 2272 1852 3052 4775 1156 2867 966 1035 2890 4783 4461 3009 2815 1789 3374 
3795 741 2531 2230 1989 2580 2508 3758 4562 2898 3055 2645 4068 3221 2466 622 952 1517 
4281 3791 3012 900 114 1597 4521 3716 4689 4331 1244 115 1842 3471 3278 3055 1607 3850 
3364 2787 2997 2955 2272 4485 3781 2862 2345 122 3243 2839 129 1036 3578 2563 1400 3437 
4792 603 4555 1770 3873 3904 3471 2798 1338 4520 3465 4114 2677 2033 1557 633 4172 2014 
230 166 4856 925 688 4901 4132 63 4674 1280 631 3518 2228 2887 3864 4412 4188 4424 
542 4617 2558 1164 3307 2126 3207 4824 2908 2776 3799 3718 2801 1309 187 2881 4657 2278 
4632 2364 4284 1242 3282 3669 3950 3288 3854 1435 2334 1299 3138 37 836 4234 549 1686 
2613 1000 1682 2007 3455 4639 4288 137 1134 2605 1109 4086 2890 4730 1832 3604 3438 3265 
2668 2085 524 1676 946 2537 2207 2970 419 942 4454 3389 3690 1318 3117 4387 3723 3027 
2130 891 792 2612 3009 3470 3113 755 1153 3278 92 614 3035 2754 2299 1189 2084 1811 
1029 1698 2869 260 3957 1463 4308 65 59 3454 4437 1823 4238 3038 2700 552 1484 4701 
2292 1307 3811 803 2740 3776 3581 573 2275 1857 829 919 4787 2636 2044 3815 3834 267 
280 1419 2315 882 4602 2485 4732 3007 113 691 4218 1394 3594 3488 1930 1734 1396 4663 
3707 4654 491 4474 2018 825 3321 1670 2677 2044 1444 2714 1626 2847 1007 3912 2832 3474 
2524 4346 601 2180 388 2414 4463 646 3289 2747 1587 1584 2812 4280 4126 1572 2569 707 
3595 4521 4446 2705 2837 2818 531 94 3674 3061 308 971 823 2517 3883 1792 1991 653 
867 4743 4670 3290 1922 4029 1505 460 4329 3662 3478 1753 3920 4920 3823 2044 2681 519 
3258 836 1316 2928 1201 532 1285 2145 566 3591 2594 4629 1299 3180 4212 464 3972 1875 
1330 1657 2247 1517 4601 3492 4524 2966 4102 2546 2027 491 3504 679 1667 1188 4269 1046 
4235 949 4916 1543 4455 667 3022 3269 1683 167 3662 1372 1910 88 4215 4168 912 1287 
4268 951 4102 3658 1397 150 406 4253 2705 4326 4620 2377 3836 4076 4083 3619 4710 4445 
4815 4129 3400 2214 517 1737 3428 3121 2132 2308 3311 380 4532 4025 159 50 2609 1256 
4749 1201 935 3249 1213 388 4173 48 3553 4585 4647 1756 3597 1886 495 1383 1578 4372 
2209 1193 4725 4066 575 4419 3371 4414 4931 1166 2059 1011 4706 500 1895 4099 3592 4341 
3571 2164 862 901 2696 3571 1725 570 958 1267 907 2471 2879 1415 4201 3524 2196 3471 
4409 4699 4788 4682 480 430 796 3746 2207 4906 3866 313 600 3675 1646 2638 2077 2622 
585 1720 3412 106 1556 3169 1197 3812 1260 1676 3620 4902 1778 4445 208 711 109 3903 
4212 965 1224 3466 3973 2769 3755 1166 1089 1070 2213 2070 2 953 172 1926 4567 3725 
462 3154 4695 4931 680 20 3398 4723 2601 4595 1300 3540 4153 1638 3741 1919 3894 4459 
1639 2733 3850 2574 3844 798 190 488 785 3330 4050 3189 2973 4216 2895 2477 4004 4408 
2643 1769 2959 3956 2744 3597 890 4355 989 4652 1599 783 2702 3301 3591 4404 376 4691 
3912 4428 4498 2633 1845 3877 2465 854 446 3091 4316 352 937 2735 440 2027 3489 352 
2159 1210 1034 3285 692 4621 285 1547 1838 4832 1171 287 419 2963 3128 367 1315 1566 
3275 3879 2970 1756 147 63 872 236 1852 2438 2442 2709 2266 1770 1626 4290 4709 1180 
2795 3571 2005 3703 3443 4948 179 1243 1916 1468 2239 2670 817 4073 1025 3924 108 4825 
4252 333 2099 3459 3120 3846 4031 1173 502 1282 4206 1474 3442 2160 4160 398 2804 3186 
799 2377 3540 2752 120 1578 97 3251 4677 111 1584 4344 1262 3521 2736 3104 132 3481 
154 252 4170 1198 2918 2748 513 680 1346 243 191 705 4063 4316 1413 2864 2105 3048 
14 1914 4369 4014 1804 1722 482 1794 4325 4739 4342 2790 463 1411 1485 1478 2163 774 
3824 223 1386 4626 1216 2457 1015 15 2284 1997 1463 23 2051 3770 2194 3831 3371 2190 
238 4270 1060 4120 1021 3968 84 977 572 2027 853 4472 3379 2600 1350 3616 2854 148 
4456 3742 3500 2356 3454 511 1688 2335 3063 1496 1424 1952 4441 3429 956 1407 888 3842 
3701 3453 512 3308 352 3648 3468 3002 4089 337 3419 3173 2734 3473 4610 424 1715 584 
1257 3812 2086 3350 783 3331 63 1449 52 3749 1458 3689 761 1456 3176 2273 4063 3342 
2033 434 1052 4239 4542 1613 588 2397 3660 4339 4169 4775 504 2912 4623 4235 4037 2636 
1822 2597 1670 4858 2149 2236 452 3333 1601 2780 3644 2721 1018 1181 1333 2034 4437 2757 
1523 9 2670 56 3522 3284 3631 3810 3501 3838 3599 1603 1388 1528 770 2701 1182 4899 
1062 404 4565 992 3567 3616 4367 1543 2751 1985 1982 4023 1873 985 3858 4179 3320 3432 
3546 3937 2526 3733 3846 3316 656 2542 2010 997 2532 1551 4749 4144 3571 107 4087 4077 
357 2069 3108 132 2884 3716 3147 2888 95 4928 22 2025 3688 1330 4506 4306 4041 4159 
2416 4777 3169 4501 4372 870 3434 4215 1715 4618 1991 4147 196 1212 4689 171 2446 113 
565 2383 2850 706 289 3329 4608 2811 1225 1145 4624 114 13 3327 4139 3950 4166 63 
874 3171 3640 3781 784 1631 4204 2734 1616 2952 145 661 1932 2496 357 4670 3626 322 
46 1240 966 204 1302 4360 4386 1035 4276 1451 4100 425 369 3575 4905 4741 60 4413 
4284 3259 2816 4545 4523 2258 3865 4580 3631 1329 2486 1954 254 3592 874 2646 3796 2831 
535 3379 1657 3600 2446 523 4214 2616 65 1382 4517 4160 4759 2745 4144 3628 3837 1483 
1049 4278 4712 3865 2630 4184 693 1131 3276 603 1875 3110 260 2920 1903 4071 3030 559 
97 447 1363 2954 2293 1668 4108 4857 4745 262 304 3131 4631 3325 3205 2741 3276 3122 
2156 2274 134 2529 1862 4585 4507 3279 4290 1890 59 3387 3088 4337 4396 1277 2929 3255 
72 3191 1864 4162 1909 2949 2904 247 707 4862 1783 1425 2777 250 4772 2834 1718 2816 
2036 1165 954 1413 3815 4041 2263 4035 1421 3721 479 153 252 2043 3162 2977 1650 4845 
3874 3370 1342 1111 4861 4411 2370 2434 2415 3705 4491 3056 1453 4815 4427 3272 2756 3187 
3536 1343 4167 282 3224 2169 4175 2813 3700 2091 1299 4530 2936 2367 3078 4442 3694 1837 
4819 4154 1701 4136 770 1254 501 744 4561 554 3512 3482 1037 1946 1015 10 691 336 
650 4509 4276 4165 3394 581 4239 310 505 1576 478 4737 2970 4788 2699 271 1611 809 
3020 3177 1177 1924 748 3557 1619 1890 4438 4271 1312 2920 4807 1274 110 4009 4892 3708 
843 3139 1661 1336 1949 862 4211 1995 4082 2877 3907 1312 3993 1809 4861 4382 1005 3364 
168 1924 697 253 3412 3748 1625 4208 2088 3345 2458 1993 4444 1005 2253 128 2691 996 
2330 2132 2442 4606 4781 3336 1712 2829 2198 2432 3764 442 4017 4224 2285 1409 2101 587 
3694 2980 4476 4109 1342 2402 742 3492 3597 3306 3609 1363 400 3425 2886 2818 360 3682 
887 2050 41 875 290 702 1562 226 758 8 3802 1400 3917 2683 926 2716 193 208 
4639 2195 3282 2378 4953 531 593 11 4143 2616 4588 2433 1301 128 3997 450 600 3197 
2075 363 1390 3844 2232 1986 1034 3318 2332 4907 433 4272 152 914 762 3654 2808 1561 
1050 4605 3019 4180 4547 1166 783 2359 1139 832 2006 2473 1236 1337 1386 1803 2088 3607 
4503 3619 2566 3914 2082 2516 551 28 377 838 2141 3061 1760 4742 1173 2752 3716 1560 
857 3332 2461 2994 4376 288 1143 3239 1188 2153 4671 127 454 1481 285 4073 2428 2330 
4330 3161 472 3848 4077 3248 331 3822 1040 3704 3078 496 4415 4185 154 1565 3680 3968 
2268 2712 1619 1540 3832 3747 2845 2741 2587 1379 742 223 1040 567 3574 2444 2320 608 
3727 3543 2152 3341 4079 909 292 1310 3341 835 2879 3602 2046 4533 2819 129 1644 1756 
4795 3152 1299 2136 3409 1924 3385 1001 4858 4727 4220 4431 4592 3651 3681 231 893 3549 
94 2835 2215 324 4657 520 422 4488 2548 3642 1626 857 4053 781 447 4640 2802 972 
3577 3277 2856 1294 2506 1773 4544 1459 4579 3793 4482 3347 2239 4630 527 12 4311 1522 
498 1430 270 413 2779 1344 454 1863 3306 4042 4871 1182 229 1527 3066 2527 3989 1125 
4687 4275 1567 4805 529 559 4323 4257 4208 1773 81 408 1815 3650 2656 4766 2787 3891 
4754 4171 2666 51 2268 4788 655 763 1113 1625 711 3457 4779 703 1368 1981 2582 1388 
3876 4113 3907 1989 88 4109 1912 2259 2381 4233 4519 2696 3849 3283 2179 2010 4107 1427 
4336 4065 4383 1500 1168 3077 3860 4459 4568 3317 3231 2114 1505 1567 289 758 1827 239 
1864 2908 685 3998 4801 3761 3176 1883 874 799 2844 3738 431 3934 2418 1389 1536 4657 
698 396 4530 3295 1074 1720 2335 2016 44 4214 2345 2400 3803 4438 3137 4791 59 4948 
3809 2668 3007 3563 4307 3735 475 1112 1751 4280 1547 448 3363 1396 4094 645 1335 47 
1039 114 4728 2909 2260 814 3791 1277 1477 960 3086 4170 61 2520 785 2774 424 1642 
681 4386 4186 2308 3946 2037 821 3982 77 1902 4953 2208 4788 3565 3802 2295 368 1709 
4582 3611 1298 4746 950 1755 2593 4492 642 1226 3330 1648 1302 2245 1022 916 154 1383 
1251 1922 4315 119 2561 2268 344 3455 3589 753 4891 696 1590 3467 2076 1179 1214 241 
4846 2950 2176 1484 1673 4856 2717 2105 4301 4626 934 2474 1429 1911 1266 1340 3057 1120 
3875 1878 2229 1590 1015 477 3728 2677 4086 872 2320 1885 2785 3048 4478 4849 2514 3500 
3175 4615 3354 2944 4819 153 1623 1974 3469 873 4209 4862 2701 2166 4817 2291 3476 4397 
2976 3478 3246 4174 786 2406 3840 3750 2807 1394 2715 3906 824 1816 1776 829 2252 2703 
643 3487 2876 1737 1780 4510 4931 2178 4496 995 981 2583 3360 3526 3462 230 494 3245 
616 3482 4252 399 2725 2389 1261 2703 3652 2090 2129 125 4818 2030 2604 2822 1052 1334 
2412 2148 2971 4856 481 10 703 2758 2400 1367 2263 846 3964 34 3385 518 1681 3636 
3678 919 3034 187 2419 2688 2828 3760 723 4635 842 3101 316 3913 1044 1072 547 2430 
1933 1950 619 636 2828 849 75 3234 4126 3673 30 1126 2819 2831 1345 1956 3217 1438 
709 2737 1705 1820 942 2687 885 3870 2859 2353 721 4915 3466 2972 1574 3911 973 2845 
4391 4510 1492 2006 2869 3607 1953 4936 3949 1704 2538 2182 198 1645 1385 990 4211 211 
4447 2048 4510 4034 4055 3142 2823 1290 1073 3175 3567 1373 1436 2048 3041 768 2818 882 
2116 1699 4245 808 3163 2441 3989 3566 4846 2848 4251 3910 3131 2497 173 3864 3446 4285 
3640 2654 2431 1832 1099 2629 1137 1282 2527 3402 2631 357 4078 1194 3529 2326 768 486 
2740 227 2452 2517 228 1734 177 4360 4195 3853 2821 2148 4899 3720 178 4108 3341 3035 
3999 4753 2817 3077 329 196 4252 2021 4816 4222 1479 1544 4668 947 2235 4516 544 4187 
3771 915 4249 2244 1269 3136 4266 3976 1463 2328 540 1292 1332 1510 2837 4288 3164 785 
4242 1142 1765 4557 951 332 4771 4016 3234 1393 4570 1532 1765 1449 1719 2961 4796 2911 
398 4152 2097 1252 1364 2091 1805 1095 4022 3211 2081 1401 4804 4430 4196 2507 87 2315 
4910 4306 3833 3176 476 1082 781 2181 1959 3964 1841 3266 4548 2490 1406 3184 3087 4727 
560 3136 1848 4384 2001 1190 1314 1057 2755 1832 1579 2825 575 4137 4807 646 3961 3485 
2703 4856 4559 1557 1476 714 2765 4894 2958 4837 1859 2669 2405 1126 3682 2499 1351 2613 
4864 4765 3654 894 269 2533 1349 4691 634 1649 4087 4591 2041 2628 1558 3698 3695 2903 
806 3778 528 4441 4619 2989 182 4345 1954 2991 2055 4279 4621 3847 1240 4441 1951 53 
866 1768 410 4382 3594 346 4745 448 2087 3561 1452 2503 1094 2903 4625 3896 382 4075 
550 788 1653 4484 4227 4092 39 3250 1111 3658 3547 3682 2681 2586 1525 3866 170 3147 
3350 3996 4455 1896 3233 4283 3812 2235 748 3698 2656 2101 3350 3877 1487 4177 2335 4850 
4603 3245 4656 4497 4488 4137 498 1784 4241 4761 3112 1335 3908 4446 2915 2632 4677 2707 
4209 1791 1358 2668 2936 3313 2463 147 2754 1320 2880 1398 4619 2093 3855 1439 1104 1494 
3016 495 3035 768 323 1867 1169 2086 3399 3978 644 4291 1395 2419 4664 2384 4943 4463 
2329 816 574 2340 2688 1431 2226 1721 872 3688 3535 4883 4894 2989 3245 1465 4655 788 
3838 4083 2050 2658 1127 596 2190 621 1039 2252 2115 1229 4889 243 2826 2945 4797 3507 
1278 572 1163 3478 1560 1837 4233 2109 3162 3018 2420 2601 3514 186 2336 2258 1511 1575 
318 2448 3215 2403 2615 3578 3193 3493 2056 1566 2188 2034 1286 3096 800 253 1075 2018 
4915 2033 4213 4542 2283 2041 549 1058 4286 1935 2443 1438 1857 4360 4565 2766 230 1827 
3300 240 1761 3401 4048 1440 1951 1963 2168 1706 3107 2932 1982 3922 1002 1875 4682 1634 
4883 1008 1684 2222 239 2851 4084 4959 332 2390 1100 709 700 3893 559 2103 2604 4461 
1023 4403 3853 2533 3096 4221 3288 3731 3635 3423 315 595 3220 2779 4504 4941 1144 4826 
2339 2489 4387 3237 4411 1428 4067 1884 4487 2367 3625 2575 262 726 4188 227 3027 3569 
3412 4445 4298 340 3252 3173 1303 1792 4407 2715 463 4481 526 2981 4352 2777 1117 3730 
2866 1492 3558 2266 1903 2801 1374 2689 4357 3123 4666 1947 3725 491 4714 1098 4768 4896 
641 4518 1862 3067 2058 2513 4369 1668 544 78 1852 3155 670 3609 1944 2592 1219 1628 
1914 3224 1155 2354 4118 1406 617 4198 1436 4407 787 2834 4267 3134 2772 966 2423 115 
422 4539 2338 1444 2302 2117 2704 2411 513 418 1869 4123 2218 4832 4214 4652 189 1433 
718 4216 3405 1454 435 3343 2608 754 1926 3094 3146 1311 1787 4197 541 976 1014 4836 
1357 569 2848 1065 1552 3224 1530 4684 592 807 2302 1778 4278 846 4601 4446 3991 3021 
3252 1068 3456 1203 1516 3299 4579 2232 4347 977 3871 2895 2565 1650 4913 1602 4028 3649 
347 2999 4439 1654 4708 3767 4410 3257 1087 1213 2181 3305 2096 1852 2155 1714 2031 2738 
1618 2802 2200 4428 3016 243 1792 2037 980 4289 2092 2805 3410 2866 2618 2795 3648 4357 
1940 2066 3381 318 2096 1900 49 4380 4890 518 1449 3819 1920 1131 1126 1522 2600 1208 
402 2873 2975 1891 4914 2050 1365 712 4802 2630 4578 3160 1095 89 1299 3048 3219 2434 
4048 296 2274 2219 4306 3207 4887 4916 2753 4053 4596 673 793 2992 717 3748 1017 4206 
4356 1593 3446 2718 4885 2305 2003 3113 4142 2341 4612 1111 4655 4553 830 189 925 3794 
233 3961 604 1511 1281 1380 3902 4134 337 2824 3413 767 3584 2710 2006 1351 602 2328 
1101 2366 1092 3423 3363 4721 2009 4403 4274 3900 1631 433 2657 4119 1398 3445 2468 1160 
2857 2113 3364 2808 3354 4954 1575 363 2846 1741 890 791 4044 2146 3408 1504 179 4442 
1984 3696 2454 1586 1097 4366 1772 2710 1551 329 3019 1902 4498 2294 1167 233 658 27 
860 1623 2903 1668 4034 4526 3098 4933 3032 313 4469 4555 4406 3383 3693 3816 231 789 
2393 1144 3661 1064 4138 1843 3884 4828 4913 2656 72 526 1619 2199 2516 4368 718 1016 
1808 2858 3480 4343 3890 2303 4187 4434 261 1530 3103 3963 2830 1860 2900 2423 4904 3889 
2122 3970 2778 1928 274 4388 3637 4782 1264 394 4387 2989 732 4414 4363 2820 3993 1202 
52 716 1547 2254 4210 4165 523 1500 3023 1796 1709 4595 4703 1896 4300 2981 4731 1958 
4299 2384 3682 1951 934 1462 175 1480 3965 1482 1089 4505 4251 4312 2011 3715 3792 1176 
1271 523 779 4761 4375 4718 3663 3872 4026 1715 1969 1298 665 101 1674 4021 528 581 
2996 3758 1405 3938 3689 207 1609 3645 1974 4322 235 1636 2402 411 3504 2889 239 4439 
2133 4901 3940 2616 1710 1446 4670 1861 923 4397 1920 3516 3169 930 2832 4279 2120 244 
4226 133 4295 4632 3425 3462 2835 3732 675 3474 2214 4049 2647 3092 4036 4492 4286 2094 
2774 2693 276 4616 2391 4603 3901 2921 4782 800 1672 2050 4255 1175 2560 2781 430 3229 
2932 559 3306 2215 4108 1938 2926 1742 357 2359 4317 1541 1784 2604 412 3215 1772 632 
677 4595 489 3910 3013 3799 1761 312 1904 3183 1717 1938 2262 1875 4057 3952 1739 3890 
1549 868 3374 2144 2273 2173 2718 1333 3471 3199 276 2876 2587 479 3098 3348 1662 4484 
1803 2216 1525 1793 4716 780 1929 4867 2552 4749 1758 879 3297 237 1443 3337 2645 24 
214 905 1103 1289 2392 1246 1037 4304 1900 1000 3736 3466 1712 3181 1176 1195 2057 3026 
893 3675 3086 872 2826 4354 2298 1217 1012 4557 2632 1317 2521 2198 4009 123 4951 3392 
2733 3115 1311 3769 2972 133 2792 2380 1369 3907 3643 2856 3810 3380 824 3723 3808 998 
2291 1139 3647 1752 4592 242 1040 4593 1282 3494 2515 4515 2166 3419 1425 1823 4262 4401 
2320 861 1982 1605 849 3555 4199 816 4129 3633 795 974 3133 2463 2124 1425 4022 2145 
4814 4011 2378 130 3005 3196 3578 2450 4095 3305 4413 157 3318 3249 1440 2683 645 1508 
3009 2813 1043 2741 1546 1050 3669 3935 961 853 2697 2724 2843 2274 3193 4707 3580 2462 
4532 1366 4471 3841 2228 3089 4515 268 4348 136 4568 2399 455 485 3535 902 3185 3553 
3877 2860 2828 3211 2663 2575 1043 2836 1878 4227 3776 1080 692 3074 897 421 1584 4257 
2461 4429 4524 1024 4476 113 878 111 1522 490 4293 474 3529 4214 2351 4936 3499 2843 
2656 1688 3738 3076 2184 1575 4033 2781 3925 1024 3818 2267 884 1734 3698 2969 3689 4229 
1389 4735 2080 4826 3543 2543 1568 279 3250 3908 4607 1583 406 4335 2634 3028 1303 801 
4146 3852 3764 3559 1014 4269 3054 3698 3376 3041 1674 913 4246 3553 3733 4683 416 1070 
1658 493 687 352 2968 4771 564 2697 1 429 3032 349 2994 4276 3846 2568 1518 44 
1681 580 3812 2113 2257 4347 1534 3249 2695 594 3387 1127 1597 1196 4409 393 2245 3352 
4831 4758 4202 2046 1512 4909 2037 4493 1776 1204 2678 1625 4674 3659 988 1545 2504 3505 
3768 3360 2068 2971 4888 1147 2369 1564 4803 2402 3732 3422 1954 2038 2129 2304 4895 3071 
541 3598 4780 2195 4251 2773 4271 1524 3378 4524 4187 4208 2924 2609 4684 1112 3001 77 
1277 4959 2569 4583 3084 4031 1836 4931 3447 2203 3904 3542 2163 4090 576 2700 3507 4008 
1084 3280 2364 1697 1747 2578 4864 4081 4029 1099 3425 787 2806 1993 157 3948 4926 1894 
1169 4903 4445 553 4162 1004 3967 3240 2221 1311 3511 2484 2949 3825 4142 1798 3752 4133 
3104 1906 176 24 2016 887 4749 2556 3947 42 3947 1864 752 2983 1994 4408 4564 1250 
4873 3310 332 4052 2702 933 1873 1585 1548 4264 3894 992 2066 4142 1836 19 4640 3977 
1187 1168 1331 269 1841 2116 2468 2667 4220 2528 3257 1640 4424 4774 3933 784 2847 3465 
2593 3436 2061 205 4112 1230 112 1598 599 3795 3065 2886 345 3834 1062 122 3003 1220 
1688 1396 3338 4572 3866 2729 791 3546 3759 958 3703 3663 887 2273 3269 4725 403 3038 
2161 3162 2605 4621 677 151 4153 97 1142 2826 3052 2367 1152 4400 3089 4164 2334 427 
961 922 1671 4899 2281 6 1543 4713 959 981 1509 1014 440 79 1149 1368 3209 2745 
2017 2018 866 2259 4952 312 3290 67 3954 1863 2730 3711 3503 2611 2767 1257 749 2490 
4478 4443 1200 2977 2429 1932 1113 1220 2827 3147 2950 3526 2528 1385 3732 2983 1352 2142 
3832 1425 3477 447 2624 2669 241 1935 3401 3213 3870 94 2432 2606 4017 1044 152 1082 
4870 3465 4888 1822 3440 1475 1586 759 1698 2036 175 4434 570 4172 1670 4139 3492 3921 
3560 813 1286 1201 494 2062 2849 3478 2054 1745 2321 2969 4634 1422 3861 286 2518 2085 
3050 2692 4014 1468 544 3106 1699 2074 4589 2687 3202 3601 3396 168 4541 788 1094 2294 
2328 4342 529 1059 4827 4556 2205 2158 412 3387 4388 4053 4857 3051 924 334 1786 4062 
1744 4406 2107 2300 111 1617 1485 2943 4528 22 2207 1534 985 2756 4183 2951 824 914 
1963 4596 432 1220 1132 835 838 875 145 2387 3097 2337 1069 1287 2199 2377 2556 4362 
2308 3506 342 4652 2730 4629 487 3222 4085 2799 3240 4628 2605 2228 4453 4091 4654 4795 
1583 4786 3219 3854 1735 1235 984 1094 890 3562 610 4708 1391 4149 330 3280 190 2786 
780 520 559 1662 408 3119 378 4475 1393 4195 4586 1749 1761 3392 235 3377 499 613 
3550 3148 460 2002 4558 2587 3607 3894 2141 214 4817 2870 4429 2363 3995 106 4910 2555 
2387 2460 2165 746 3702 4511 1637 2034 114 2767 2299 159 4204 875 2570 2775 3188 2768 
2710 3637 3804 262 1576 2427 1517 568 4817 3887 1294 4271 528 866 2227 2843 2698 3716 
4751 3265 4783 1904 3572 515 4118 910 1864 1892 583 3565 4711 2081 2786 2024 2454 1565 
919 970 789 1957 1380 316 2663 1887 370 2456 3372 4632 3910 4367 4154 2067 3905 1431 
839 1668 2122 1287 2323 3562 4339 3400 2644 1205 4188 4850 3980 547 2359 3083 1616 2473 
3763 2174 922 581 2565 4206 3473 3107 4583 3086 1786 3091 4101 3264 664 265 4049 2025 
3492 804 3206 719 3018 2124 374 4827 3193 680 3890 2443 655 3930 2726 4102 731 1714 
1924 2773 4227 3758 4544 136 2973 1396 4108 1538 1157 3723 3534 3955 3703 1395 573 3560 
4586 2340 4711 3913 452 2464 1579 462 4631 3539 1650 3834 3745 3511 2215 1843 3638 2702 
2056 657 2481 3504 1266 2924 2395 43 272 3641 2230 2200 3164 2338 516 2974 390 1946 
2716 1629 4751 4556 1565 429 118 1301 3798 2735 4499 862 4433 3290 4241 4156 2202 2601 
3767 780 2556 2894 3992 2425 3934 1383 3769 1677 4669 109 1271 3178 4738 978 4806 990 
1547 433 3472 2474 3128 192 3423 3285 4762 2014 4420 4354 1425 3273 4813 3947 3151 2807 
1733 1160 3759 1641 1112 3278 4263 3441 2437 1371 2113 3704 51 4512 2440 935 2021 661 
1711 672 4328 4212 4020 1226 1548 3237 469 1896 202 1844 3561 291 1151 2825 2065 1512 
1936 921 3965 3653 4832 2837 3218 3201 4176 1601 3835 2263 2650 1919 2428 445 901 784 
3858 2885 4874 3582 1280 3548 2824 265 1898 4801 1309 4825 1350 365 2653 4828 1381 3184 
184 466 751 610 2778 4162 1301 1938 4127 2291 1165 1894 401 2285 1506 3700 2616 2841 
3240 916 1356 4593 4591 4754 2993 2717 4075 2316 4910 4379 1321 1855 4637 1413 1957 4332 
166 329 4051 4256 2557 1604 1806 2520 1558 4296 2281 445 2344 4771 2414 3054 1111 3006 
4737 2538 3877 2088 2376 114 2384 1869 2822 333 597 2082 3756 1663 308 2916 4431 3424 
3738 945 1381 543 4349 2795 2268 859 640 249 4012 885 4478 2993 2278 969 4906 392 
1126 3194 2928 4327 2881 4772 3719 4235 1236 4072 4320 603 2978 3632 3018 2759 3025 235 
2989 1046 115 2809 3014 4085 3019 539 2701 2881 2398 2527 4877 4078 4941 2807 3754 3905 
4893 2271 3269 2394 647 3737 91 2617 2975 1173 264 777 4257 1991 59 4210 1843 971 
655 4052 2301 2544 3028 1203 2574 2902 2287 441 4756 4888 1198 4193 1673 2270 352 2295 
3205 694 4814 3300 2899 4731 1544 3293 701 2897 917 600 856 645 2217 1353 782 730 
1485 3084 178 1884 1478 2592 4677 362 3557 4103 1223 3557 4110 1634 2752 3120 358 3609 
1473 1138 1250 3495 732 1954 2139 4053 444 1558 4707 2485 559 852 3880 1724 1872 4520 
3869 2944 4174 1862 4032 3834 1675 4361 12 4151 2752 2278 733 2926 3961 3588 4128 2678 
4317 2426 1112 599 1010 287 3765 396 4222 258 856 4843 3437 807 2068 1326 4194 42 
4006 3357 3560 3540 2514 3401 4335 2696 2482 1876 3592 3596 3636 3738 1764 186 1308 3680 
2598 594 1557 4439 4934 1922 468 3371 590 3720 1354 2385 1783 1615 3093 1962 956 3370 
4099 2347 2512 4759 2464 570 3427 165 250 3940 3967 199 909 4652 92 4321 1044 3570 
2047 208 3577 4003 3248 3280 4032 535 2040 1980 4345 1599 1726 820 3884 2078 3806 1032 
1753 119 1041 1979 1277 1427 3806 687 1432 4084 2455 3835 2608 4372 2757 2277 345 579 
3704 3102 2500 3672 3232 2809 4022 1378 3564 138 3368 3779 2165 3194 251 1078 4265 308 
3920 1217 333 471 2122 4514 676 822 2582 839 2596 3357 4228 698 4166 2212 775 695 
4298 2089 165 879 42 736 1750 4478 4212 4895 3651 4504 130 1099 1492 926 4597 4456 
554 554 2568 1971 4291 4074 1310 1178 2877 1806 804 916 3499 2524 1920 436 3840 3219 
3029 4914 1529 645 3146 1998 4044 1519 3832 1692 1980 3702 263 572 844 335 1908 304 
4572 4353 3062 2365 178 254 2775 88 122 507 4055 158 1369 3334 1731 3899 533 4473 
307 68 2759 4260 4295 3947 2344 1813 777 2463 1256 1480 2086 1115 761 1153 3373 2162 
93 2889 1011 2476 4139 2770 1288 4132 1475 1519 527 2864 341 2627 2216 2218 1067 804 
2214 2644 943 453 3257 4936 2600 2748 2763 1616 2480 215 2204 916 4400 3296 2312 4639 
798 1802 4301 3147 2210 1415 1807 4416 1949 4475 2427 4887 115 1153 3773 3844 4954 946 
1624 2028 882 276 4784 3485 2559 1135 2761 1695 4041 630 2114 4875 655 1381 642 727 
4508 4178 1333 2131 184 3494 109 2471 3583 4016 3035 943 1380 573 1931 1828 1336 312 
265 429 1077 3813 4506 1687 3676 1218 1472 4471 2968 214 2899 187 4147 258 1648 332 
4921 4751 812 3075 4867 4168 2155 185 3183 1550 314 3256 349 3021 1164 2463 1527 4130 
4654 649 2825 4489 1737 2112 2466 1024 3118 4392 3893 2457 1052 2849 3534 3463 3893 3306 
3227 310 2448 270 3383 3628 1053 512 2628 4327 1590 3013 4837 3537 3433 4781 1244 192 
1106 3712 2882 339 3942 3019 649 3099 1440 90 623 1027 595 40 1734 2472 1154 952 
2588 670 1021 2902 3639 2868 2754 3060 2154 1559 3563 4054 4464 4959 4115 1076 1058 4412 
1048 1205 4099 2579 363 4713 4495 4769 2567 3011 3519 1738 971 4658 3835 4315 1319 4429 
4001 2576 3775 4193 165 3118 4939 3438 3035 3530 2524 1580 2273 3058 2675 915 1916 2691 
3371 588 3037 4330 44 1526 1526 1045 1200 1963 4936 1704 3763 2716 1610 1483 1474 715 
3484 4775 286 3744 232 2579 1581 4880 4590 1027 1336 1764 2074 2603 3434 365 205 342 
365 4237 361 4419 322 1483 4094 4581 3271 589 3539 4050 2078 715 3024 621 432 31 
4909 902 2638 1285 4267 4838 3966 668 1969 1808 860 4762 4028 3896 2773 4953 1640 1003 
2809 1064 729 1136 149 428 2912 1725 766 2253 4466 2482 3875 1713 1421 4434 4686 1725 
1581 284 4145 1937 3426 2365 1714 1998 3299 3483 3527 1329 1244 924 4808 3132 1192 2007 
4237 1229 4393 4463 4742 2616 2008 4954 422 4252 4221 1630 2685 2503 3371 994 3827 4812 
3592 799 553 578 4766 2637 1669 3559 1999 4178 3972 1109 3935 3531 4642 1194 4509 2371 
1226 2305 1843 3041 3910 4878 68 1191 2259 2509 1534 4228 2788 3496 2266 3226 4304 1757 
266 1726 4899 4818 4930 4430 3210 315 894 1947 3631 3405 1779 252 3592 4614 3275 602 
4054 3794 1902 976 102 981 3064 4464 4870 3124 1411 1246 3174 426 2961 4190 2727 700 
2256 4726 4293 887 2131 1871 3003 2756 921 2358 1129 2792 4220 4744 290 2440 486 4276 
2239 628 4415 3789 106 2869 3251 3534 2426 323 4314 2824 474 3364 1509 2844 3182 2666 
1326 1556 1665 2179 3757 2573 350 180 1257 2275 3916 1507 2326 2144 269 38 1755 1207 
18 3141 4669 2029 662 1435 4518 1980 4309 2580 4440 1168 1016 3142 3701 257 1600 3940 
4243 3020 1786 3242 482 2875 2864 2355 1047 3640 2925 2345 4391 946 3996 1904 1356 1106 
3292 2779 1400 2680 4655 2106 3042 2946 3259 716 2887 3044 3457 4004 2845 2744 560 2100 
3597 1994 2688 4647 3181 4068 2281 3091 1823 2241 3331 1203 1199 2410 2322 2097 3869 491 
3207 2678 353 995 3319 4400 3329 1983 3221 3537 2498 530 862 1921 1606 3854 3527 2688 
1880 2124 2311 174 2295 1931 3501 4737 1534 2393 1460 1295 3834 4878 588 4333 550 2858 
3984 458 4705 2100 4236 2628 4765 1037 703 1047 3872 1369 2797 959 4522 202 1373 2376 
1588 237 1457 760 3130 451 388 3891 1593 1709 2238 42 137 861 4780 1429 2407 4809 
2968 1438 1027 1885 3541 297 3541 4430 3040 2649 3082 1970 1000 3816 1128 85 4173 1189 
3038 4146 2255 177 4696 801 3932 2919 4804 4506 4759 1198 788 867 2023 2386 4741 276 
4648 2141 2756 1703 1315 2948 73 1056 3311 62 201 2466 1879 4302 1225 4831 969 3313 
4929 3426 4636 3332 3145 4310 4226 1171 1328 325 1260 4709 3313 2582 706 1575 857 1683 
2515 4184 3205 3179 1896 3272 3942 1525 2216 3681 136 4810 3721 3328 711 221 2279 1890 
674 4474 3043 2377 4751 1554 3017 3621 262 2078 2332 421 3903 1394 2768 1511 326 3543 
4817 1155 3657 2317 3283 1316 1887 3573 3901 177 429 3561 508 1086 3544 4675 4793 97 
1104 2667 139 2849 3587 3349 4147 4634 3222 1319 1898 4924 221 797 3077 4330 56 1079 
271 1740 4297 3718 4579 1507 4687 1169 4381 2379 779 1114 3684 3470 1511 1649 3791 506 
1651 2378 1219 1394 3605 209 665 3886 4544 1899 4096 3640 4336 2764 274 1276 3261 4654 
4379 3505 709 3103 3226 503 410 4915 2192 3076 84 633 2350 4205 3941 2809 2488 3771 
4385 1520 846 596 895 2256 3957 2409 3508 1463 306 3639 1315 690 1607 540 2185 517 
3584 301 3828 2993 478 2722 970 3320 1673 1638 3528 4221 1038 1373 3381 2089 3480 2134 
805 3263 1269 1852 582 21 4053 387 3098 2961 3632 2756 2380 4212 653 742 2943 2893 
2772 4123 2812 4891 364 1240 4820 1912 2585 3024 1884 856 1604 788 3396 2531 1912 4094 
1990 2485 1785 985 1883 3572 3230 529 1637 3669 1667 4575 3847 3418 2665 2615 4759 4529 
2938 4604 3451 3839 3263 4011 3695 4344 4772 4114 3949 2600 4823 671 2975 893 3116 3519 
2870 3677 3700 1611 3687 2646 1217 2534 4826 3432 227 3183 1859 3764 4785 573 219 4530 
3336 2126 3743 1438 4683 555 2176 1673 4808 1814 733 74 4595 3767 3312 4259 2723 737 
2422 4003 591 294 4692 3733 3386 703 360 2213 4730 2743 4330 977 892 4916 1392 2731 
1287 4530 390 2582 3871 3543 851 3143 2321 665 472 4776 4207 1794 1565 674 1321 2271 
2286 4874 1743 4 37 1890 1407 2153 224 248 19 1072 2732 2253 4278 996 850 3797 
1785 2780 1972 3586 2502 488 4475 817 3325 699 1793 4587 4652 1270 3094 3248 2928 3249 
2595 4838 3966 4887 2233 2340 3992 4487 3817 447 4090 1512 1187 1839 1651 2385 4195 1655 
3573 4059 4835 4125 2086 2866 3715 3243 669 382 1130 240 2004 3414 327 732 1284 1412 
173 3078 2008 2827 2683 2388 2903 1771 2181 4396 3386 169 2242 2845 3597 2278 3709 1446 
2745 3491 2504 3777 4434 3660 2713 1925 2905 850 3629 423 1323 4890 4232 3015 2672 3655 
334 3019 54 709 3627 945 16 3171 3493 1979 4567 1452 1929 2758 3688 548 4907 58 
2848 1758 4058 3958 2685 1721 464 200 2637 4241 4262 3429 259 2871 2680 3617 2783 1491 
1373 4542 1145 4507 376 270 2911 161 30 1264 4111 108 1130 3030 704 4171 2942 3074 
2025 261 2160 4170 3632 4587 1408 3024 1692 4522 883 1792 2499 4912 651 639 458 3001 
3572 4634 4292 2652 1543 1752 1578 2525 1473 302 4237 2732 3003 4523 2562 907 991 1577 
3112 1156 3867 712 2670 2020 145 4327 1297 3374 3000 3804 3956 4391 410 748 799 2882 
456 1417 4100 1621 4464 3730 3987 2221 3457 2550 1962 3194 1272 4645 2984 3852 4070 4930 
4283 3709 2578 115 3911 880 1831 3245 3921 2161 4418 260 425 2458 4909 3448 750 3673 
4570 193 4120 2535 4151 15 2954 4013 4052 1449 1637 687 1717 481 2557 890 4784 345 
4366 1134 1136 2597 691 4200 2168 2722 2014 2581 2221 4154 2765 2670 2130 1586 922 445 
2374 4629 3038 3977 3179 4664 1971 1902 619 4479 2575 3443 3149 1247 2577 3656 1963 3770 
2681 4182 678 2064 4585 1207 2860 1337 3777 4206 4214 4689 1556 2138 4269 3870 4542 3252 
2719 4150 317 3830 714 1204 2890 493 4159 2012 2758 1915 26 4623 1265 1749 2799 3511 
1720 4043 2883 3922 2781 4882 4236 358 1296 1121 1831 2755 2451 3042 375 647 1595 2587 
2584 271 3515 1250 2661 2065 639 2773 4894 92 1310 1387 4568 3367 2825 635 4703 2009 
397 1063 3518 3016 696 2071 4638 4329 2714 2182 2934 2387 104 2171 4691 4383 4349 2053 
876 2260 2211 2351 2235 549 3787 2159 2835 4239 724 112 234 4806 4806 1476 529 1930 
2371 4511 689 1818 593 2944 3656 905 623 2954 1349 969 2838 3976 1729 174 3306 2448 
3415 1988 3837 4394 1628 1541 1644 2448 1774 510 2186 4250 2816 1088 4223 2760 2851 3677 
4646 2784 1098 2410 3934 2078 3788 4410 334 1763 394 4477 3900 4544 687 3475 3433 1382 
750 3813 163 3875 3276 9 4041 4745 4261 3735 3531 3058 9 277 3905 2666 1003 2576 
2682 4835 1566 333 830 2957 1106 1804 3074 1013 3460 4005 4598 3108 3398 4779 2855 3719 
1511 2196 2900 3642 3129 1826 2662 4817 196 1976 4949 4110 4181 3919 190 4493 4501 2683 
787 4880 1549 3210 2825 1098 2994 4461 570 1908 3672 1051 2170 2860 4378 2254 1777 3624 
2043 2446 1227 3262 4673 1784 3364 609 2003 2590 4498 3292 2295 3500 2748 1944 4581 2599 
1236 2588 4861 3186 2804 1835 798 4154 4068 37 4091 2966 2366 2361 417 1186 1670 747 
443 547 1796 4296 1592 4375 2816 3262 983 4236 3341 4141 1524 2302 1072 1929 572 2062 
3990 3285 3365 4041 2934 3836 3276 3074 3526 2116 1142 2340 3232 2436 1613 4209 4732 3334 
2372 2768 3716 2802 2776 1786 3977 1160 3670 3304 2823 4448 2012 2077 2620 4129 1873 2020 
913 196 4699 4459 2353 126 722 834 1299 1119 3277 1713 101 4779 3948 824 2254 4711 
4491 3613 4764 1217 1658 3174 1148 3921 1136 1678 4446 1396 34 2499 3990 1540 770 16 
584 1086 4678 4245 4443 2546 835 2439 4242 3611 1766 3529 2575 3530 3943 4869 3665 4143 
4239 4022 932 1052 2995 2530 1094 172 918 1390 2588 1476 2157 4254 3042 1436 4012 190 
4445 2564 1291 2246 2660 3053 1736 2314 303 1406 2618 2618 902 676 3765 2699 1618 2513 
4936 3760 2849 4460 4571 4287 474 4352 2588 886 3627 4643 2155 2109 3526 4771 265 1378 
4119 1577 279 1563 3748 2896 3130 1644 2075 1978 1090 4283 2687 1618 2265 3752 1506 3089 
2350 1670 1880 3000 4117 4487 3946 2320 3211 3717 107 3527 2403 2621 3985 4946 412 686 
2343 1294 228 2792 2208 3381 906 2293 3806 2985 4854 182 132 4007 3817 4093 795 3335 
1150 2176 4920 2887 1357 524 1267 3726 3367 666 1287 3948 298 4765 2979 3308 898 4876 
3352 3349 154 2676 2497 1271 2773 3986 4878 2957 2806 1867 1231 3299 259 1947 1599 1330 
1591 2134 3397 2866 1972 1715 3192 802 4629 1698 2578 4647 1888 356 2429 1246 4921 176 
292 1865 2462 3945 4333 2908 3848 2867 4269 3174 671 1258 914 689 702 3584 1577 2554 
1943 3434 1410 1991 1460 4271 2822 3859 3590 3816 2190 416 3048 2510 3924 3750 3925 1677 
2672 1097 1535 141 4018 2612 4146 288 3371 3342 1738 4316 4180 4506 4167 558 2458 1115 
651 2040 1478 1727 219 1447 59 478 4860 3989 2313 3037 1252 1463 3298 1514 3482 4113 
4340 3952 2890 4870 2629 326 1704 1436 3153 4891 3738 3790 3782 4647 2994 3021 1605 2445 
1227 2935 2833 4849 1222 2554 4212 2064 4435 1492 1700 2363 306 4896 1949 1658 732 4502 
4645 666 3041 4199 3481 1886 1994 2424 1658 4629 4060 3874 1411 1109 1322 3827 1901 1299 
3239 3205 4146 3738 3289 3344 4629 3782 677 1819 3358 4649 698 2867 3319 4378 1736 1086 
4282 270 418 1760 3201 4490 3444 3272 3045 1002 373 2265 1376 4689 710 3919 1426 3934 
3408 1475 4197 257 4448 3044 3555 3313 1873 1934 4163 4216 2941 1359 4319 472 383 33 
1196 936 3883 2912 3220 86 4441 612 1308 153 1512 2048 2311 1671 4502 2021 1379 4651 
1338 1096 1856 4266 1456 3328 4511 1065 2123 4551 4763 2935 1742 209 3365 1908 3610 1310 
3555 3439 2471 2839 3198 4947 4888 3519 3509 172 348 1861 1472 2255 2588 2598 4608 1580 
2271 3402 4239 3987 1469 215 4780 1283 234 4817 2074 2127 1263 3753 4344 2009 1701 3172 
1495 3577 4194 1688 4881 3182 2399 3363 4778 631 3711 1287 4244 4682 914 3730 2916 4236 
2424 2892 822 3716 929 2841 2108 3634 3868 2051 3769 2343 2167 1698 3522 3567 1221 2621 
1441 1929 3505 1317 3350 1716 1246 1961 3073 3868 1158 2544 1868 828 3812 1385 2843 4649 
619 4503 1111 3808 235 3138 2292 2154 2422 2862 1735 2831 4690 4191 3837 4780 2367 1807 
1284 336 2348 819 2318 4329 3577 1162 3240 4855 4692 2355 2308 991 3323 4772 4272 3340 
4938 2140 4148 1800 2762 3584 1852 1699 1283 2698 3751 4001 1825 1486 2539 3168 2351 4911 
4585 1150 1612 3051 3929 3930 4348 1559 1181 2369 1225 2878 2612 2315 2536 4498 4886 709 
1033 2361 2491 4740 3922 2603 4768 366 1552 679 2664 2861 4791 4177 3794 1071 1092 3513 
104 1126 1590 789 2412 3055 1446 1876 867 3181 3135 1101 1828 4571 3321 1446 3639 3874 
3065 4632 2508 2710 1769 2919 404 3890 4832 1059 4227 4022 3794 1205 977 1314 485 3315 
590 2837 4665 2092 4361 1122 4824 828 2977 1108 4778 2964 3132 3468 1872 1045 476 3379 
1206 3395 1518 2193 3452 117 2326 540 2268 2856 717 4367 3841 1732 60 3338 2989 2775 
3515 4819 2101 2047 279 3474 3846 2611 1378 921 2604 4131 3750 3995 2977 89 2564 3253 
3796 3636 2003 1635 2719 2861 4008 24 1676 1176 4938 4125 1691 2539 4847 3717 3900 698 
3702 3753 2353 3222 3053 2590 2184 2361 200 424 2093 1407 2261 4419 3399 2673 3038 1840 
4134 4466 2560 2347 4553 615 5 2884 4927 4732 1049 4052 2197 256 4488 1967 2482 415 
4036 616 2530 4874 3305 1964 111 445 940 2793 1881 2919 139 2139 3210 4876 1596 4079 
4686 441 3463 4027 275 2860 4561 4502 1972 1342 3114 749 539 1265 4685 3302 3744 144 
3332 1911 560 1993 683 1888 3221 2746 2370 2217 4573 1812 1253 1218 3360 4160 4565 459 
1928 4074 510 2470 1759 1442 4460 2225 3497 4194 442 1617 4808 1275 2176 2559 994 2423 
1714 1718 1368 1343 1597 3715 2565 4507 3059 2981 194 97 2607 2435 1279 549 1208 2680 
2943 602 637 4318 2324 4757 2826 1082 710 4885 142 2043 2928 1773 4045 3495 984 2262 
105 501 2563 1358 1607 3192 2694 144 2446 578 658 2311 1267 2068 1089 1883 281 3325 
696 33 1274 2624 4796 1775 1707 404 1015 251 2064 4588 2251 4039 2228 4543 4714 2459 
1403 757 2167 3949 4284 1819 2939 1067 434 277 3678 1696 4512 3049 2597 1751 2191 3784 
2713 4053 4584 2240 1768 3972 66 1042 3186 4223 3427 2049 91 4261 644 650 1495 3156 
3873 2098 3866 1032 990 3358 2385 4281 4036 1679 4208 676 2329 2474 1376 2086 422 3467 
1167 941 4660 3112 2484 1118 2404 688 2475 2165 427 813 2426 2046 741 4628 608 852 
3549 1940 4936 4752 944 647 3395 1062 4485 4125 3691 3346 4673 871 865 4075 4792 1464 
3126 4232 568 974 769 2545 3821 1005 2557 4846 4488 1021 2490 1692 4777 3570 4274 918 
2861 1471 885 3023 535 1157 375 1640 662 4741 2456 2500 4502 2347 3836 3372 53 3551 
2991 659 3604 3429 2297 2946 1522 123 2733 3772 3646 1049 3602 3596 2055 2875 1345 2541 
3075 2072 1511 1897 1233 1397 2880 1829 1790 4383 2904 4120 4543 423 2708 3938 4476 464 
41 1418 2495 1650 469 3245 2040 1168 3586 4304 1928 3102 3296 1686 2074 919 2457 3970 
4607 257 2472 4788 3391 2149 2525 4332 3196 1537 1080 4042 453 3617 4422 605 2761 2586 
3329 791 905 4506 3196 2130 1810 1615 13 1795 2855 4369 934 469 4836 2238 2535 1301 
56 30 183 3486 3190 1769 2596 183 26 83 2505 358 163 2147 4788 4618 2059 40 
1263 849 562 3528 3006 1662 2707 2517 826 3 3988 2638 2975 2877 3000 4273 336 15 
3508 278 2333 2539 1079 4176 204 2820 3766 2831 1430 504 3488 3642 821 366 2695 561 
4136 2928 4218 4921 379 3901 1664 3647 2510 511 4357 2623 4710 869 4573 920 1891 3999 
731 2462 3117 4728 2883 1902 1344 3942 1748 460 3212 4783 473 4014 4316 1375 1112 868 
4934 4358 2346 3065 530 4443 508 4689 4363 3622 312 4930 4217 190 3112 1080 3189 180 
734 4870 4426 866 4882 3657 4878 3150 1090 1005 974 4657 288 3736 3756 1264 470 1858 
421 3016 872 449 1145 2135 2958 1653 2629 505 1549 2260 4671 3094 4731 4674 2406 3650 
1455 340 924 305 4054 4314 985 4803 1413 230 3153 780 1438 4386 1004 4257 3081 3081 
2933 4681 1674 1609 1943 108 3845 1960 3566 2629 483 3462 2938 3061 3135 3974 3129 2072 
4140 4561 340 4442 1736 409 1496 467 3899 156 2179 3071 4591 3966 1831 3753 96 841 
54 2208 2784 1496 1011 3102 1919 4891 266 4380 2085 3624 2658 2141 1671 1315 3854 1411 
1340 4946 3712 4784 2914 2304 786 882 4060 4842 3976 884 783 3628 4614 900 4460 1690 
4592 1 3004 3039 1255 4542 4861 1867 3999 4901 482 520 421 298 4824 3258 1193 3555 
3922 1986 2143 2982 2943 842 1769 4677 1447 1239 1553 1866 2467 1341 2329 3658 4183 155 
278 3946 398 3018 3 4953 4817 4232 1100 3683 2739 6 1611 3746 3020 3037 380 4406 
2243 2620 2277 1368 3731 3521 988 209 3404 2542 549 4876 1767 2519 4360 2048 1855 4195 
758 1854 490 4128 2308 1193 2147 2576 4654 456 3404 1710 4439 1052 4698 21 705 380 
283 748 2188 535 2812 3117 3842 2609 4239 3757 138 267 314 1901 3970 3878 4433 861 
220 517 2225 3940 455 2496 1198 3155 473 537 1924 2297 462 3452 3201 337 3095 2651 
1228 425 4529 455 4950 1217 207 735 3812 1831 617 1943 2486 3941 1779 3885 3029 2955 
1295 4793 2416 1008 3985 1609 1901 3687 3724 1528 1033 1705 292 1587 3242 513 3014 2451 
648 2558 174 3936 249 2271 1124 6 2899 2512 2162 4077 625 2521 3367 4345 144 1481 
4605 3560 1472 2066 4824 3620 79 3458 4343 4129 4802 3277 4020 2320 3831 1055 530 3284 
4019 2090 3459 3994 2643 1643 801 3684 4601 2657 1845 3893 3016 4809 3325 1741 3697 1665 
1148 4077 2195 112 600 886 2085 3968 4790 3418 3656 1145 2080 4266 3926 3317 4600 166 
200 4321 981 4861 1701 749 3973 4453 2323 3205 1346 165 2916 1759 3828 3471 234 1915 
2557 201 1726 3986 2220 1516 817 4334 4918 3420 20 1234 4798 53 544 1877 1049 566 
3524 4205 3607 2520 2798 106 3569 2276 506 3001 4202 62 4680 4156 571 2074 1937 2604 
597 2664 3470 2962 3121 881 805 2586 563 2918 4811 2874 2022 1297 1837 4067 4046 4181 
3902 2198 4396 1134 4754 4179 2380 3418 1562 4107 833 2004 3057 4473 4579 3994 2138 3359 
381 3502 844 58 3503 2334 3177 2432 1091 4680 1946 4610 2896 782 188 1698 2875 4870 
3454 2568 436 1648 4212 460 4631 1903 4100 1485 4634 591 1420 2798 601 1928 4048 3818 
3708 3304 4406 3709 1916 1041 1529 4515 2868 4879 3905 3276 4799 1216 1962 3173 2815 2031 
653 54 4372 2285 2445 2810 733 2642 4693 2225 3223 68 3414 1945 3204 2307 1953 309 
3699 1385 3667 4119 2601 2036 1212 305 153 3002 4507 315 2454 853 336 619 3273 1264 
898 4119 1285 314 2377 4737 4235 1474 1923 4745 3281 2166 3696 3281 1043 561 1537 4547 
3619 3687 1826 26 1573 3264 2876 3954 1877 4308 1557 721 3505 2312 2119 1064 623 2471 
4460 4434 1883 4184 4774 642 2330 4596 3974 1427 4909 1951 3075 2075 2978 3030 3644 4280 
1366 359 4941 4894 1066 4626 3629 3625 144 468 447 2987 1146 2114 2021 3563 4934 2480 
3462 403 1158 464 3003 1543 140 1357 3459 1429 514 2929 1415 2200 4709 601 1586 187 
4363 2824 3732 1739 144 4854 1914 4310 4320 3280 822 4429 4263 3950 1418 1208 2539 301 
4545 658 1193 4581 129 4129 2893 2801 3038 479 3754 1467 1179 2420 4734 4092 3365 677 
845 4562 1491 3690 4916 701 2206 1453 1247 3644 1203 1065 2038 4634 3316 3940 4223 4669 
2571 3540 1884 528 3492 2143 300 4619 911 2836 1293 3691 4131 1680 3375 1237 3844 2624 
2554 4546 4771 4467 4904 1980 3062 2129 237 3724 3100 2198 3063 4728 2531 3956 3191 2165 
733 1656 4024 2609 1080 2520 2770 2212 4505 4923 3295 4441 603 120 4010 3286 3544 265 
741 4203 1305 4098 1821 387 1795 3994 725 3643 4530 1917 430 1017 3901 126 2931 884 
3176 3660 2383 1113 2488 46 3533 4836 4072 1655 1143 3249 2620 4907 3355 4917 4876 1867 
3746 542 4338 1322 3510 3240 897 989 1953 2041 1115 1304 67 4816 3621 404 1824 716 
2491 2856 3247 755 3756 2005 1493 2497 1863 4467 1296 858 1966 2953 4403 4716 4309 1400 
4594 4320 1348 1941 1042 2757 2201 3829 2068 912 1704 835 4895 623 2971 2100 2719 3676 
378 1584 3274 429 2196 1961 3135 722 3711 1662 2514 2326 4834 1022 2295 2623 2413 501 
772 4447 1230 4586 2060 2884 1239 4752 3573 3239 4683 2081 4907 1694 633 4535 296 3396 
3932 2394 1893 617 3723 495 1258 904 2824 2414 2003 2552 4572 2686 1024 4216 1482 2356 
1657 668 667 566 4681 3377 930 3860 53 87 1979 1963 2790 4500 3334 1873 1636 3132 
2060 3913 4597 501 215 365 3804 2187 3252 4675 2478 2064 2868 2498 788 1432 4519 3700 
175 1566 4437 4666 3271 758 1858 4336 3164 2395 4645 1960 3537 4128 4066 3443 2950 1351 
4631 3262 3561 3610 1197 3025 730 220 3575 2602 3800 2855 3241 3242 4908 4539 4740 1883 
2792 4947 1942 1978 2773 3191 1279 3855 4070 2599 3185 3473 1068 202 2481 3809 654 2130 
4721 1381 4384 3935 3075 2831 979 2808 2503 4938 3400 1860 3469 1813 351 136 1391 2941 
869 3401 350 3071 2865 3795 4767 1818 1747 712 4927 4383 2758 2564 3780 1884 2837 4051 
2003 4204 2507 563 850 2882 3834 4096 2468 4361 4002 2097 1861 1213 2654 382 2067 4629 
1133 3621 526 4466 2479 3916 4141 4742 3237 483 3686 2735 2731 4772 712 1742 103 2872 
4169 3905 639 619 2199 653 3697 1993 3225 1554 2470 3020 342 1428 2461 1150 1563 680 
1582 4950 2088 2344 2872 1031 1814 2633 228 1873 3362 1557 4584 2878 1906 2303 191 4609 
4928 2205 0 3131 665 2092 1974 1548 694 4850 4071 4826 3489 1599 4622 3851 3748 3388 
4109 3212 1275 227 1771 4017 1860 3351 3628 2055 3581 1775 4023 3417 4282 4730 708 975 
2836 3788 1243 4941 268 4742 2137 1200 1348 4254 1361 4111 333 3379 1223 2214 2186 2961 
796 1102 420 1034 2716 2075 3717 2101 84 4260 971 2922 2827 3631 1800 1349 237 4910 
2316 3446 4260 487 4873 621 4081 3848 1855 2141 2762 2453 1961 330 1262 3535 954 3591 
3121 2452 4296 4560 10 1088 4010 4685 1301 3639 1649 625 148 933 750 1870 853 1458 
1288 169 2242 4062 3500 3448 3195 3233 3914 1921 2745 1378 2360 2530 2065 3294 4454 112 
1088 2700 4798 678 4245 2058 942 3506 3879 858 2236 2368 3072 3346 4487 721 900 712 
3167 896 665 4764 2940 938 4803 1745 1168 50 4648 1486 839 2865 3053 4020 1601 4638 
3031 2230 3315 2385 1193 4783 3959 4513 2497 814 1221 2401 3345 2454 2182 4495 4728 237 
2614 130 1555 1417 631 249 2454 1716 4915 1362 3746 2518 2783 5 4763 2488 2663 3234 
2939 2444 4496 4185 2186 3909 3647 4851 2883 4127 4699 1308 2845 304 3584 867 3114 3387 
1217 2240 1919 2201 2959 882 224 3079 1410 2959 1007 1769 738 4223 3423 1310 1710 3632 
3924 4693 1694 2160 392 1868 4566 3403 244 1175 677 45 1251 4324 1938 4155 1100 736 
4448 2010 2818 2189 1992 3637 1318 3134 1994 13 2082 401 3660 1628 1468 2675 3636 902 
3251 4674 1294 2225 3365 924 3771 2613 4302 1856 831 2038 1564 3550 1536 3383 316 2032 
192 2412 1375 2615 305 3346 3182 477 4713 4067 1656 4081 4150 4869 214 1482 3234 123 
609 2421 4277 1291 1027 888 1055 3864 225 2879 3770 1487 4830 1576 3120 2189 4818 4602 
1929 3739 686 2358 4278 1743 4115 3362 2721 3182 4812 2572 2930 1379 3847 2466 3539 4052 
244 427 1887 2059 525 4220 3565 3281 3420 1911 3521 1388 2257 4314 3519 4298 982 1284 
4577 1546 3355 3754 4689 2260 4413 3009 3277 3233 1482 2608 3621 2544 54 2728 3721 2780 
4536 722 2157 4756 1190 4859 3292 2491 271 3215 3853 3286 1898 1873 1306 4927 3964 2301 
1139 211 726 2428 4008 2338 74 2230 1292 3293 1029 1784 2509 1697 3785 2229 841 1098 
2908 2445 2901 1021 2316 2890 1343 4107 4493 4641 282 1988 4809 4418 2139 4715 493 206 
1199 3174 3547 4803 2288 2140 3190 2209 1340 1072 729 2830 2327 3593 2847 514 3073 4619 
99 471 4684 1124 4515 3140 1231 1978 4245 984 2809 2560 4687 4377 692 168 1397 1800 
2902 2536 2652 4625 3274 4912 3204 1675 257 536 2359 3261 880 267 3240 433 1633 3616 
2731 1694 4895 3148 1987 4204 1235 4909 1780 1512 3558 1513 409 3253 3163 1472 4289 4890 
2419 3337 690 1431 1601 4272 252 3830 152 801 2317 2184 184 4294 1587 850 272 469 
1300 100 2735 2114 1093 4273 3387 3144 1564 2323 1385 39 2689 1539 1748 187 2620 2185 
123 3137 662 3073 1674 4352 923 2579 3439 4767 2436 2553 3528 2897 391 1832 3534 56 
4101 1788 4535 4807 1754 985 3443 1230 3593 427 629 2837 1406 2785 4947 1578 3634 2005 
295 3334 3909 484 3326 157 3762 692 3202 3459 232 1910 2259 2107 3677 3129 2204 3012 
2102 4145 441 4579 2518 3426 2861 551 663 2232 1445 1955 2296 4061 35 2232 2010 3576 
1776 4061 1841 2917 1634 1538 4206 3811 4096 2595 2182 3032 468 2149 1795 2603 1970 2499 
1430 1154 4326 2606 2861 1410 3357 3934 1744 1771 3934 1979 203 825 4823 2216 786 1354 
2897 2307 2644 4265 4005 2266 2554 4511 2769 622 1467 3065 676 143 2143 3357 1714 4254 
2581 182 2046 359 4180 3854 2985 2591 1633 256 1687 2536 2675 1687 3032 427 4780 1783 
40 2844 40 1552 902 4301 4319 3627 3152 877 1673 808 3167 2540 3184 4172 1694 2920 
1200 2310 934 1686 3577 2344 3256 965 2921 3329 1041 2132 3710 4902 1118 2586 162 4131 
1245 2345 3753 2082 4555 3115 3732 2008 264 4176 4179 4612 1995 3718 2628 3437 4336 1177 
466 2840 4355 2789 1221 342 1949 446 4427 1761 4592 1020 4260 4290 877 4282 2865 532 
2218 1649 2673 506 4853 1879 4701 3388 2796 221 1472 232 3850 2925 2564 1417 2580 50 
2569 4028 1795 1378 3403 1689 669 4640 2803 3934 1381 2775 1569 27 2375 3431 450 4289 
3649 2420 214 259 2160 1274 4653 3834 4526 2642 3897 226 4824 2928 192 1161 3063 2217 
4719 1671 3774 3035 3126 2619 1024 1594 4574 2962 3725 4794 804 697 3451 1236 4406 1293 
4352 148 1440 331 4707 4533 2549 3640 935 3566 1848 1980 3934 2426 226 3387 2605 4060 
406 3942 3568 1043 3044 2328 2611 789 4053 1328 3415 4494 4176 1331 356 1050 2318 3946 
1610 3633 4562 4615 1149 1001 4714 2684 3796 2695 2409 21 2322 431 2660 3125 3860 937 
4035 1918 4330 1751 2890 1744 4412 2020 2488 1920 4112 3198 4008 4055 2277 1085 4738 4624 
4945 4213 2194 91 4275 1573 2928 2665 2789 3811 3160 2906 782 1395 2733 1983 3223 3518 
1910 172 1378 143 3484 3435 1242 2049 3238 2009 2125 1006 3046 60 3593 1221 4230 3672 
4636 3992 4622 4122 4539 3450 1482 3429 1173 2122 2116 2026 1268 751 771 2757 789 3989 
4521 3361 3395 4760 3379 4420 1773 1353 3950 1800 1865 4938 2370 4637 4260 1610 1046 3365 
3811 2487 1750 1562 637 1883 1443 27 1106 3819 1201 675 2117 1380 3576 4098 1647 3698 
4304 195 2915 1115 4414 3184 4838 3772 866 650 4033 3898 3946 124 969 760 1359 959 
1368 78 404 2692 1267 4584 403 4536 2878 4315 2276 2636 3663 121 1023 3455 4389 4854 
243 1676 1572 1131 3099 3006 3451 1737 4532 3047 248 3196 102 2055 2010 1879 98 4954 
821 4830 4198 4778 4957 122 3738 1325 2948 3408 3298 1481 379 4368 1676 2022 753 3170 
3613 34 3281 3292 4262 3959 488 4600 2067 2042 2407 4540 1580 3956 1077 295 1087 3612 
3705 251 4274 3118 4509 1632 2966 131 3491 4420 3265 2469 2683 2922 2493 1673 712 4268 
972 3517 1414 2537 4461 2024 2753 2270 4537 898 4599 4252 4643 1827 4540 4137 1836 416 
3063 1600 3371 502 2077 397 3662 739 2798 4925 2700 4353 2085 4210 4324 2842 2368 1970 
2488 2986 262 180 2156 2972 3720 252 4480 2099 1216 1191 4944 2705 2190 4427 3631 2060 
981 1650 2081 1357 1880 3473 2571 4255 1640 2829 3273 955 4109 1362 611 4514 905 4036 
2031 2258 3160 4472 1531 3120 114 4577 3230 3690 2614 1945 4859 3792 930 4349 385 3954 
1727 4671 2069 3333 384 737 1590 3672 4353 4587 3155 1293 4206 4950 2252 933 4149 2126 
1170 1170 3636 2821 3493 1624 3855 77 319 3796 2648 2731 2377 84 3344 316 1531 2965 
4569 3616 1454 3324 3953 4102 4570 84 1921 3033 714 124 614 4381 643 2482 4513 4774 
3926 2263 4064 1241 2251 3577 3970 5 1205 2472 4291 3592 3654 2327 4347 2871 4578 4452 
795 1238 780 2280 427 2834 1520 1481 2750 4469 1039 2910 2977 43 1330 2763 524 2677 
4 1710 4760 842 2463 2110 3531 974 3829 1728 3377 2644 2488 1637 4238 628 1926 4784 
4439 963 899 2512 2774 3411 2623 2502 810 3769 2481 4669 785 3433 4708 3965 76 3875 
309 1564 3377 4665 2317 3440 2899 1651 4512 2628 78 3713 4188 2156 511 998 4833 2559 
1008 4864 3010 2573 964 4914 3325 1941 1971 1399 2009 4867 4628 4411 2724 2697 4898 329 
3134 1581 1079 1309 4013 184 2228 2022 1014 3286 3471 1987 2185 553 624 640 1829 3792 
4860 4636 1233 4357 640 957 2515 1366 808 3394 3961 1786 4208 1045 2198 2802 4101 4561 
4490 530 128 2065 2903 1592 4606 642 195 888 4074 697 4812 1586 2712 4651 1800 2414 
4608 2727 2668 2677 2555 4667 3296 2183 352 1106 3487 3273 1513 3796 1199 3446 3390 4174 
190 4405 3726 802 2119 2784 2906 2035 2327 2547 230 2308 588 4723 879 871 1553 478 
4220 3052 498 1538 319 257 1592 1303 3125 2335 4381 4420 1971 2908 1854 2848 2085 3433 
37 4889 2120 1168 3935 3060 3982 708 2704 3109 4867 2406 389 1579 4301 3411 1559 2268 
847 400 571 4656 4241 1791 126 2681 4332 2840 228 2730 3032 2225 2571 2235 548 769 
122 2353 3261 3532 4091 3792 4046 2878 1981 4299 3598 4117 1584 4942 3889 2680 3308 21 
1526 2324 191 3392 2054 3463 2387 287 1302 3032 4575 3025 4640 1367 3281 4396 2322 430 
4838 728 2728 3286 362 463 2379 501 4355 4309 1710 4509 1539 2486 547 2736 4647 1795 
202 4416 3263 2762 3828 2505 4865 466 4864 3602 626 2244 3805 3053 4482 1089 2624 1477 
3088 2161 314 3063 3373 2641 4753 1793 3673 586 1072 3045 2880 4478 1765 2873 3105 1538 
1680 2007 4250 2959 3087 3995 850 2048 3159 4945 1918 2099 317 654 1207 4504 4158 2537 
1107 3226 300 597 4517 3035 688 1403 2161 2922 1843 4177 2878 3669 4628 2748 2412 3053 
4538 3572 4424 1003 3143 3840 2213 4224 4937 2489 465 246 2179 65 3790 664 3974 1218 
3453 443 1431 25 4430 2615 3142 3096 3034 1879 1993 4109 3228 1525 4616 4280 4867 4045 
935 2547 2701 3645 2256 3596 1167 406 4567 3751 1060 2570 4817 2535 1108 3036 3246 742 
2513 3653 4096 983 4158 446 433 2179 416 1861 3007 1030 3977 1260 3906 2014 70 554 
1144 4543 1628 751 984 1116 4157 3958 2768 4167 504 136 2634 4601 2668 4918 598 2915 
931 730 4126 4841 1107 3008 4598 4680 2315 2039 3991 3552 2898 257 4405 1158 2086 3544 
2875 3380 1073 1367 3586 4700 1028 1399 3405 2086 4710 3380 2666 1766 1190 4202 221 3016 
969 2064 250 250 1501 123 4502 1090 492 1946 2649 3401 951 2562 959 946 684 4958 
429 4174 1865 4859 2417 2525 3140 1246 547 2455 2070 2841 84 3807 2067 4153 4084 4952 
3144 379 1708 804 1420 2683 4368 188 1996 940 1819 100 481 1143 3502 4359 1203 1879 
4210 564 3018 4100 1540 1108 1977 16 2222 46 2645 418 2862 1774 3121 3621 1178 1191 
955 1378 112 4922 3405 1790 4635 2487 4379 317 1432 2585 3659 1107 3328 4697 18 2982 
3814 205 3598 485 579 2462 303 2727 2536 4052 3216 1522 2660 1397 348 1691 41 4922 
4011 2863 3146 664 1782 805 349 951 4603 2431 4203 1057 3136 2332 1344 399 1904 2279 
4789 3033 3612 397 3393 1700 1783 3469 4087 1575 4591 2371 610 2154 1065 3233 1866 3241 
2321 2760 116 4046 2679 2559 4437 4264 1398 4845 1765 2131 3312 1529 1839 432 2872 3923 
2042 1884 480 762 3197 2387 797 511 538 2022 3291 3297 3985 2123 441 1991 1898 3261 
3696 4703 2552 3089 4312 3782 815 1136 3418 2239 2757 1634 1814 4222 3560 4794 4788 1848 
1040 2267 3360 336 440 768 1424 162 233 2970 2767 3891 1504 3240 3770 4230 2297 3535 
4908 4585 3718 4434 4900 1171 642 2330 2565 2471 1779 3182 3670 1160 2889 419 1407 3776 
2455 4558 1346 814 1285 2185 2688 4869 2734 123 187 468 4379 3875 1271 336 3198 3171 
4501 4484 2477 4629 655 1770 3660 3263 2354 1792 1098 934 3334 1521 1181 1840 992 1617 
1972 2385 3347 2461 3157 19 3115 168 1423 820 1426 1934 3192 766 3977 927 646 202 
472 2962 318 1042 604 2766 26 271 2226 1983 3861 2449 2507 4215 1526 2530 1183 2364 
4383 3198 2044 3390 1874 2963 4402 3280 4479 3336 2885 915 3907 892 736 3420 1048 4399 
504 1293 3666 79 4622 4323 2748 2292 1437 3403 79 895 3366 2128 987 4786 48 4591 
2336 2905 3220 4667 1330 680 426 3058 2396 2276 2286 4387 231 3155 925 3733 4089 4829 
1767 4267 4138 3802 3898 3333 1492 1129 1939 3687 4815 4127 3031 1053 3562 2520 2558 3976 
3641 990 4716 74 3707 2398 2043 2247 862 531 3196 269 1419 504 2407 2252 2399 1489 
1978 2851 2814 2781 545 4118 1928 2815 4628 1197 2814 3230 2778 3867 3233 1660 626 318 
1343 4006 523 2614 2239 2965 697 4700 1029 2801 318 3961 3108 184 3684 3881 3019 3961 
3559 2233 4071 1672 2979 2228 2686 2012 632 2047 3891 2858 1623 1360 2385 4586 3448 3928 
95 3214 1153 1773 3840 81 212 4120 1604 4849 161 2549 3662 2835 2120 3108 4548 4625 
335 121 2218 3752 484 3088 1184 1317 835 1631 4028 3416 1858 3784 2422 4874 1672 3573 
1515 2848 2398 1969 3491 3268 1205 4388 1108 2784 3022 3978 3033 2725 2045 3743 295 525 
2903 4516 443 1426 2693 456 713 4269 3907 4533 401 2496 1442 3177 690 3737 4013 1080 
1476 3738 864 3467 4843 2119 2356 4744 951 2990 4726 1002 4664 4275 2310 1233 478 2064 
1883 2390 4567 2637 1382 4159 948 4015 1806 609 2225 4062 3237 2226 2888 2269 2478 2346 
3073 10 859 3780 2069 3641 3137 2030 2651 1854 2807 2973 4582 1339 666 2481 4367 2578 
4641 2541 1885 4515 2852 948 41 2328 2387 3414 536 2382 1463 1180 2690 3858 949 3950 
209 3809 3691 4821 4392 1140 4114 2365 577 1378 98 778 4135 4094 3033 494 4702 850 
2270 590 1221 2309 1094 2552 716 2265 2590 3247 3559 1144 2922 2850 1617 4085 1472 3390 
474 3499 4337 4042 4643 3561 394 2027 4880 2483 3414 605 4259 2244 2893 841 2208 2919 
682 1705 4500 2545 1384 4739 567 365 3741 646 1645 3280 1365 2280 472 3078 2124 1181 
4767 4957 3944 4150 1714 370 3453 240 2722 3209 2858 722 3480 4236 4629 2934 1188 3259 
2973 1277 1815 832 4902 4735 580 2214 4234 2167 1961 2667 764 3441 1417 2663 667 103 
2088 561 2506 1637 3466 2421 2390 851 4003 2336 3958 3946 2628 1909 2884 4644 81 3152 
4652 4158 3925 4197 446 1370 2315 4470 1223 2850 3457 1510 4805 1271 2192 1367 3138 623 
2151 2598 346 3165 4423 2673 231 4729 1948 4750 3318 3994 4495 2177 929 388 4057 3652 
1991 1128 811 2976 3042 3634 677 1505 3771 629 4259 2557 753 754 1810 1258 129 3349 
2235 2012 832 640 2438 4571 3849 2394 4271 3860 3148 868 4252 2157 627 4596 3531 1175 
4575 3822 2024 123 2473 1481 4093 4087 583 2048 1540 4500 3349 4564 102 3057 1857 4185 
293 4873 623 3257 3306 3801 4283 1204 4681 112 3194 2431 3194 21 4560 4952 2127 1721 
2689 1016 1476 2791 433 2010 64 3680 172 927 1938 594 2178 4954 1054 1657 1802 2029 
2758 3771 3594 2557 2128 1101 620 4252 745 894 1493 3471 3509 3464 1142 2289 4113 650 
1953 903 3431 3663 3111 4676 2428 1347 2195 798 2384 2976 4418 1391 220 887 4733 4916 
1561 2635 4586 1734 2029 4172 1392 656 3844 1582 1593 3341 4097 2881 4302 3555 1687 2569 
2484 1036 1966 588 6 995 3272 4083 3725 535 748 854 706 744 1415 4559 3496 1636 
1590 4348 2826 323 1440 2737 423 1484 2036 1681 2448 4715 2211 4023 1602 1762 4813 3631 
1299 1569 4228 2388 690 1347 1716 235 4437 1356 3783 3998 2473 108 2352 4474 4256 1419 
3163 1020 3408 647 1106 859 868 2312 3887 3442 4709 725 2249 4588 902 3458 40 2140 
57 4127 3291 747 2636 2283 672 2122 1129 3218 265 1233 2737 2868 379 4566 3899 72 
2913 3891 1509 3973 54 2698 2955 4238 4792 3269 2675 1678 1739 130 509 1225 4444 2030 
3204 623 3469 2236 2407 4719 4360 4290 83 570 1742 1025 2635 2699 966 2617 1453 3613 
4424 127 4615 148 4505 374 600 4562 3372 4456 1662 4181 4177 496 4957 1659 4042 3534 
1904 4754 3954 337 4618 2276 4890 4510 3055 2460 3846 4550 366 4690 1491 2340 1353 10 
286 436 3545 3982 3578 3589 421 3583 3330 4454 854 3491 2891 4270 370 3941 1009 3367 
331 4366 2121 1483 2551 1030 3420 945 18 383 1698 3765 135 3887 2524 99 3015 2091 
1690 717 4898 2647 4416 3749 4234 1224 1271 2743 4572 1523 88 523 1768 2522 4544 3786 
3820 1136 1213 3169 2742 902 2873 4306 1595 2159 4463 3016 1875 3754 1177 1663 3699 3429 
2785 2104 977 2664 293 2409 1483 2143 1480 3884 1907 4521 1837 490 1857 1695 260 4559 
3582 2947 3352 1092 1837 2594 4827 1400 3375 3434 2778 538 1673 2853 479 2510 3553 3506 
2055 4440 3742 2278 3291 3942 2863 3516 2338 611 4303 3333 478 4095 4425 4272 567 1551 
3169 3870 1751 3028 155 4736 4656 892 4023 48 3260 2607 4352 4332 344 3863 4154 1729 
530 19 3110 4300 4098 1992 4138 190 4094 1150 3429 3992 1285 2690 928 2355 1658 3646 
1604 3600 1546 2810 4136 2719 85 1209 3549 44 2447 3323 1344 1348 3639 1486 1031 800 
4057 3258 3680 1719 4380 1846 4372 108 2927 4950 2138 4330 434 3272 3900 2276 4817 1270 
1608 562 3331 4843 3249 3429 2976 923 2916 573 2462 263 784 4491 983 255 779 280 
468 1835 607 807 3422 3040 686 1811 4300 4229 4108 173 888 2289 685 2543 3747 1449 
2490 4540 1057 3702 281 4091 1476 2343 4441 1048 3640 1660 1158 4083 4630 1493 2794 2392 
3053 4594 4651 4907 2063 1566 1558 3203 4836 4653 964 4281 532 255 896 3141 3409 3978 
1237 2453 4608 918 2487 3921 256 1800 638 406 2432 1211 3405 4642 1230 4886 3465 408 
1202 1426 953 2138 3692 1253 2634 1642 4491 4409 2956 3279 2656 303 3595 4768 3896 4089 
2947 3329 4216 1964 3768 1498 4415 2118 112 3618 3030 2531 242 1038 3131 1316 2628 1988 
3345 667 1143 791 1708 504 2091 3497 1459 3897 1718 4604 4059 3624 3234 4799 1973 4176 
1218 3877 1668 1850 3083 4595 2539 3125 1922 4171 1681 1323 1508 3635 2543 4809 3310 2209 
1314 105 4844 698 3355 1824 3408 1985 846 3241 1675 3433 121 307 1070 4668 3895 1794 
4617 2810 605 919 1078 2382 1859 2653 1078 2832 2959 254 477 4811 3709 738 3311 2326 
1902 3336 3701 3093 4872 2209 2092 975 2870 1525 563 3192 1189 1078 429 3315 3205 942 
3933 866 2009 1664 1152 799 2699 4905 4125 1349 1736 1403 1058 85 1486 4655 2720 3447 
4818 527 3894 2945 3069 1610 4089 2108 2684 2845 4151 3140 403 4561 1559 1203 1635 252 
1716 3251 4319 3583 3648 819 1098 2121 3941 4064 3985 4436 4446 4536 1998 2151 4539 1500 
3631 118 2269 2090 4459 4606 2304 1499 3454 4142 2507 2232 1166 1980 1728 2931 556 2718 
892 3081 4329 54 103 2183 2970 4838 2693 4076 1253 4351 3337 1623 3356 2888 3975 2403 
2978 275 15 4097 4790 2478 445 4468 323 387 3634 1430 150 1542 3418 3636 698 360 
3221 4202 2487 2973 3073 3116 35 3792 4572 4765 4072 770 546 1775 721 1745 2475 2505 
4894 2430 3251 1087 81 4452 4529 4519 428 2143 2643 4327 4482 3690 1941 4394 2013 753 
2142 948 1798 4885 3427 4228 4397 1535 1739 1042 3334 301 3455 3489 3801 4111 4551 3671 
4874 4916 2716 1276 4208 894 3961 3072 2183 1010 1415 163 3428 1791 1796 1192 1233 3578 
4680 1236 3241 2217 2638 3606 4724 3650 1750 3186 3023 1437 529 3705 965 4891 1661 826 
3983 2024 4063 549 1661 3283 3485 2724 1313 849 356 298 4089 1383 4755 3836 1449 1272 
4890 4533 4770 3433 1166 2898 2932 306 3111 4082 1220 2827 381 1286 4827 3679 543 643 
3334 3286 51 2725 3300 1625 4882 4921 825 2125 3131 870 1129 4001 3029 3449 2355 3480 
2353 1643 377 3953 401 4644 643 1987 88 4153 2160 4192 3123 77 1490 4784 661 1318 
2293 1451 2246 3277 2841 3873 4107 2519 3356 27 3685 3191 2036 178 2973 4181 2338 1669 
768 4007 1302 2276 4097 3593 1469 3789 3406 1685 3828 160 3714 4305 3474 2000 2912 2659 
4138 693 1315 1509 2492 1131 2352 1476 1319 847 3301 1179 81 4365 3419 3395 666 1413 
4027 688 2889 2731 851 2536 2599 720 3671 3009 298 734 602 176 4170 814 2391 2040 
4650 109 445 1281 4103 2150 526 269 2982 449 1228 3752 119 3462 4152 3795 4176 3731 
4265 4641 4643 3064 1348 3378 81 2709 2992 4684 1499 4939 953 1915 260 3978 1099 3855 
2884 3706 4632 3434 982 1574 3284 4613 1938 4021 4197 534 2639 1183 4467 3403 116 3837 
2068 605 3223 3894 2390 1910 3370 4804 609 4317 257 1739 2314 4498 752 1234 2402 976 
984 4861 1241 1197 2219 1376 726 4595 1401 1465 1239 4860 3180 3667 4805 4827 135 2 
2104 4652 1174 4694 1646 1934 4223 4184 2230 296 2665 285 4070 238 2755 3796 3093 4623 
1043 1224 1277 2572 1585 1054 2131 521 4414 4851 718 2209 1468 1347 3101 2764 1956 4787 
933 4953 3249 3462 2112 4378 213 3530 2051 2069 4095 224 1648 4802 953 4588 4636 171 
3197 913 53 4657 2597 762 2638 3871 4529 3712 557 274 2334 3193 3609 642 3033 3218 
2013 4250 1510 3599 4049 2506 1491 1152 2031 2758 941 2802 4918 470 3589 4800 3640 2043 
654 3239 3559 1007 2334 118 3049 1744 3007 2189 272 4225 843 2328 553 2240 3973 2798 
608 3804 4517 3146 3058 3609 2690 2955 3722 2510 71 2525 2943 1056 2028 2912 542 1502 
3884 283 1493 2052 4468 4477 2884 607 4540 2312 2267 2975 2631 2577 2401 2713 3856 3881 
626 2789 2781 4142 2843 951 1136 4711 4850 2435 1707 1163 2418 3827 4865 2850 4953 1364 
1035 4918 2079 3128 2808 4796 708 871 4641 182 4138 2007 795 3978 4917 4656 3497 4007 
4699 4934 1351 1184 4938 4758 1918 1828 651 4488 1267 2228 3217 2964 73 228 3906 313 
2748 338 2842 335 1590 177 2700 4753 3036 2720 174 652 1309 1556 1867 1601 673 4129 
1710 3157 1839 3437 607 2030 4337 301 2307 2737 734 2329 4471 1231 1489 1680 2559 3277 
3443 484 2466 1477 4073 690 1745 1475 4171 2893 4415 2358 253 4345 1901 3624 2903 4522 
1985 1880 1521 2357 4611 1620 401 3809 141 2709 1110 2348 2475 1452 255 1821 3722 4852 
583 138 2266 1020 1811 3452 881 3238 1466 3260 2531 2365 408 3197 3841 2984 4751 4243 
4930 1553 1037 3399 4337 3929 3404 3408 2324 1185 4302 155 2313 3815 570 3932 813 4150 
3171 2175 4117 3615 60 4826 2283 4615 1097 4460 4660 2705 3973 1358 2489 4013 1450 1081 
27 3172 2866 2269 3154 3209 3984 1274 3359 3349 4934 375 2267 3166 1132 3505 3193 799 
1289 3793 2057 35 475 3524 1066 2621 4542 1657 2413 905 2458 1290 2707 4437 2012 3289 
2583 3076 1607 2550 865 1299 867 1857 3871 57 3909 2062 2624 1029 700 4949 2122 474 
2685 4913 4641 3054 4500 782 3145 4937 2794 1413 636 3875 557 1145 1252 3174 2653 266 
2106 4588 4362 4388 2343 2006 2182 3589 3458 108 2155 3571 3885 1369 858 2093 2308 479 
4305 2062 1745 1780 4410 4524 584 662 816 2206 277 1594 28 2821 998 325 4641 2193 
1791 4225 4193 2316 1251 462 271 4861 3354 4415 1669 1482 854 917 4333 3710 1728 218 
3110 1513 3447 1036 4809 3604 1423 1646 1204 878 4704 3351 1379 109 471 863 1027 1263 
3563 1407 4434 4926 3752 4661 4539 497 4346 3998 2275 1654 3248 1772 2947 82 4245 8 
4828 1353 4858 4050 2504 4187 3096 1567 4211 2884 4319 4224 2680 2784 295 1848 1753 2748 
4952 944 3489 3609 1307 4214 1046 3184 2209 1471 2495 4823 2383 156 4180 2294 1546 4346 
1647 4088 2805 4344 866 2838 2915 4204 545 2079 1668 146 3288 4737 408 3423 2553 1661 
4785 46 4235 3338 500 1967 3496 2264 2757 4681 1496 2256 1578 2473 1522 4082 506 3558 
2344 2047 3333 4893 3180 968 3976 3708 1275 4095 335 3805 4733 2833 44 1275 3606 3952 
3862 1083 2172 1841 3505 309 2389 4773 4553 1168 3690 4348 4234 2526 2867 2489 1606 4252 
930 3807 4324 2706 727 3838 333 1959 2157 2383 4121 3112 1614 4487 3058 1768 526 3828 
1748 862 2663 1066 1581 4223 3055 2139 3227 2340 2354 3929 2519 3013 4568 4364 1096 4240 
2697 2352 3200 2451 778 1891 1171 704 2821 2448 3591 4551 1025 4824 574 1451 2669 4369 
1065 2807 2541 1296 1270 4527 2229 167 1439 3789 2803 2635 3200 1621 2567 4576 2899 4359 
1700 1167 4537 398 4242 1183 4284 1128 3884 2449 2152 2840 813 3848 2260 2679 1879 4156 
4172 3844 1273 873 3463 1066 3504 4932 704 4824 3923 3739 1080 1845 2052 3897 1615 1055 
1856 4099 290 4820 2888 2856 1673 2927 376 1557 4793 1912 938 2506 652 2756 4445 2592 
2100 2239 2851 1340 138 1337 38 2985 3110 4104 4863 2954 582 2029 4914 158 1562 2155 
4107 1218 3289 4730 4478 4847 1636 4051 1239 1774 1123 4690 3422 1042 1541 4320 2082 1094 
4678 124 3967 3393 1287 4539 3285 2303 4851 879 1281 776 3571 1836 1712 1797 1344 2673 
362 2788 1588 1486 4870 2151 802 4149 170 4959 2910 729 3385 3794 304 715 4293 1482 
3866 473 749 4379 4608 777 355 1424 2071 4465 715 4163 2125 221 964 4613 1828 657 
1163 1270 431 1741 3582 4075 2723 3774 4881 3410 2877 2660 2983 1225 236 217 3117 3502 
3115 2316 3653 2833 974 3952 2972 3751 2894 871 1181 1731 4503 3481 2062 2750 4124 4086 
2966 4727 3551 156 4215 2175 4691 3796 2853 3630 1353 837 4550 4836 4243 3780 1512 364 
1386 3627 2679 369 4670 853 484 4582 503 2796 3459 832 3573 4620 4226 1245 1349 894 
4897 4739 1846 4845 4417 3165 3289 525 2109 606 4818 2133 3790 2741 3025 800 1780 4765 
3864 1555 982 2078 1819 3393 2727 2553 4764 73 1868 1781 2517 521 1950 1140 2222 4177 
2360 1585 3435 2908 2633 324 2489 12 3880 3179 862 2191 2844 3156 4550 201 3686 1881 
499 2864 1028 898 4616 1776 874 4209 837 3808 4226 3074 4412 608 1521 1356 2398 229 
2551 4392 2703 4468 3388 4655 1760 3311 3235 3966 3001 2150 4607 1294 3483 4158 3349 3848 
710 4387 4663 4580 4572 648 2068 4031 406 804 819 3778 1911 3894 3768 3767 4670 324 
1960 2697 453 1819 1331 1505 1373 3695 3163 2123 1844 1451 1385 2376 855 532 1741 2908 
3561 600 2251 1488 4300 610 1225 3915 3733 632 611 3222 103 1832 3299 3105 663 4714 
1882 2725 3543 2660 4811 743 1300 984 2633 1457 1372 4047 1751 3446 4416 4479 3984 184 
3596 2565 2917 1916 4424 2632 1290 3814 1172 2976 4371 4024 2623 4451 432 4051 2869 1864 
4137 2013 1550 1809 4185 4346 174 990 3390 3265 584 4079 4784 4943 1129 3756 378 4021 
4176 269 3524 388 1385 3512 1170 4662 313 3836 4239 2493 1290 1262 3064 2816 3232 162 
485 364 1877 3354 312 2317 3065 2806 2395 197 1409 4694 4562 1378 3646 120 908 1040 
302 4040 815 4766 483 1876 4908 582 1156 596 948 1842 2415 4450 4225 599 3585 4207 
475 179 4401 3025 3135 675 3361 3669 3441 1327 976 4012 1372 1273 36 2476 849 2104 
2523 3217 177 3681 1408 4372 2144 623 2281 916 4757 560 4411 4045 1896 1591 4494 3270 
4150 421 2660 3892 2737 2031 3670 953 3881 1766 2414 4556 4716 3009 1049 1656 4802 3483 
4774 4489 34 3514 3962 699 3224 3867 4391 2846 832 2342 3205 2951 4193 1702 2194 78 
1161 4442 4806 2987 857 3010 1557 4852 1418 2516 1152 3014 1289 363 2427 4938 1413 3304 
1815 2741 3229 2183 1295 2111 1387 1864 2419 3319 4037 3684 685 2583 718 593 1348 3333 
21 4330 1055 4275 470 4410 2786 4135 3831 1347 4887 2335 2779 3351 1079 1953 1275 4665 
1567 455 517 4584 4305 4679 2090 2872 2162 1236 2750 2595 1327 1142 2158 3901 373 3657 
3819 457 449 2555 2559 3955 4786 4788 2517 1038 3722 1750 4937 4317 4693 2118 2459 4703 
1155 1039 1929 1199 2276 1598 119 1871 3146 1770 4761 1805 4757 4371 2165 2620 2906 3710 
1838 204 9 3453 4249 3493 3783 1847 4786 3631 956 796 885 3089 4408 383 3826 1596 
2935 3025 3288 163 4586 353 569 2925 3599 88 882 4075 2184 1159 951 3088 781 4670 
3976 4948 3507 200 1474 3665 2170 1078 2860 2860 2819 1830 1856 3310 2357 2966 3998 2345 
2020 4282 4726 1401 4518 1231 3757 4489 614 222 3744 3377 417 4040 3667 2939 671 1355 
1587 4637 2699 277 1322 205 4512 2506 2359 4632 1003 4347 4420 1426 2404 557 3296 470 
3259 3331 711 3573 4159 4851 2551 1181 2212 4279 3453 3937 3539 3184 355 696 4950 1019 
2727 1913 772 4355 3361 2418 4293 2123 3167 1217 3141 1181 1451 1588 2178 3923 2007 2870 
167 2243 3974 3686 1396 104 3509 4067 1553 2098 1307 3094 475 3888 211 1473 3359 3753 
2255 2828 467 574 3476 529 2499 2511 2771 2088 762 2849 4227 2115 1085 1138 968 2744 
1370 1715 4291 3905 848 4054 309 846 4685 1688 1155 852 3172 2162 3292 4553 2465 4418 
4062 2792 4085 3597 3921 802 2129 921 62 2389 4021 1003 544 1807 1882 3992 2907 4149 
2471 2036 2312 1604 629 57 4825 844 4406 2075 1570 3903 4575 2323 4252 3322 2030 1537 
4476 4341 312 2303 3766 4355 1698 459 4445 4877 1019 85 3970 3405 3898 4244 3317 2219 
4392 2510 1488 3933 2728 3157 3716 4790 210 780 2312 1342 3021 2548 2739 2787 934 1056 
2099 183 4429 671 2718 2325 3175 3422 2516 3697 1001 498 3074 55 225 1489 4386 2421 
3051 350 1309 2970 3184 1302 2646 3805 1931 2156 124 1047 4332 4704 3123 3552 2712 3499 
337 3474 4433 310 1131 3451 2732 4115 4678 1758 2542 1577 1864 2360 446 2236 4439 3217 
1740 462 1854 3574 1058 4761 127 1380 3579 3981 4395 4543 4434 1789 1204 2887 304 1219 
917 3160 446 2662 3714 2947 2052 4105 1998 1613 2508 984 4605 102 1101 4490 686 1357 
4942 1364 1663 2981 1183 4592 1804 353 4266 4616 3777 931 4914 4075 424 4718 3464 4833 
4121 3278 3658 2541 1915 2273 3094 3957 2579 3846 4808 462 4235 4406 2319 3275 4832 4407 
1818 2110 4466 720 3532 1127 2050 3236 2353 4504 1265 4750 1036 919 2723 3254 514 366 
4597 90 3422 1163 2855 1758 2617 4812 3184 1339 222 2467 3901 1492 2612 2693 4606 3146 
1669 4149 2389 4113 2810 2212 4796 3118 46 4055 4770 957 2820 4650 4383 2742 2829 3822 
2506 3772 3419 2330 4355 1585 3753 4930 85 905 330 2455 307 4496 698 1224 1604 920 
4807 3433 1697 885 334 4232 4688 1786 1805 924 500 1166 1672 1597 751 3101 4200 2401 
774 1620 251 3281 892 3170 4905 3828 950 3323 598 4088 3517 2039 311 538 2541 711 
1051 3938 3999 2923 1320 438 2885 3808 2022 560 1064 3698 2020 3011 3346 410 2451 4699 
4088 1723 570 4261 4062 1359 1822 418 3062 4811 134 3816 2669 2790 2872 3830 592 1333 
2626 3731 1123 3617 1356 2491 1294 879 2080 4666 4230 2924 4103 4469 467 287 838 133 
152 1054 3725 1522 4524 2764 4628 2401 4324 328 4513 3918 624 729 1450 2495 2288 3587 
2670 2287 202 1718 1212 2355 2833 1966 4773 466 946 1220 2003 457 2343 3271 1304 1753 
1068 3848 3827 3373 3536 694 1947 636 2783 2306 197 4134 3336 1221 3249 3949 1026 2495 
1903 1533 1137 4786 4214 2029 4907 1362 4314 862 1437 3330 1928 932 3247 925 915 1904 
3845 1830 3818 3636 1067 4681 1042 4052 2086 2482 2021 3005 4058 4648 223 1838 2269 2895 
3758 4239 3087 1783 4330 1006 259 1911 3745 2593 3473 678 2324 3106 4177 2913 3133 514 
4541 2414 3727 3902 2930 1997 2189 3213 4017 2145 4595 3395 286 4035 952 2571 4228 682 
2686 3306 1045 4901 3461 3677 1059 496 3397 1598 4056 3950 3915 2702 1403 1882 3312 2003 
4329 220 4520 1892 2290 376 3045 578 198 4198 263 3264 1303 4885 4744 4740 1430 2589 
4116 55 4435 4058 2264 4588 462 4018 907 3638 4298 527 2441 994 1035 2244 4852 3162 
4250 1114 1447 1226 689 410 3675 3035 814 3854 551 4892 2503 1277 3014 2347 545 4235 
3316 2634 3127 979 1859 4762 2550 2898 1962 880 2829 4093 4333 3118 3731 1069 2244 2932 
3340 71 3631 4006 1341 3741 3100 4912 4837 150 4590 2761 3998 2882 128 2942 3646 1118 
4830 3864 4732 3544 84 256 3302 3564 115 796 1592 610 1536 1908 1017 2658 2257 1891 
3390 2059 3154 4876 4089 421 1845 407 4690 2490 1896 3270 210 3401 4379 4228 1845 4492 
2219 2042 2427 857 1421 1422 4709 2983 4177 2173 4286 3590 80 3172 1106 747 4630 4844 
3228 746 1558 284 900 3542 4120 3464 306 3753 3755 4900 3743 4705 2527 4140 1004 2958 
4271 2956 3684 2874 4469 3415 380 4338 2621 787 2139 1808 893 4065 2791 4308 3746 3635 
1310 1591 4158 798 2201 4218 1260 4944 977 3758 3396 3489 1446 1814 3875 4026 4859 1031 
2708 3945 3479 2305 755 3866 1056 3230 494 1403 4611 2196 291 2504 4069 3242 3085 1445 
1948 2131 4 2957 3571 45 2518 2917 3695 2405 3028 202 4419 4002 50 594 1496 2149 
672 3578 1807 3810 2980 1003 3474 1237 4183 2930 3296 3727 4479 4395 4178 4782 3916 4551 
979 4329 2030 834 288 156 707 4706 3669 2092 2362 3215 2823 3213 623 967 1744 4142 
4834 2790 1467 2733 553 3340 1752 1672 367 1870 1714 1485 3559 14 4037 869 1919 570 
4736 373 2293 4528 318 4133 1779 980 3218 241 2569 1498 3568 4727 532 36 4485 2433 
2826 669 1495 3092 1879 4219 250 3309 607 728 3323 388 1771 268 3962 3763 3705 3135 
872 3293 1449 1535 3186 4756 473 4496 4842 2178 63 2998 4542 1795 993 1365 1139 4767 
2224 3085 2109 2164 2878 4458 4734 2000 192 4756 4958 2803 4273 3588 4218 1534 2469 1540 
844 2981 2401 1192 4666 2132 1440 4150 2302 1266 2483 3654 4148 1201 4881 53 2548 4600 
4783 1209 3322 676 1797 4671 319 264 4293 1913 4731 4306 3895 49 3789 1083 387 1816 
4446 1898 4258 4496 3322 84 376 918 4855 1862 1504 2699 2236 2091 1260 2372 2199 442 
2375 2673 4243 3619 3769 3624 841 4563 2533 4644 2444 410 3425 3169 11 886 2107 4656 
3069 4937 253 1769 4633 4023 168 3195 226 3581 9 4923 1317 4021 1426 4124 4251 3211 
2508 2726 2753 4846 806 3022 1514 2290 3813 4461 2592 325 4803 1384 4122 4887 2049 1113 
2072 4774 3461 2400 2533 773 4403 3537 3192 355 4544 2781 1333 3562 244 1496 4150 417 
2833 1626 126 864 210 4383 990 1536 1764 1241 1703 3757 2559 2241 2818 608 271 4822 
4475 2887 2142 2443 988 2332 2275 4109 4586 2549 1235 387 3242 2587 4543 973 3819 139 
4943 4626 2321 436 4093 1510 2460 2341 2920 4334 420 1324 741 3702 1227 3564 2528 681 
3045 4432 4518 4773 2279 3361 3559 2383 4107 1001 362 1350 4335 1643 4313 4310 4873 3181 
708 747 3970 354 2027 3936 576 3515 4930 3722 827 4672 679 4838 2908 3045 2905 603 
1192 3405 3746 1781 4041 1395 3922 1281 2278 491 1254 2851 3184 287 1741 2429 4849 2084 
2699 676 2202 3764 3417 4627 1157 4062 1786 3230 417 440 4563 2958 1738 4556 3879 3752 
1778 3011 1968 3417 2544 2069 1377 2485 2169 1521 3716 3073 4559 1997 2765 4232 3237 2704 
2522 1303 309 3269 179 1763 1979 205 3139 1129 588 3690 1206 2087 3697 2395 2880 3301 
439 3746 4026 3999 1473 4474 3596 4153 3554 987 872 1632 308 3761 1763 3706 3917 216 
2473 1485 2693 3032 1174 4715 4873 4086 3016 1407 2363 3532 429 3904 4290 4491 1209 4735 
1091 2266 1816 4139 2821 4001 4424 3743 2546 452 906 910 1899 3269 537 2910 2898 1558 
1446 3282 4876 1144 2807 1051 2744 4883 2225 209 4898 14 1478 2500 2525 4389 47 4070 
3523 2044 1471 4630 2999 2923 4026 760 4707 2941 660 3166 1396 3033 3158 567 253 538 
2555 2537 3927 4192 1328 4010 2122 1827 1474 3661 3812 4795 4309 4405 1042 110 2043 1058 
3290 4087 2094 4650 823 348 1325 1364 3374 3920 1416 4841 1486 393 144 2405 1555 2696 
3624 215 4696 3060 2791 1012 3033 3298 2440 2517 927 4073 4695 465 3708 3600 2560 3456 
2885 976 878 3138 2410 2867 3754 4531 3256 3035 2506 1204 849 760 1894 1867 3418 3075 
4657 2572 4436 3774 4705 93 2486 203 4333 545 3885 2118 3563 2223 4773 1414 4163 2827 
2956 3522 3271 1692 400 4631 3823 2547 2211 2779 4845 129 3821 569 4542 4521 2251 4273 
1916 3408 3487 1437 4589 3306 1629 4655 2177 4169 2620 4722 2860 83 2423 3635 819 877 
2364 157 1724 1372 3364 2925 3808 2991 4392 1034 3245 4038 2409 543 4732 459 2283 2047 
3733 721 2440 1 4428 3805 812 2367 2091 747 3129 989 2599 3251 3404 1431 3781 2035 
905 1632 1314 2156 981 1520 3196 4268 4883 1373 3607 82 4679 4145 529 3652 4420 590 
4405 246 3611 3715 957 3388 4801 1641 1309 437 4101 1434 4402 1124 4859 2928 3235 4847 
4913 2087 3757 1813 587 960 429 3368 1856 146 3264 4176 40 2721 676 2619 1367 2049 
3740 593 153 3085 4452 2475 3103 3448 2107 1310 3825 3843 3322 630 4187 4253 1826 2120 
782 611 242 378 977 2345 3996 4829 2665 648 741 2766 4632 2263 4376 1872 1024 765 
4017 4926 2774 3628 1448 4710 2125 174 2064 831 3490 939 4408 4259 3515 2392 938 2981 
4959 61 429 2501 4679 2189 2742 2294 3866 1452 219 439 1177 1553 1078 11 4487 2028 
3400 4413 2411 3735 3100 3705 389 3599 1390 4781 105 768 2526 2980 1623 1686 4492 1793 
3298 1373 4627 4940 3287 855 4416 4456 4898 4411 2205 1200 4564 4543 1921 2462 3651 2918 
1377 882 2661 1844 2509 1322 3266 3541 2597 140 2833 3383 4825 4008 2811 700 1265 669 
156 1487 1719 217 1784 1547 299 4000 123 3818 561 4089 3146 2366 2921 2893 674 4864 
2520 4722 4168 2675 2095 748 3212 2381 4196 1633 1830 1687 3010 2637 2121 1302 4661 4246 
3137 3316 1071 2910 2599 3778 3268 3844 4051 3282 3630 2022 1006 3115 3775 832 4612 1037 
2605 3659 854 4251 3803 3312 2310 1570 997 1843 3896 2911 1561 3868 4273 3874 3125 982 
3773 1775 2051 1489 313 2712 4257 1418 409 1599 4663 4674 1400 4062 3559 4373 4588 3299 
1354 1420 3078 3422 1129 1750 896 4822 1940 2953 3997 2231 1091 2890 4205 4019 4957 2950 
3622 4019 4768 1705 1264 1713 4267 2488 1170 4926 2100 4836 2538 118 3870 2207 3490 1856 
4179 4675 1875 3406 3609 290 1286 2111 500 1606 3981 4812 3153 1280 2243 4957 3298 3811 
2592 2518 845 19 50 1287 673 3595 4451 4567 2901 4619 1169 1863 1250 583 1462 932 
239 4291 2711 34 3661 3645 232 2505 3480 3484 1583 4416 1704 1987 1178 743 2625 3692 
3072 1495 1474 2158 1192 2445 1140 1393 2926 3646 648 1115 3893 3141 2519 1082 940 3706 
4386 2970 2373 3472 542 1950 2533 3615 2215 2621 4912 3150 523 3461 2007 1063 94 2116 
2649 751 3847 3233 745 2951 1253 4213 2326 4175 3549 1154 2735 649 972 4624 1900 3475 
3360 1029 785 796 540 670 3051 3765 4047 4889 3410 2715 1190 1717 4003 1067 1441 1535 
1388 3602 4747 3749 4799 2168 1508 2192 2648 352 4723 1455 1757 1739 1429 1703 562 3405 
1022 2178 3552 1079 4113 666 2969 4406 4374 3196 2385 3927 54 535 3336 4079 2982 2549 
2683 1158 2183 1456 4226 2453 4668 1233 2865 2444 2776 615 7 387 3599 4563 3547 2800 
437 1662 2705 4482 1350 4894 4779 3554 372 4188 1900 3641 482 1154 4552 4762 2696 1379 
2002 1757 860 3596 1610 4529 1663 1180 35 733 3962 590 4879 2475 4296 4289 1423 3298 
2563 4107 2000 2364 454 1192 1605 1762 4845 4542 3813 2582 4086 1712 4014 1377 1902 1083 
3718 1575 911 4577 1284 3710 324 1109 3839 3665 2280 3214 628 19 3798 1040 4126 4858 
390 2774 3729 1923 2115 832 18 1331 3546 2270 1436 4889 3190 3342 1424 1443 1101 4943 
3407 4115 412 121 1072 4781 1782 926 3430 4441 571 4076 3140 3733 266 3667 3178 429 
2160 1837 841 757 577 542 139 1755 850 2049 3848 2619 3965 2441 708 2287 1651 2144 
305 3565 4008 3412 1528 2903 1008 1946 3257 3741 4141 4781 2984 2986 423 1979 1871 1672 
1426 1462 3597 2383 3158 1392 1968 4356 3665 116 3765 1035 2568 4046 291 592 1613 4652 
3260 4437 3843 1128 4044 574 4859 1376 1942 1687 4015 4202 1753 1796 4655 545 1323 2357 
313 4866 3312 829 3235 3254 506 1113 477 1305 3674 3382 4029 938 2270 2058 4617 3034 
2195 3645 4018 4824 2652 969 1193 1348 432 4391 4899 4036 3580 684 1934 489 2935 3679 
267 3202 199 3968 2045 895 3930 4758 3621 2556 2045 3696 1571 3584 4372 3571 1620 4677 
1535 3083 4023 3594 2013 3868 221 4785 2925 3321 1422 2354 2263 1601 3799 226 4422 2944 
3368 4738 4587 2232 4163 1697 4906 2427 1843 4318 2065 2777 3357 3372 153 1889 3457 3204 
3971 2599 1744 845 1254 2434 3225 1267 2059 2076 2930 2965 737 472 1943 562 3287 943 
119 4380 4094 2027 3170 1802 4462 3275 1379 2838 3167 3623 4485 814 1999 1582 1988 4875 
557 231 1922 1580 3924 4076 1396 3567 3602 2521 4160 4321 2674 2468 1020 3648 1301 846 
2818 822 239 4045 3981 3270 4489 2026 3720 4049 4365 4190 4032 989 25 4807 4007 504 
3717 2288 952 4333 3856 2123 1032 500 3834 2064 1282 917 1962 4481 4654 4251 2788 2839 
55 2897 4714 1033 3706 2881 4700 2532 2801 3929 444 3100 3193 3701 2523 4072 2280 4189 
3853 4046 2257 4902 1122 3048 3390 2939 4525 2732 4407 4185 912 2396 917 4649 71 2351 
514 1434 2407 3171 4593 1351 4285 2634 1507 1562 3884 1068 1212 637 1960 2368 1050 4491 
611 3819 1490 228 3782 3179 921 3169 1212 1434 3266 1717 3284 4518 1802 1162 2840 215 
3030 3007 3448 1295 3698 742 953 796 3392 3479 4682 1465 4822 1803 3700 756 4073 2417 
960 1867 877 2767 2889 3366 117 4547 4502 3800 4615 519 3752 2619 4419 3289 4053 2681 
2134 1271 4282 303 4818 199 4180 3659 2139 1018 4841 811 2367 716 384 3669 3435 4201 
3187 1145 843 1716 742 4905 3919 2308 139 3516 58 2359 4891 1335 2794 3334 4246 2765 
454 2595 2657 4589 2443 4322 4215 1674 3178 89 4689 3919 1245 2335 4424 4808 2157 909 
1872 3275 2708 3866 1988 3061 1104 1511 305 2854 4767 3108 4586 1067 362 3643 4673 1608 
2628 4621 3379 1423 259 3786 2979 3857 4698 4521 609 4538 2621 857 1695 1198 1047 4322 
3010 1412 1180 3454 907 4016 2321 2360 4730 3438 2770 763 4021 3892 4060 4564 1187 1808 
3161 1774 3626 2038 2705 3439 712 451 1388 1969 2041 761 2382 4721 4141 1901 2533 169 
2135 1112 3862 3618 1355 2794 93 3160 2960 884 3950 3974 356 2797 1633 1403 2104 2076 
2762 3953 2770 1463 3325 1090 3378 421 3396 1100 4675 4364 3252 898 1454 414 4750 96 
613 3271 208 3266 2695 115 4708 2423 2081 419 1363 585 4921 2372 4894 1363 1034 4067 
2140 3058 2930 1549 4203 2034 3053 498 4405 1515 3105 3741 2452 3536 4105 1557 2978 780 
3827 2794 4816 4181 538 1788 402 1461 1500 4356 792 3290 2395 3952 3102 4391 1722 4226 
4326 706 4933 3760 1299 2196 3416 51 150 1722 4336 2723 1124 432 1951 266 2785 3835 
3170 540 2726 2091 1494 3636 3199 99 4410 3614 1620 1178 4046 3606 4515 1113 2340 1359 
861 2004 2968 221 2517 1616 901 357 969 3148 4340 4661 2137 4789 1172 785 4136 4951 
3339 3959 3356 4951 32 2102 485 4545 1321 3761 4471 2993 4084 4390 265 2604 4294 2197 
2922 2283 1150 332 2587 2956 1537 3390 2083 1118 119 1659 3399 4570 1924 3148 588 3694 
2832 786 2076 1679 2893 3585 2819 2399 2406 2096 635 3825 4616 4921 4258 3432 4362 1859 
2553 4257 724 4812 4157 4121 4116 2855 3138 3189 2693 2545 3548 1192 4173 3410 1858 59 
2400 3681 4343 4471 774 4536 4472 1280 4419 492 2995 2322 4185 2028 3496 3984 2285 4179 
4377 3383 1892 2620 2055 3777 2333 3419 2341 1134 2581 3399 1233 1902 3392 4728 3043 3011 
4626 3919 1659 2986 1207 2588 4259 3560 1304 802 4602 3735 2766 1111 3542 3803 1928 3538 
2888 4887 4947 4230 27 687 2269 629 597 3390 3197 3922 775 3204 400 2106 86 1319 
2180 2417 1842 419 2190 1576 2406 1197 892 4417 3366 634 3390 229 1119 1807 4241 196 
1212 3374 2636 2040 3615 3058 861 4172 4380 2909 3050 940 338 258 4958 1132 735 225 
1598 3866 282 2359 2877 3171 1825 1840 3488 3353 2639 4195 4519 3960 180 3025 2658 2574 
3574 4340 3651 3541 3041 1691 2959 3471 2110 4054 3389 2741 4560 4679 2169 3603 4901 3958 
1165 415 2615 726 1211 1181 461 441 3506 907 3516 4018 2072 350 100 965 4134 4927 
2323 3744 2489 2459 4146 2167 2094 1534 158 1937 4765 2862 2115 2235 4523 1013 4277 191 
4354 3404 3218 2218 4690 1137 2513 3995 868 1443 2971 1613 1482 1448 1045 2404 3516 1017 
2622 4732 2874 1051 2675 222 2143 3918 410 3777 1713 3697 1545 3657 3072 2469 2598 2321 
2779 2684 3163 2697 2503 2088 1768 3170 48 100 129 4589 1084 1995 2672 1915 3472 2075 
2370 2913 1191 4569 1739 668 283 768 1668 2501 4296 3977 1010 3578 4666 3488 2992 434 
3338 4012 3325 775 1441 266 958 1444 1096 1924 147 4611 964 1140 2257 2745 2838 2840 
2282 1398 1808 3473 2616 4797 390 3416 4906 2787 2086 861 2532 4296 1969 1799 184 4304 
164 575 1426 3342 4381 1656 4273 906 728 204 398 965 3881 2180 1437 1574 3803 1835 
162 1449 2721 2099 3445 1496 155 4060 4288 1914 1855 354 3739 653 2424 2464 1089 4626 
4033 3683 2425 969 4253 4134 2251 3875 4813 2584 1839 2167 2221 1705 786 2813 2439 4350 
1174 3871 3881 2094 4706 1252 2470 4551 1166 4893 2192 4757 3933 4169 963 2642 965 1745 
4127 3546 3368 2441 855 1801 4541 3490 660 1898 4673 517 2630 2914 1910 438 3632 1295 
2194 1468 3817 2713 4107 539 4451 3396 4190 3550 1912 2784 599 3045 378 1075 3858 485 
4627 4303 1264 3840 2139 50 1275 3352 2892 408 4468 4952 4647 306 3579 3464 3852 970 
38 2902 3099 3104 652 634 3523 3183 2105 1776 4861 4778 755 4220 2469 3429 4830 664 
478 39 569 904 394 2497 2193 1515 1456 2891 4193 3715 3209 2008 3248 3336 612 457 
1232 1161 1999 377 1298 4296 1980 4590 768 1352 505 4863 117 614 2301 1973 131 2404 
4839 2081 2316 3320 2581 4662 3165 4798 4619 4911 4117 1055 2268 4525 4294 4128 318 2854 
4025 4525 3390 1914 2388 4050 2900 3838 2720 4234 4549 266 3673 3585 4864 777 1106 4175 
2248 640 1531 792 2105 787 2059 2545 4034 1931 1702 672 2826 734 4729 2557 836 3712 
4580 4618 3345 2617 1081 4563 4455 577 489 4780 56 403 1300 1346 1343 2743 1355 4423 
1625 4377 2988 965 1321 1985 3271 4458 3130 4713 1987 151 1963 3224 1707 2308 1340 3625 
3681 2699 1354 3015 2622 1739 1639 1352 3391 3876 4758 3099 2112 1703 4049 3221 4357 3727 
2883 142 3585 3589 3764 3075 721 4807 628 1062 4329 1647 3607 1301 2294 2323 4430 1845 
1405 4418 2691 4672 4816 1215 1748 1356 1082 118 4594 717 4597 4356 435 2837 814 3990 
2519 2526 2961 2141 62 2437 700 1565 740 786 2621 3003 2746 1564 3394 2253 3120 17 
978 1944 1991 2797 2975 4716 99 3643 1711 4527 1066 4760 2364 3872 1185 4954 2675 3910 
881 3717 57 185 2962 2157 2814 3730 1085 4890 1026 4459 3271 2685 14 2660 3664 258 
1110 1803 4890 9 4642 695 2316 1248 3519 1754 2117 2889 3207 4175 2420 1769 251 1878 
2860 3569 3098 2961 3112 1111 831 4101 992 164 1561 4004 1390 3296 2353 1135 273 4028 
3092 3761 3214 4808 3887 1002 4336 2707 3308 4630 4325 4044 4271 4546 3975 857 1859 3623 
512 3220 3167 20 3940 817 4830 553 2116 4269 539 2334 364 1738 3613 2331 4034 3503 
1067 1635 3057 2779 2941 4397 863 544 2680 3207 4030 1930 3008 4010 3716 3770 2126 4469 
459 4714 3207 1390 1643 3001 2396 164 3943 1243 1680 966 4294 3460 369 2358 4680 4110 
487 1904 670 424 4654 1968 491 4635 3011 779 3089 4255 4738 2159 597 3007 1194 3878 
42 4449 4268 839 789 2873 1503 1426 1728 3068 3206 1161 506 975 4394 3311 535 2734 
4309 2294 555 4857 4785 1479 557 4378 4136 4357 1167 3866 564 2844 1898 1461 73 4498 
2998 940 501 2861 1822 4163 4278 674 1509 432 3942 4335 1077 1954 4954 3270 4021 3938 
3653 4168 4773 1744 4943 4899 3389 2782 3511 4718 812 1658 4720 4879 1389 2533 1931 4395 
1802 2479 4428 4700 4290 2569 604 2994 2808 2791 4410 4144 946 838 3566 2159 4247 2396 
2197 1200 4257 2260 2691 3957 4072 4631 806 1061 783 1328 4069 36 4299 1178 1262 4379 
1879 1045 2686 2001 3876 1838 2838 1244 648 2447 1387 4430 4901 4180 202 4065 339 3656 
1956 3710 803 3408 1846 2220 2996 4398 2404 3529 3747 607 3609 1441 3909 3903 4125 1847 
1266 3173 4132 1556 2653 3195 1005 1432 1865 3604 2595 3368 1594 1761 19 209 4003 4107 
2951 1761 257 2106 623 1036 1226 2438 2368 4645 1421 1007 2957 452 849 216 1765 2647 
2026 2882 4251 3909 551 201 1341 4180 2498 1540 2817 3810 269 4024 2281 1773 3292 1386 
81 1484 4837 989 1244 3966 3246 3536 943 3571 349 2390 798 4576 4667 2005 4141 4882 
3318 4807 4459 1763 488 2202 1012 537 715 3151 2878 4359 1134 3229 2482 208 2249 606 
2693 3375 4551 1799 1765 51 1545 813 1409 1734 4511 2698 4025 1846 1905 2460 894 4807 
58 857 931 2726 205 2129 1211 2097 2424 4552 3545 531 1577 3238 948 2947 4284 2087 
1380 311 4041 2507 2319 3951 3076 3267 4660 1607 4561 1848 3815 3636 4671 4422 1097 4382 
7 3186 4740 2486 2439 1711 2179 398 4755 1411 271 3000 656 4279 3256 3476 4299 2425 
3904 1450 2790 2687 1558 4140 62 2152 1543 2828 958 3693 2632 4853 1155 3972 110 4771 
1813 3125 3994 3248 4202 1163 2230 1753 807 1996 911 4638 691 4457 3138 2104 1489 1834 
4499 2167 4229 868 818 4714 2015 3187 4462 941 4337 4798 1696 2816 4802 1710 2243 3829 
4464 2994 1392 73 1617 3971 1659 2090 203 3684 1176 154 4413 4077 3107 733 2266 903 
2082 1226 3440 1723 2289 3338 4617 142 1059 2870 1016 1449 2042 2237 1432 4696 3629 4511 
908 1122 4729 3086 4844 3298 4126 1419 1970 14 2472 3414 886 4394 2636 3012 4871 564 
3942 459 221 4069 4682 2232 1710 2248 3677 1689 2991 4630 4286 3431 3631 936 1706 1185 
4387 478 3270 4831 4560 2643 2544 199 3381 3063 1083 4451 348 557 4365 519 4915 4695 
2714 0 2962 773 2955 2847 4303 3163 1455 4559 2565 3912 2592 911 2521 390 4212 1496 
1241 2245 1604 764 3390 400 2933 313 732 4249 925 3594 1217 770 3987 741 1887 2809 
2217 209 3506 689 4318 1704 1412 3443 882 690 4377 3344 2804 538 4680 2311 2640 2192 
2380 365 754 249 4017 4879 505 917 2747 3369 1771 332 443 3668 376 2490 4002 2655 
4407 2114 3232 634 916 4759 4447 4542 4564 200 3569 4006 3653 2580 678 987 1766 2485 
4085 3968 4812 2659 3773 1394 272 1717 4797 2113 3085 834 2894 1973 55 1517 2255 4349 
2796 1394 584 970 3347 3376 719 658 771 4929 726 3777 1893 593 3934 4309 2461 3121 
4643 3698 1154 2623 4545 3335 2011 698 2744 2354 3606 3560 4527 368 4816 2149 4202 3106 
4625 4659 4050 1768 2198 1225 3904 4425 883 3036 2063 198 1525 2359 243 2353 1619 867 
2737 1079 3080 2598 4315 3466 308 4287 4237 1584 1722 3480 3734 906 944 4428 1167 545 
3916 3654 3308 2368 3358 1026 4125 3903 3004 4782 4866 4837 3112 921 3046 2919 1420 3536 
1108 3008 161 3633 3666 650 4484 2977 4012 4111 2264 1516 4731 86 1680 4203 2474 3542 
332 3605 4509 3044 3790 569 1292 2804 1030 2651 93 1034 1660 4398 2356 964 2426 1896 
1099 3647 1109 1234 3172 4596 2548 2704 1809 1445 1767 1247 2906 784 0 3409 3776 3724 
413 3824 2713 1039 150 4512 354 1234 2196 4196 3673 4954 2207 1103 2081 3843 3307 4444 
1741 123 3771 3309 4387 2227 3061 622 4530 3455 524 344 3253 264 3853 4266 4190 4534 
2347 796 1693 1962 1089 3674 431 278 3078 395 3233 345 2226 1870 1505 602 4929 2136 
3621 4572 4022 149 4403 4364 4642 272 885 2174 666 276 734 3819 740 4150 1164 2474 
2083 711 4112 229 2508 484 4509 302 411 3200 2057 3813 1780 1484 3007 3208 1479 446 
4346 384 4625 1154 1793 4562 1199 3507 601 2603 522 4909 3087 4143 2528 2310 2520 500 
4773 2063 3066 1791 1671 2339 2118 2261 400 51 2719 196 484 3355 3139 1398 2148 929 
2018 1515 732 1988 3528 4935 1125 2490 2887 4404 4790 458 773 4131 3969 604 1666 1990 
4551 1655 3156 3616 621 512 2014 3317 2662 906 3016 4880 2444 4776 1373 3386 3581 3345 
2242 2121 3096 699 2078 384 1216 2790 1375 4576 938 3411 3277 4850 3048 4751 2954 1050 
2426 681 4649 2686 3795 1386 4902 2957 1234 2751 3660 1206 2971 1429 3824 595 2293 3927 
2118 958 851 3052 4247 3428 3628 1307 4547 1903 1285 510 3931 1257 2138 394 4568 4618 
4335 3531 264 1045 675 3550 3797 3342 382 4200 3033 1008 3375 4550 3792 2964 3622 1169 
1921 3607 1033 4537 4929 2243 1079 4283 4856 407 2572 51 1511 2502 1778 4487 386 4705 
503 2562 538 924 4531 2412 466 3922 2759 2610 4690 3714 2001 4638 2839 2075 2647 1158 
4411 2183 2282 446 1417 1356 2665 3460 1521 1274 171 3755 4866 2931 1502 615 4244 1731 
3693 3210 2704 3842 2845 875 4401 2765 4447 3508 894 3485 4842 3717 1530 3324 4611 756 
3420 2157 4464 1946 4568 3978 2462 2473 4869 2663 954 2613 4102 412 508 1036 1581 1148 
3153 2631 4411 3768 105 3885 3856 2875 3865 4050 249 2111 2024 4751 505 3833 1252 699 
1469 4481 2611 2720 3167 2993 2035 296 3797 3603 3729 4143 1630 663 3309 2023 2099 3318 
2335 4569 1203 1726 4195 2670 1138 3598 3169 1430 2450 3572 758 3245 3096 2827 1571 3407 
1922 3745 987 1209 3724 4943 907 1684 1051 1198 698 4656 583 3965 517 1028 2687 480 
3665 435 3557 3679 3619 3755 1283 847 3219 4726 3637 4917 1137 3385 758 2184 3579 4849 
4313 3528 31 4209 3400 1559 2817 2452 3793 4199 4796 4395 4483 1182 3656 3728 4804 4015 
1629 4734 2965 772 3561 1160 3486 2304 630 3572 121 972 100 1144 878 458 3554 110 
48 1416 1667 4175 3421 4237 3854 2846 594 3985 2406 609 810 380 103 763 620 3042 
1081 2333 937 2892 499 767 3895 109 2352 2352 100 1644 2478 4140 3671 3820 4216 2353 
3100 4108 2948 967 1568 3461 4442 4940 1651 2803 1646 432 3326 3783 2300 2938 920 2476 
4430 3429 3316 4054 3872 2021 1188 1496 3981 4708 1380 4534 894 274 1838 4783 2175 2698 
2851 370 1673 2979 2684 1234 2964 2368 887 883 4824 3896 1993 2623 4611 3670 2404 1460 
2807 583 1206 3059 1764 2428 3163 1880 3580 2669 1545 667 172 3057 117 3595 2310 2074 
4102 4198 3622 4372 4925 848 107 336 4504 863 1994 350 4091 3798 3652 4233 2416 71 
3052 1565 3595 3127 681 3926 4159 3880 3380 2407 1147 976 3723 1536 2504 3452 2470 2933 
4515 1013 4748 2118 1665 2718 1049 1806 3926 3835 3203 2008 3458 1622 1270 972 100 2019 
2493 3230 4283 3438 3653 2710 1907 3757 127 2544 4791 1919 2269 2044 1048 3195 570 4233 
3736 4126 1637 1482 1422 1511 601 1531 4577 1809 4427 1315 3814 402 1104 1661 650 1401 
4421 2971 133 2159 4207 551 2766 1338 4811 856 4789 1815 675 2057 4787 2301 2792 106 
4823 3169 1882 1840 4839 4123 154 2480 4788 1869 4955 1167 4327 886 2992 3279 2016 1360 
3085 3941 2039 2349 4759 3416 1713 2660 356 1494 2705 2254 3715 4263 4279 1151 3408 1020 
59 4195 2156 1253 3433 1434 512 3735 4700 1958 2720 407 3199 730 2232 4477 964 1472 
4181 2989 3407 4306 2974 3507 629 26 1305 2461 4267 1621 3100 3120 41 1053 1288 4160 
3698 1933 3513 3665 4889 1724 3318 230 3347 2871 3964 1956 847 2133 3156 4053 1807 3220 
360 4640 975 3181 468 905 4219 1266 2942 896 165 1389 1800 2207 3916 4197 4776 886 
1644 2002 3191 3907 2028 1473 3141 4159 641 672 818 1528 3009 743 75 2486 2495 4328 
2301 158 374 3564 1933 3208 932 1252 4151 4351 4378 3731 3012 2195 1028 3693 2688 3759 
1510 4045 3239 1424 167 2051 1936 534 1491 1591 3842 1461 3391 3326 4015 1065 2601 3691 
4865 911 2467 4575 1362 1091 2874 0 164 1223 3287 771 2456 4522 3379 4362 2731 358 
3667 4260 1591 499 2784 141 2776 1914 2448 1835 3441 3517 4923 2080 1391 4086 2885 1572 
2927 3582 1466 1406 2971 2897 10 2340 4925 637 2328 3372 2293 2859 2187 3787 3618 550 
3895 1716 4860 1207 1249 2290 3938 925 3332 4101 4943 1669 3421 936 2289 3408 3931 4155 
2170 4453 1464 268 489 3227 2475 360 3788 3649 1104 1588 2703 2923 3354 3260 4250 4041 
3969 4871 1481 1174 574 119 3356 932 1256 3444 1484 764 4143 3256 4287 889 4483 1375 
3141 1594 486 4176 656 4696 2789 4045 631 2582 4677 4712 2789 2936 2025 91 4569 4830 
1209 1088 3307 1567 4047 2090 3988 3006 4417 2502 476 3955 2537 2516 1278 2116 3944 1036 
2105 2363 43 3745 286 2242 4618 3711 497 1652 4653 1392 4019 592 923 3817 348 3621 
627 309 1574 1370 418 1382 1856 2834 3807 2248 80 3524 873 1537 3929 87 1042 2917 
3612 476 545 2438 1148 4080 1717 1756 3247 1350 3990 2939 3667 552 1211 3492 3065 1941 
1796 1221 3149 1098 438 2121 3798 2630 1663 3975 374 831 1867 170 132 3714 3812 4814 
4167 3730 1878 3319 3269 828 4144 4886 2442 3251 989 1116 2961 865 4862 4612 1590 751 
4896 1532 613 430 4134 2862 2511 830 2318 4768 3931 4868 2190 3612 2412 3531 102 931 
3583 1486 180 414 4155 170 4623 1002 3924 1130 3017 3299 1394 790 2221 2672 4348 3361 
1491 3447 1644 4524 2984 1789 2028 1377 4401 2712 55 1802 4071 2688 572 238 1528 2503 
2366 2698 4267 4043 3705 4426 4356 721 3531 1621 509 3122 3511 724 2303 905 3501 2938 
3656 1753 292 3700 1676 1753 2556 677 2092 544 3166 4480 2145 4549 2853 1096 1454 2443 
4546 2736 1723 2199 2042 3383 4361 4938 2627 332 3553 4666 1981 3293 3971 2188 3023 3602 
70 1463 2222 3694 4028 2917 4860 245 4743 1479 4771 1620 1613 968 4901 4115 4350 2065 
4156 3279 4648 1507 2022 2269 238 1122 4105 4776 45 4764 413 259 3570 2433 2004 1699 
492 1148 2529 1733 2180 4290 4237 417 4384 3901 4105 3772 3605 1651 4595 3307 541 3020 
1906 2954 4175 2678 491 74 1931 2496 938 3521 3193 4349 3126 3528 1815 4043 3922 145 
2526 2680 1403 3880 3602 3082 1322 3693 3646 4778 3344 1454 3556 775 4121 1853 4068 413 
3908 4806 2147 2558 1138 1523 3171 4071 3737 3803 4292 4559 11 3946 3911 4136 2484 3414 
3724 1689 2231 2098 2172 2522 2461 912 3684 4048 566 4105 4016 3670 1683 2160 3741 75 
1047 152 936 3723 3168 1491 4272 1546 3154 932 4933 4546 3703 2812 4852 1859 452 1774 
2154 778 1778 3714 498 4423 1410 2170 1583 1659 3699 3854 3331 242 2548 3647 2341 1456 
2010 1957 3001 3139 3564 2263 1888 56 1659 1536 1017 4692 2609 3043 3297 2494 4203 4817 
137 3035 4044 1004 177 1667 420 3551 4238 225 2415 3610 518 3841 2572 1470 1255 1288 
3917 4537 3803 886 3236 916 4770 3124 549 2360 1177 2448 124 997 2159 679 1922 2182 
4803 1967 2765 2343 2521 1336 3784 1815 2849 2773 4803 38 4360 3258 85 145 325 4402 
19 1346 2511 3985 2534 300 4430 2823 4805 3737 2301 3449 2427 2961 801 4870 1189 2431 
2843 4199 1082 1244 4660 764 4601 4448 2456 2997 4268 932 2852 4797 3171 4144 2563 153 
1483 1683 1895 4811 1645 4701 4068 599 3995 374 2134 4682 354 2738 2031 1441 1386 1327 
1653 2464 4541 2863 2368 3819 1739 3624 2658 4509 7 2677 3911 772 3840 1607 2936 4733 
944 853 394 3819 2041 1055 2562 49 42 1294 2886 1703 2993 1932 4124 3474 1982 1900 
205 1522 4823 2661 2578 977 1256 4656 2294 4905 1069 4389 3023 3316 4530 802 1819 2667 
1505 3827 2082 2184 2135 4051 717 1149 855 3968 2928 1641 4357 2167 1292 2689 2540 786 
1249 3314 4129 1101 4397 3536 1089 1329 3604 4139 1073 550 3846 1633 3616 1059 4298 1587 
771 3041 3014 1411 2799 1378 4358 1662 2065 3790 3250 1077 4390 2944 3551 2237 4603 1461 
3046 479 2536 3584 33 4444 4260 1639 3982 4038 3182 4510 1220 3850 2431 1325 3283 3932 
3553 3882 1935 1205 2217 4028 2956 452 3998 3691 4562 3878 4531 4127 738 1827 557 3423 
4316 4430 4031 4605 4783 2358 3083 3802 1529 2191 1200 664 1115 4421 4575 2314 2276 2225 
2495 2660 2275 539 4587 1699 3683 250 1605 996 3766 335 4045 755 3143 1508 3202 2058 
4026 833 2642 2900 1971 3903 1638 95 712 3654 3111 1319 204 4343 3320 1223 1740 3175 
4714 1084 1475 3778 4012 3181 3028 1694 1812 2282 3645 2692 4215 3891 4686 4126 1882 209 
1359 789 338 490 4874 1945 481 4588 149 1247 1324 2703 1743 3347 895 3646 2389 2871 
1724 4804 1853 1669 3299 1019 4639 3427 2616 4936 2843 3478 2077 4600 1973 2448 2932 890 
2755 4332 2203 3349 2714 3627 3554 3067 3799 2355 1701 4623 289 3730 1933 1716 1491 4683 
3299 1612 289 1908 3640 3830 1207 4906 1563 3376 4260 334 1841 1035 2051 4610 763 3892 
3893 639 3233 3809 1452 359 3606 3301 1934 784 2727 2425 2870 2840 2203 2475 78 4333 
3669 2582 3402 908 4714 1917 2401 839 79 2813 4493 4447 729 1432 2586 4847 2673 4944 
1191 3290 2018 1921 1045 4817 778 3087 3697 1081 2061 91 4443 3298 4052 4483 1712 4428 
2288 1424 4061 1823 1938 3827 4488 4185 2131 1472 973 35 956 4268 478 3231 1012 1384 
2199 3235 198 2412 25 3803 34 665 3644 1256 2889 1595 1106 3474 4924 3720 1023 2442 
2577 4337 4431 1435 4948 2879 657 2887 2128 3220 1305 4688 321 1040 3715 616 1421 298 
2307 2039 3443 3111 217 4779 4717 957 1910 1323 2452 1092 2348 204 1576 3884 3071 697 
2456 4244 3115 4385 4511 1679 4681 4114 4415 4956 4052 1708 2611 38 2510 1359 2155 4945 
2654 3906 3963 3869 2711 947 3015 4957 1497 3501 3570 3366 4353 4319 2553 2117 1999 955 
4768 1259 886 2245 2672 3875 830 2223 2136 911 586 4215 2848 3440 163 1479 1226 4336 
997 3126 268 225 463 1963 1506 1205 3789 4028 2929 13 1318 1483 2568 3482 4273 3568 
1166 4261 3751 4013 1002 4699 398 4832 1508 4202 2327 1622 1593 4373 1972 702 342 2822 
1918 190 3179 1868 419 4264 2448 4106 1785 3713 2049 4277 4171 3947 170 3017 1591 2042 
4219 2238 2698 3959 1678 901 2415 1071 4465 2488 301 4605 1887 1867 1354 2909 4197 832 
3128 3790 3823 1550 1176 3083 1433 1872 24 1330 47 4839 4375 3123 3280 2608 3505 3888 
2163 4552 4762 2742 18 602 167 3489 1555 3515 2800 4204 805 3102 3342 2080 4171 1973 
3672 1075 3832 4738 4540 4597 2132 4152 2715 575 4728 2923 1020 1095 4759 2878 4074 136 
2544 2298 2486 3503 1335 3145 3618 3198 442 677 3137 1083 1647 1938 3189 2322 398 4097 
2406 3867 3975 2559 4676 4460 2469 225 1277 3139 2765 4736 1368 3371 2264 598 1652 4738 
2600 3037 2295 194 3798 1591 4057 4765 1518 685 4064 4000 3576 2718 1112 1301 4500 1902 
445 4661 1352 3737 3103 4623 30 694 4625 1440 379 2681 4225 4834 4767 1783 1674 2123 
2602 1941 4662 1765 4786 1331 3367 4409 1614 4944 220 3318 3484 1033 1274 693 1223 4702 
4038 2011 4487 3591 2246 3311 2763 2695 1591 2214 2164 4642 3960 1060 3495 401 1781 4806 
529 1204 3575 2186 827 1960 4280 3394 4038 485 4622 3685 1444 1312 3928 2140 4937 4902 
2498 185 3516 400 2187 4680 3536 4289 2049 1466 3228 4041 489 1893 3456 1580 2709 1434 
3977 341 2795 1504 2325 4216 2940 4164 847 4593 1576 752 207 375 1570 2580 3830 4730 
519 2099 1498 465 346 2931 2219 2856 1556 235 553 1846 4507 133 4819 4105 4217 2132 
2926 2936 3277 1230 4875 4668 912 633 27 3932 3075 46 1201 4868 3155 156 1731 546 
2500 1735 1338 590 4076 2166 1481 2915 1357 3034 1892 248 2704 4079 4029 4292 4137 4148 
4566 3699 2415 4144 3897 4546 679 4294 2586 612 2616 386 4547 3490 2785 3199 519 2438 
172 4610 2011 1735 2493 2274 3761 2243 1527 2171 1446 3748 2352 414 1701 4049 4331 4496 
2744 162 4253 3046 1594 822 2942 3434 4456 4791 1917 3406 2633 3679 568 4595 91 2729 
812 2494 3593 2270 4473 4412 1723 4066 2893 1248 4629 3082 280 1173 3439 1292 520 1557 
153 178 2299 953 2006 4090 744 1202 1890 4462 3493 4003 500 2267 1990 854 172 1008 
814 4797 2562 3106 3671 4724 43 2850 1670 4286 3042 1039 745 2163 2702 1595 2160 533 
4675 3464 2793 2252 2734 4252 1370 3688 3689 2284 2548 4654 780 902 909 1747 346 4064 
3543 790 3467 4610 1180 1866 3152 2738 1758 3770 2893 2181 277 3645 1826 3415 3284 3484 
1248 4235 2749 2103 2222 553 2062 4668 4735 216 1173 1265 3276 4203 37 4867 3494 2322 
3410 800 1058 4325 3637 4156 2564 3531 3928 956 656 2246 1489 1427 4089 1809 4315 1928 
2607 1230 957 4220 4068 2792 3472 1158 591 1089 2142 1 2909 3394 525 1699 4549 424 
4259 3094 2146 1919 2164 4747 2980 253 2890 3778 1763 1365 592 4020 4476 4096 3561 2663 
1538 1211 4450 575 271 2170 3651 2055 3691 2972 3833 1460 3214 3384 2238 3149 1896 3762 
3160 4828 260 2763 2562 1584 3306 2858 3335 2548 4009 3559 772 517 1362 101 553 599 
1021 232 1760 622 534 4215 2221 4242 4948 661 1136 2762 2673 1518 4307 2986 220 2112 
832 1799 2635 2998 4042 625 1521 2406 1766 4208 4555 2205 974 1440 1900 1930 3623 1546 
3857 2579 2973 3053 3515 1017 172 2937 1316 4389 1440 1119 4513 2317 4860 274 1503 2424 
2711 491 1897 4945 3597 135 847 3055 2889 4809 4773 4483 2864 4559 4367 4538 12 3278 
3180 3641 3212 2 4338 90 57 1410 903 4601 3424 4541 1892 3889 3803 517 3060 960 
3772 1400 838 4118 140 4688 3594 1576 613 4453 250 4946 310 1511 1472 81 3127 1647 
2438 1213 3946 1700 3891 1419 1336 1316 2164 77 3824 2291 2869 761 2142 3359 419 4723 
4063 1379 4178 2826 35 3770 3815 936 1980 4798 2804 4276 1182 2762 3453 1543 15 1385 
4348 4601 4945 3371 471 2040 4500 4074 2060 278 743 148 4745 3524 781 3305 3540 2247 
2475 3939 3715 2405 2195 2158 1885 4826 2833 2219 3520 1770 3447 4810 4236 3058 1738 205 
1765 4523 703 3162 2580 474 1961 2940 2650 4873 140 3421 4839 3220 536 1499 2317 3013 
3490 1540 4160 1785 137 4291 1671 152 929 3301 2882 3670 337 235 1614 2493 2063 573 
586 3448 3036 3643 1962 96 3685 2761 1557 4695 2185 4150 2468 3653 484 2033 1417 4815 
4724 1325 1711 4753 3633 336 614 4854 3944 201 4640 886 3586 161 1517 2528 223 1589 
4827 2517 357 680 4722 4656 2436 1395 4210 1975 1773 1799 20 3311 1083 3327 460 3494 
2249 3420 3314 1616 2637 1361 4602 2081 2931 477 4687 4936 4629 351 2959 3026 2137 2646 
4418 75 583 650 1813 1290 535 3259 1694 1945 3865 2056 1959 4003 1477 4900 2551 4153 
1482 1794 4544 1960 2076 3351 2339 514 451 3392 3015 56 2181 2342 4441 3326 3088 2906 
1128 4935 3721 1470 2922 2941 977 3030 2698 595 3969 2511 1766 3719 2403 875 4877 949 
3091 1157 3321 1264 4838 2829 3438 3882 1617 4212 327 962 3420 2748 3863 4861 4696 817 
992 4772 3857 1835 586 2072 2677 2435 2441 2334 3622 3424 1968 1693 828 483 4409 4698 
2986 4818 3696 1854 1489 4438 1577 4779 2233 1182 82 3926 2940 1883 2096 105 987 2426 
3248 4620 4772 3612 386 4174 1382 2885 2521 121 296 2409 2437 531 470 3860 1801 637 
3107 3963 1605 0 1627 1906 2106 2093 3752 4706 2871 2199 189 576 2069 2792 4426 3422 
1973 3327 344 2953 4429 3908 1352 114 2350 2788 3903 3784 2884 4328 314 131 1808 2390 
4228 568 2438 178 1124 3587 4953 865 3135 4516 1600 4859 1548 2615 4497 4058 4052 1100 
756 1647 2412 1933 4216 3395 1064 1561 1795 1648 1435 64 3022 1051 1551 1457 3207 4154 
3185 2073 650 942 3623 2969 3968 2873 1756 220 1107 1185 4800 4471 565 3241 1754 3678 
1806 3135 3490 4635 4398 3097 325 4174 4892 3877 3771 3057 2442 4093 2026 3113 798 4125 
558 1813 1332 2536 4033 2582 137 2254 3360 1033 2025 4175 3927 3689 2102 3 3443 3758 
502 4929 722 4133 3508 33 3829 2719 2945 4348 1644 557 2039 300 606 719 1145 454 
3765 3307 3576 4536 3734 2740 1572 3167 2046 1421 2612 3259 3400 2761 4837 4881 3588 4016 
3040 986 2380 64 3990 1710 792 3387 4028 1617 2975 3657 868 2894 2063 2894 3589 4554 
766 2129 1340 1240 1325 142 2755 933 1587 2309 4086 3253 4026 2622 2513 3342 1057 645 
3959 14 3142 2134 819 2739 4178 4381 2603 2250 1964 93 1450 4129 2967 4685 4771 3143 
2730 168 3248 38 9 4723 2676 3247 72 3785 269 843 4955 3254 395 3150 2972 4055 
4396 744 1451 4879 86 4640 2517 1076 2888 205 4657 3031 3118 4244 4889 1 3211 2820 
2337 2542 3986 788 1723 341 2545 1839 3312 557 3451 4334 4077 1843 2840 4063 4760 69 
3585 4411 2990 1553 4504 2229 2752 979 4091 3431 1002 1347 3751 1632 4270 3557 3851 3754 
4466 2596 1159 1389 3514 3458 4327 519 454 4947 4312 3783 3084 3752 4638 2987 2715 3589 
2077 4643 1847 3451 1323 4929 4751 959 330 2260 1563 2116 2047 2462 4678 4314 1638 73 
947 2847 2403 2825 670 295 2967 211 34 3234 3741 4833 770 218 932 2511 3100 1966 
958 3425 2085 1259 3317 2213 2537 2585 4281 2266 3959 1827 3738 2809 1027 4545 294 3980 
1513 1759 4872 2772 668 535 4395 4324 4607 935 1535 3006 285 927 4438 1288 3288 1451 
2610 4731 233 4889 1057 2099 810 3723 4765 689 4001 2331 4447 2392 3383 4205 2901 3274 
467 4463 4110 1301 2772 4173 372 4780 3064 4661 4275 4746 4802 2671 1233 4830 4643 2804 
4321 2979 3834 3355 2840 497 766 3486 3988 1956 3276 4468 2220 3698 1846 3251 3441 1815 
17 2473 2123 4736 1897 637 4310 4721 2223 549 3650 3143 2188 2558 425 3722 4300 1692 
2587 1397 2071 437 557 2703 3355 160 4149 223 216 4542 1785 3869 3211 73 1372 67 
2822 1822 1866 4413 422 3954 1969 2629 184 3928 3278 2388 3130 1034 2679 1718 354 4772 
4504 3317 1360 117 1484 4752 2503 2437 4173 2052 4144 786 218 3161 1513 1537 4121 3381 
427 4798 2840 2890 2383 2017 257 2799 3031 4517 653 701 4517 1066 238 804 1905 4622 
4081 332 3190 3751 1237 1053 3940 1770 3568 4847 1139 426 3295 1933 2552 4010 1228 833 
4672 4725 4321 4603 3486 3468 4051 22 204 700 309 4217 319 1969 4247 115 4586 1645 
1677 617 2510 3588 134 751 2070 1257 3285 342 2801 1074 4120 2694 4950 3995 536 1396 
1032 1255 2955 2774 1496 671 3327 533 3630 3073 13 464 4404 4669 273 4743 3142 3898 
3626 4924 4852 2690 2292 3676 1762 2573 162 1567 1604 2925 2752 3957 200 2990 1273 4415 
4110 1333 1442 254 65 3887 2645 898 3194 41 4746 1932 1989 4508 3974 2876 1286 1599 
4715 4274 65 3518 3080 4648 668 564 3143 532 4416 414 4383 222 438 3193 4720 1971 
71 4286 2802 972 2723 1 2603 3343 1851 1746 2837 3806 801 1625 2927 1331 3343 944 
1668 388 4482 810 3458 4427 1756 2036 3521 4306 686 2763 3827 3590 4323 4908 1966 941 
2619 3763 1012 4195 4678 1123 2978 1189 674 1281 3536 4710 3944 2271 3479 385 1146 1000 
3914 1545 2253 4547 3838 1333 2167 4472 3739 1388 152 1345 1770 4047 2763 3944 1612 3582 
1949 2850 3385 287 3353 2562 3567 3004 1915 4649 4201 1218 3412 415 3185 116 4280 2720 
2489 2799 2108 1023 1272 954 1041 4025 3609 1109 3850 2983 848 2018 3230 881 3121 3563 
431 2154 2237 4408 4773 4594 4883 4 3440 134 824 4455 1811 4782 607 3487 525 2815 
3034 626 1873 1965 337 1809 2698 4359 3877 2837 4383 4234 580 1043 4551 3374 3833 4565 
1383 2405 702 912 3735 3882 1101 1127 284 2015 4252 1019 4795 3802 1705 1599 4794 1960 
2899 322 52 3961 1682 614 2434 4594 3569 4664 1824 1939 2757 1300 4895 2008 1475 1863 
3794 1125 306 2524 2068 4009 999 4436 4418 4385 2305 4838 1248 718 4312 3178 114 1959 
2692 4376 3094 1542 4351 4682 2853 110 2792 3616 2095 1837 1824 2818 4931 806 1259 4778 
2766 1021 1205 325 4760 2945 3490 2426 1193 1454 4918 52 2231 308 4311 4087 4474 422 
3043 2874 68 1627 3459 490 3714 23 2197 4422 195 2426 1247 3729 818 2285 1196 4687 
2747 2185 10 16 914 4286 736 1150 3114 3849 3975 3434 2966 3542 3461 3518 1907 128 
333 3875 2524 4255 1647 1682 895 856 4313 2406 424 111 3983 1565 3624 1350 4071 911 
3304 3302 4548 4257 3051 791 2157 348 1062 1107 1097 4182 3365 3071 4336 3797 3557 3870 
442 3564 4364 874 2221 271 1900 3332 1083 316 2043 1252 889 3828 3976 3470 137 1476 
143 317 554 2847 2259 2057 358 3430 2382 58 4664 3531 3467 1187 4921 1184 1173 4316 
2155 1287 2938 3920 4164 1966 644 1965 1907 1245 3642 447 3451 476 937 3006 4587 278 
297 4302 1330 3560 3219 3985 2393 2882 1849 2744 1858 3528 432 493 600 678 527 4728 
3422 3908 4265 1876 2129 4532 2424 201 573 4573 1179 3172 3001 434 3632 1373 141 4170 
849 3246 3266 1929 2287 1762 2392 1355 4074 2050 676 4428 3206 1155 1708 1427 632 3856 
1861 4680 2823 4668 754 3189 3099 3206 1067 4760 2007 2021 2009 3091 3084 4077 4302 987 
2660 4448 1967 4567 1817 3727 1238 676 914 1619 2091 665 1072 4151 1235 4198 3500 4018 
813 2721 4848 713 2231 4078 2267 783 2465 282 2374 3011 3967 4787 3044 1864 1585 2891 
4927 4080 387 2811 3799 2966 865 3477 4138 4948 2641 1151 4364 1709 4514 666 4848 2598 
3588 4364 2707 1476 47 649 3874 2136 2436 3677 99 4070 2753 4493 1401 1653 456 4363 
712 4485 1849 3247 4858 3255 197 4833 4154 636 3147 4390 1663 339 4754 2349 405 3226 
1459 1861 1107 2806 3207 3303 4619 4165 1391 2967 3798 4662 3418 2996 3315 1811 4207 915 
1927 680 4639 3391 1366 2033 4807 4357 3280 2019 1910 4078 829 4089 1427 2704 3943 3455 
4145 2091 2827 2101 4125 961 1048 2013 1679 688 125 4581 3259 3824 2766 2773 2530 1305 
1782 3550 4744 3346 4437 1754 4468 4863 530 644 749 2701 266 322 3203 4546 1440 4913 
1168 3479 2684 1450 166 3999 934 2180 955 4320 2491 1850 1734 385 672 3674 2302 1792 
882 3932 2441 1779 91 182 3286 3180 1791 4802 2196 1742 3632 3968 1269 4431 4067 674 
4618 4506 3872 573 3595 3148 1139 785 4112 4820 1531 419 715 3020 129 2454 3111 4264 
2673 3507 4332 3213 695 2824 3836 1972 1825 3635 236 4188 3963 2904 2000 665 3761 3512 
1409 444 2820 1906 509 1509 3758 4008 2909 2678 1461 4625 2987 579 2776 4950 800 1693 
1824 4169 3685 1175 2560 771 4301 2207 1151 2147 4642 2658 2672 2051 2344 3688 1123 617 
3189 3381 1718 1576 2223 3026 1555 3453 4624 4490 2729 3952 3730 3630 2125 324 2311 856 
3325 4876 1355 2049 3435 4285 4385 508 379 2886 1396 4336 479 1949 4222 2172 1752 2962 
2674 772 582 1859 4463 4786 4302 3304 3843 3659 4881 744 1870 3577 76 2442 1918 4959 
1439 4609 4323 844 1282 1297 2607 727 2423 692 1895 2386 760 2618 1493 191 3334 2464 
2929 1406 4946 1321 332 2194 2575 1787 2876 2223 3384 4713 1851 39 4031 3123 2282 2593 
538 1212 308 656 4 3642 2730 3973 1149 2807 2836 4126 294 1848 2861 787 1399 2204 
3044 1659 4549 3785 1246 3016 4049 1706 205 1064 487 297 2952 96 42 3079 2114 3243 
1659 1825 1541 3882 2665 987 1662 3454 1788 4957 1209 1441 2719 224 4447 1477 480 2701 
1098 2859 2182 4346 1071 1139 456 3983 3639 3491 150 1243 3808 1282 2862 2709 4427 4365 
1157 4580 3224 1945 2687 606 2233 3382 199 1201 223 2568 3788 4190 2593 1509 425 2409 
946 1012 2254 3743 2489 1567 4743 4663 972 4210 2077 3048 4325 2967 1244 2861 1769 1507 
2540 1708 32 1017 1995 2080 3985 3807 915 2246 2394 3436 4919 2337 1781 4820 3774 3557 
2229 892 1898 4059 3150 3161 1945 3955 871 2977 1377 120 1033 334 3450 45 3835 4799 
3129 4005 1376 3029 229 3067 2631 972 4240 1231 344 1989 4732 3111 3805 2991 4885 4744 
4947 558 4792 2643 361 4340 2886 3404 2802 4499 299 2357 2740 647 481 1671 4679 4811 
75 2708 3363 4126 1336 3257 3811 1456 1596 3855 704 1351 4321 3538 1733 3939 411 1215 
1755 2524 955 3896 4069 4195 1144 2914 2454 4455 731 573 1142 725 333 1579 2803 1652 
4012 3365 1664 415 669 2141 1501 1101 3466 949 73 1205 1758 210 382 4036 1452 925 
1419 1798 1251 517 3195 3059 3431 342 371 4046 1586 1936 2589 2220 4271 59 1621 2793 
1971 1818 2934 2053 1305 4100 2808 3555 4833 1815 4248 2268 4075 4585 1430 931 3811 1441 
4903 4227 437 869 1891 3394 3331 1617 1071 462 1400 205 3824 1350 3307 4850 2117 2214 
561 3044 1903 1458 3779 4073 4577 1955 3474 3264 4334 81 705 4857 4353 3879 122 3522 
2525 3208 962 4443 343 2180 1390 1579 452 3113 3492 1022 358 4029 257 1770 1257 2865 
330 1322 2102 4676 4588 4250 1678 4530 2414 1020 2226 755 2150 4409 3468 764 2795 2026 
3979 4679 4090 2499 2023 2281 1841 2494 4791 4481 3700 3709 2570 3602 1052 3394 4463 4013 
3042 2206 3162 2926 3206 507 2318 3260 3852 592 3910 4755 4691 728 2326 1609 3422 2591 
1308 2719 4309 3299 2713 4014 3478 934 1454 3548 4063 751 2947 4138 4395 3244 0 92 
3089 3422 821 2237 870 1223 430 1596 2913 3922 2103 3775 2648 1666 1868 3736 2809 1668 
752 4927 1868 1366 2512 1571 3037 1219 3530 3933 2544 4851 2365 2103 3662 121 3024 4460 
4920 2476 3955 2018 1054 624 894 178 3991 1838 4777 1877 3999 778 4000 3602 783 2270 
1487 2878 2692 4948 2254 1921 3235 4648 3096 1278 2679 713 1455 4333 3448 2128 4178 2055 
1036 4823 1579 4454 1215 982 2528 2390 4297 3062 808 2226 769 3214 3458 167 4242 1826 
1427 3039 1512 4677 1640 3739 214 626 1360 4451 2499 2175 1496 4097 2753 4689 4451 1163 
2615 2477 3905 3625 121 1438 1588 143 2206 3128 1010 446 898 74 1003 4421 479 2881 
88 4369 3962 1346 4551 4559 4870 4725 1802 7 393 2414 1670 1785 2621 2581 173 2670 
4880 2540 243 2234 2046 354 1546 277 3919 1647 4043 24 1567 666 658 3218 3949 1390 
4518 1836 4034 1759 569 3501 2929 136 3732 3399 1199 4811 83 1923 2796 4532 3483 609 
4028 1505 1602 1502 3837 4773 1082 1416 1251 4624 968 2384 1903 4334 4349 3550 1290 4953 
2594 2973 3353 1816 4514 4697 4926 3229 1566 1404 4925 1736 4108 1365 3751 3466 4338 3357 
3749 1597 4769 633 3151 1146 2140 1557 3198 1849 2680 2562 2064 987 3265 1972 755 4936 
761 47 746 793 1767 1306 2647 1177 875 2783 3562 2016 246 2543 3881 3042 640 4859 
743 2026 409 1570 2212 1461 4760 2597 3538 4922 3472 4846 2581 2197 3832 1782 2219 1746 
3149 4044 4400 4414 3694 3293 4924 3296 3261 3231 2135 3075 164 2480 2166 3759 4072 4398 
2177 4846 3969 889 1553 527 3013 4885 3467 23 4876 4294 2113 2016 613 3076 4627 783 
2447 3835 2544 863 2536 4234 3340 4709 1058 1084 4635 3653 2825 888 324 3590 569 1681 
2280 689 3387 2322 4567 2118 1896 1907 3489 722 2150 1189 2590 3226 2851 3444 1298 4569 
1153 1823 964 741 3173 3647 606 2279 910 2450 3878 4855 4601 1058 4065 3031 2762 3738 
3830 2978 4275 4913 1271 904 4290 4417 670 2104 3290 1484 1428 155 3454 4750 138 754 
3545 1365 1399 4540 2284 3625 2788 4917 4649 3564 2067 3871 3866 4355 474 1738 4881 1260 
3374 1560 4932 1288 1477 2319 1965 3431 2373 3709 3779 3743 1085 3554 846 3566 1231 582 
2499 1926 349 1440 222 3884 808 1151 988 4582 1663 511 2640 3782 3232 4192 4639 4648 
735 3495 718 1130 4090 3523 3418 2273 3201 4023 3719 2616 1047 2219 3085 2806 833 4462 
2074 2525 2594 1323 4549 3464 54 1686 1210 3362 1316 3636 2980 3073 3378 2948 603 1554 
3101 2119 316 3019 1877 2217 519 2353 344 2665 316 1565 422 3748 2347 2841 4625 1553 
181 4952 1625 458 3423 1353 120 585 3968 1063 3689 4959 3698 2652 1663 1256 4281 1909 
1325 3840 307 4064 2089 4345 534 3931 1032 4578 226 1270 2232 4448 464 3757 3863 1497 
1981 4898 1424 3635 3026 3613 1727 1710 307 2557 1521 653 4315 4105 2583 4795 1119 3083 
1693 3623 4869 3950 2931 1425 1248 3676 3746 4952 4606 4553 3142 2485 3627 6 976 2139 
3301 3456 960 2273 2531 2191 4371 238 1186 1628 3740 195 3356 1461 3510 704 868 4396 
2945 678 2342 2498 4845 3922 989 3214 3959 3499 2670 3579 4593 1947 2003 3325 1130 2198 
1391 3299 2093 3601 1917 579 4056 3900 1854 1930 2268 3768 1850 2837 514 2885 604 1767 
3650 1810 391 2783 1842 816 3926 2682 3878 315 3351 1100 1798 2316 1788 284 1078 830 
1341 3072 4162 182 1802 1248 3597 2784 365 1586 302 3446 4863 2174 3772 3876 2029 3704 
1637 4381 1162 1853 3267 4370 4942 520 696 1104 3925 2145 1781 3647 1157 1251 1271 3572 
3591 4172 1046 1341 2726 2484 725 2562 4092 1105 3731 441 2431 2433 4255 2066 213 4002 
3609 4663 1560 585 1838 1043 289 4254 4232 2491 1755 3453 2597 4676 4821 3122 4402 1968 
1607 2825 1787 3430 659 3565 2762 4934 2044 2722 838 3376 3947 4237 2488 4355 4763 1728 
1460 3936 829 2795 1062 68 4256 1932 455 3674 3428 2555 3089 1538 3059 4765 3700 3817 
3709 3631 1793 144 3340 4185 3396 1510 73 1904 1941 3788 1163 3688 1619 260 314 2465 
878 814 928 4571 4775 1115 1299 4777 1272 3504 3268 921 4714 723 3304 3775 1995 3092 
1682 4128 2399 346 48 3772 947 1021 293 2441 4928 185 2037 1332 2503 986 513 3653 
3664 2100 1232 349 4425 3732 2493 3348 2413 295 701 4482 1310 4684 2918 4038 3184 4337 
4882 1275 215 472 4023 1484 2258 745 4084 207 1113 3479 1445 3147 2930 813 3605 1072 
1964 901 159 1090 4798 4274 3461 4632 1541 2018 1034 3818 4030 3614 1865 476 176 913 
4270 3435 1863 3857 3688 1537 3548 1038 824 131 1618 3848 4741 1762 155 2509 2432 2570 
1462 448 2359 1513 1935 2887 88 3539 4277 3322 243 3289 138 1731 1850 2468 2228 492 
4901 184 4937 4033 2040 1106 1902 4365 2030 4257 3823 1093 182 4310 584 923 449 168 
2314 1336 2643 1481 836 3230 2490 4599 755 1884 2018 4402 3314 687 3052 1664 689 2008 
3416 3165 150 241 1843 2758 908 1715 604 3283 2607 3869 4712 1178 625 3491 4884 4283 
3789 3774 2198 1657 2486 1282 4693 815 3779 3608 4563 4456 3857 4889 89 1986 3731 356 
2467 1733 4862 405 625 2095 4276 4534 3532 2464 4397 3796 4316 4833 3119 1118 4958 1680 
1631 1189 462 4644 4347 369 2843 2752 4476 2109 3927 1643 4158 2471 4292 1834 583 3444 
294 2894 4374 1095 3065 1213 453 1623 3415 270 3048 3195 1065 2155 4018 3175 67 3703 
740 2413 4121 3484 250 1477 2259 1659 1599 2708 1379 2315 4744 2541 4615 3274 3378 3082 
4328 1299 3554 467 30 4889 4913 749 3542 2198 4171 1419 1848 631 4099 1380 1297 3451 
1787 93 3697 4855 1798 4775 4821 4759 2950 3678 2519 2589 3902 2448 3907 805 2595 3873 
4056 1009 852 4570 4937 3946 3198 661 3996 1725 2425 1316 2297 1116 4244 1370 2234 858 
4835 2235 1611 3506 667 578 2388 3483 3226 3363 4176 1768 4276 534 4521 2552 1299 363 
685 1034 4477 1663 2269 837 458 4767 3350 687 3343 4045 1923 4607 1313 653 2189 2708 
4716 1956 3399 4806 2350 1089 2512 832 1163 1359 1648 3879 4669 950 2092 1462 3790 4417 
2855 2355 880 2805 3860 3608 1645 1048 2340 2000 1178 4816 2028 113 677 339 4453 2070 
4458 4143 1247 521 2569 152 424 1260 3068 1490 4806 842 4939 3557 1710 364 4301 3323 
2007 4795 4865 3231 1257 1655 1147 4190 2787 4323 4566 3161 2889 4927 742 906 2534 1071 
1454 1832 3931 3253 1250 1777 510 1054 858 2257 1838 145 2246 4088 272 565 2674 2656 
4312 4057 4561 880 4846 1851 3736 4546 1024 401 2078 3832 4049 4708 861 4419 1771 3336 
392 1681 965 4056 4955 464 2150 3 4025 365 3002 4592 1683 3439 610 4951 2717 828 
1865 4888 3413 3166 798 3738 2945 2425 3898 1517 2069 3826 2015 1087 4024 2348 4282 2398 
2827 303 4853 4160 2039 3800 1895 3235 1680 3048 75 3246 2813 3607 3935 4531 3759 4339 
473 307 49 4508 4379 264 4531 2787 516 673 2932 4563 2120 2261 1942 2378 2090 1876 
4552 720 3514 97 3802 571 4503 3832 3622 3606 2137 3855 1723 189 4025 413 2895 625 
3242 2234 424 391 3499 1937 176 334 2055 866 1311 3582 3374 3294 1335 3020 637 2358 
3376 2466 1504 4953 3869 827 568 1503 3764 3244 3411 194 1547 2913 3936 2971 2729 4375 
63 4496 3740 4840 5 475 1680 2082 1622 470 3805 1838 123 2132 722 4328 4874 1974 
1489 1309 3340 862 303 3261 2590 2431 3208 794 3335 1589 1230 2668 2321 304 2886 1210 
1809 4759 4944 846 3081 1742 1913 3533 2515 3844 877 2759 1530 2101 3524 2524 235 3548 
3148 2968 3084 390 143 4371 4341 765 387 3141 1978 4667 3196 4441 1588 1763 1793 3469 
2250 3886 2649 3861 2832 4136 1665 3996 1702 1325 4467 1546 607 2036 1827 3596 985 893 
2845 4862 714 3190 1561 4069 3160 2749 925 2684 112 389 1479 1994 288 918 4325 3994 
824 2816 1359 679 1790 663 3772 943 2079 795 4476 1500 3443 2997 1957 1487 4734 2386 
577 2092 322 4449 57 582 3746 30 1095 686 2820 4584 3315 1420 4739 3253 3719 1887 
4190 3561 1624 128 1588 4628 3505 1919 269 494 1568 1045 3728 2250 4771 1678 2068 2520 
2690 2915 3683 99 4444 2182 1182 4941 3994 4247 4011 3771 3120 2247 3125 992 2586 2959 
528 3255 4236 4298 661 4513 954 3051 543 1019 972 494 644 2625 38 3303 665 750 
1015 1443 2224 3911 2163 2780 2115 175 4358 4071 1748 3907 1335 99 3216 4871 3734 2746 
2381 1729 4422 4643 3867 992 4350 4710 3678 3311 375 2347 2643 3898 422 3427 2611 724 
3477 2201 4130 3608 2075 2288 3297 1414 743 1642 368 3799 3290 1711 3779 3064 2372 1096 
3434 4951 4254 1169 1155 2566 186 3518 1705 717 104 3839 2076 658 4375 4302 1864 676 
1723 2184 2098 4171 4426 4941 4492 4608 4145 3615 1525 465 2644 4793 4938 2060 1664 1300 
1615 2821 471 4490 24 2257 4772 2998 596 727 1694 2605 4473 4393 3062 206 3141 2777 
425 2244 2230 2257 1967 4417 3921 794 1241 3590 3838 4780 4596 1209 940 3082 3314 4225 
4125 3355 3652 4873 2169 1148 4469 3771 3718 269 3282 2627 767 4678 262 3695 1126 3017 
2775 3150 1499 745 1584 1170 3552 786 1866 1049 3348 1997 4835 196 1036 3638 3444 2411 
3658 386 1253 1569 156 1892 1388 3373 3104 2540 3575 312 2474 3146 1953 864 1909 696 
3274 2285 2991 2085 565 730 2314 2429 3249 2745 2468 4603 1902 4171 2848 2047 2097 1691 
2591 3121 807 1485 1889 188 4517 4043 381 4904 2599 1120 930 449 3459 4947 4672 2113 
1992 3861 561 3621 4218 3109 265 1889 4862 2937 3874 853 2602 2911 4665 2231 792 4190 
241 2440 1971 1215 209 2526 1265 1595 4117 2635 1008 2592 1401 1541 4156 4912 177 338 
1351 3216 695 3431 4257 3635 905 513 1008 651 4114 1909 1462 1224 49 782 4514 3537 
2234 4921 2929 865 3749 2846 699 138 3861 103 2401 2189 3692 711 4397 917 2044 1236 
287 3325 1433 3443 1832 1045 3001 333 3324 350 1596 2046 4635 3791 4342 2239 1322 1952 
4091 900 3890 3925 1480 3488 1080 4210 2774 3856 3748 2717 2391 4228 1709 4518 3727 3054 
4454 1245 4189 1508 1232 676 3027 2106 2963 254 1257 2838 4587 1747 1198 277 3204 2388 
2048 2341 1115 4145 4508 200 3646 3176 4739 2911 3220 1722 1046 731 1771 4258 2679 1911 
464 3313 4734 2157 2337 4331 1585 2838 4742 797 3983 3888 3066 4207 2565 1405 1945 4579 
1665 3056 212 1615 3825 101 258 702 1510 4335 1367 1853 1320 1639 864 4449 4814 4510 
4820 1033 3113 1314 2048 3168 767 4907 2351 1346 845 1646 2997 4162 3931 4865 2112 3107 
4704 3027 2223 3326 839 600 2153 479 4608 933 35 4808 2999 791 1113 2576 1131 2619 
4314 3266 2634 4531 409 3649 3832 3761 3260 1028 4524 1466 303 800 3322 1122 1573 2600 
722 1910 2189 3220 127 2077 710 3119 3092 459 1794 2458 4394 3297 2866 956 565 2770 
3606 4101 1418 2041 4623 2885 4810 1821 2703 569 1514 2361 3235 841 900 4958 3481 995 
3637 845 723 4208 3575 2084 823 681 4345 3372 2336 3162 2671 1869 3650 4390 2824 2001 
828 924 22 3301 4856 1969 4726 4113 2399 3775 2339 4021 2298 2214 2085 358 1525 854 
3444 53 3673 1248 4021 3662 1431 3620 1018 1793 3941 1503 1886 137 1981 4574 1264 3884 
3719 4280 2331 491 2098 4630 3039 3700 1585 3520 3249 677 423 3203 3140 4904 1716 624 
139 3568 1010 4598 3874 1103 1441 1574 4818 4015 4946 1225 1736 2806 3705 1910 2710 2638 
298 4016 610 497 3806 722 4499 367 1911 2560 137 738 833 1199 2608 1238 128 1788 
1554 3143 1603 3460 4649 2870 2177 3053 4169 4804 4901 2674 1105 1543 1787 1240 3821 3476 
4245 4367 3525 479 3681 4089 675 3445 3933 4496 2446 1920 1110 3987 1397 1966 165 127 
2174 3755 4701 4286 4936 4937 997 1261 4520 2506 1407 1598 4843 2390 3153 1965 3802 435 
4549 4752 1969 1525 390 4202 2076 4559 1027 752 2721 3547 2854 1252 2559 488 3370 2668 
4323 4881 4682 3611 3049 2393 1375 1019 2902 4710 3924 2429 1470 3472 2502 1435 3929 1529 
3663 337 3150 172 4674 1817 3971 2050 482 4735 4589 1421 3840 1828 2616 2770 395 3530 
3182 3423 673 3969 1574 2160 1681 1360 2097 4179 2477 1458 1493 4538 3038 1456 2579 668 
1329 1090 3900 833 4777 2918 12 2839 2598 3666 3797 2475 1840 1393 4417 3513 3366 3916 
2717 2855 4261 2969 4335 4070 437 2742 3661 1850 3208 2647 2710 837 3040 4527 3750 4855 
1551 27 67 2641 4321 453 3553 1728 4454 742 2623 4914 835 3569 4512 2082 3583 1117 
4016 3026 1755 2773 3077 1993 4641 267 2736 2442 2165 2652 2946 482 61 4125 2677 3880 
2724 4109 2922 600 1376 1983 2417 3585 4682 2682 2662 22 2309 3862 3196 999 1825 4949 
3526 1538 3392 899 1694 725 1250 1665 3117 4955 4627 4819 4902 940 453 4860 4253 1624 
3507 4066 4087 733 3113 1840 825 891 829 2243 3841 743 2905 1495 359 1894 2267 553 
2179 372 1458 215 2647 3925 2097 155 2968 1219 1872 3164 4040 4621 2211 4708 3674 4305 
1870 2619 1630 1455 70 1052 2429 2164 4430 91 4835 566 2054 2706 1356 1126 3657 1948 
2533 4712 4645 4796 1729 2247 2925 4621 3449 2378 210 4907 1140 4859 1328 3283 3254 2821 
3775 2528 4179 3200 2467 3701 1560 3646 2723 4505 3440 4634 4769 2121 1040 2052 579 93 
367 511 2332 4521 3709 740 3397 3328 179 3092 4472 817 4958 3469 3749 1775 1405 2986 
3383 410 2674 1328 1388 1818 1849 3484 4179 4954 1277 3202 4312 3475 2005 1618 880 4686 
4324 3590 2433 3357 2933 2451 4829 132 383 1858 1787 766 4633 2893 673 4897 3021 3882 
3972 4519 3941 1749 492 1379 4088 2673 603 281 3995 4904 4280 4671 3660 4375 4758 3403 
3015 4166 3082 1041 2059 2759 217 3349 3090 101 1331 684 3558 236 1294 4084 3545 3648 
3401 1428 4907 2694 599 4949 1991 2468 4716 621 2740 1601 1883 595 4158 268 680 1720 
1630 3451 1730 606 3204 4141 1942 2054 1645 4717 155 929 3156 2246 3645 1424 1853 2642 
4708 3887 4546 1348 1973 189 3879 966 4304 1712 3475 58 1349 2431 1564 1732 4023 370 
2969 282 738 2362 2282 1267 3242 1798 168 4285 126 1804 2045 299 2059 677 3928 4118 
3455 4863 1832 3822 1713 4004 3833 1575 1908 4868 1607 2158 4723 952 301 3641 2685 3140 
1703 3548 2326 383 2459 2696 279 654 4923 1200 1879 473 4553 3333 386 4606 2668 3863 
355 2745 1344 4704 4928 4619 4004 3256 664 4553 2033 250 4205 1763 4251 4763 884 4152 
188 2643 1329 3206 1047 4653 2174 2119 643 4242 3624 2225 762 2807 64 4225 3881 2568 
1559 4471 2653 4225 1965 255 4123 2510 1963 1643 1413 3681 2052 444 507 3263 181 4834 
3001 1124 1981 2814 3914 240 1923 4247 4128 1726 2159 4161 1916 125 3634 1088 4862 1060 
416 998 1036 1227 2579 2049 1690 2338 129 2609 1533 1597 78 2425 1131 3084 1575 4540 
3860 781 3003 4461 2062 4442 471 227 2767 3832 2200 1370 4344 3625 4028 790 4637 2654 
2695 551 1324 913 4755 1957 3004 4853 3565 1683 1345 3936 2700 2822 1300 3158 3426 1274 
4194 1831 4183 2771 4147 1366 2597 1262 4726 2422 3171 303 4445 4735 1976 234 516 177 
4710 23 4103 1847 686 2627 3666 3557 1081 2933 342 2065 4295 3789 161 215 975 1781 
5 4865 211 2835 1794 4040 640 1954 1708 4642 4130 1794 393 3936 4641 4579 1782 1895 
2653 2532 4658 469 2481 3092 220 2348 1476 865 2109 1627 4501 881 4715 955 3871 1542 
3035 1441 2844 3487 1775 3567 3520 2058 4673 411 3044 320 647 1476 768 2062 3613 4920 
605 1067 103 364 3471 2551 188 1203 2470 3570 2637 340 643 4713 67 4481 3650 4720 
1920 3117 826 4367 3097 1208 1092 3177 1684 2188 102 396 3383 239 1686 2898 866 2440 
2266 893 187 1214 1974 3779 914 2509 558 719 4125 143 2923 4531 2803 2458 4629 1152 
170 2559 1689 208 291 4396 353 1120 3815 4165 2779 3138 1563 3687 2 1060 4326 277 
3859 101 4634 2379 4733 1623 2398 4750 3576 2522 10 3680 690 3747 2340 2242 2651 3606 
2359 4293 3418 158 1479 2967 209 219 4557 767 1826 1664 4493 961 2160 2506 188 323 
4266 1965 1417 344 1688 587 1486 1085 2126 4818 1828 2682 2784 704 4649 1717 3673 1337 
1339 3626 164 4751 2573 4732 692 908 2011 4246 1901 2516 3344 633 4277 1975 3538 1402 
3195 1646 971 3829 241 4139 2249 3329 322 3057 3407 4261 4922 1015 1772 569 1254 2363 
310 961 4815 2548 304 351 3211 2825 2573 3478 4047 4257 4350 4871 428 1004 4080 1468 
4133 809 1263 2666 7 2922 2844 1790 3298 1397 2553 2468 3183 2074 2273 1563 2908 989 
1829 745 542 1827 3870 1676 788 4698 2512 1938 2973 3320 134 3520 1897 75 875 2372 
96 1436 2538 302 2625 728 2438 2127 1482 1577 4859 2832 3506 612 1858 349 1962 1626 
3911 3109 3129 2913 4325 3729 511 1831 1038 1964 1004 2499 1847 3708 605 4217 2134 1170 
4602 3783 867 1861 1392 4198 1563 3561 2483 3208 2935 839 3831 4366 2355 3246 2965 3825 
1707 4431 4317 3134 2658 3976 1402 1971 4953 2119 2845 3933 2855 4827 2323 2973 609 771 
1974 4787 3761 724 762 4498 450 3568 2173 1 4424 501 4262 3153 2195 515 4384 1842 
2204 285 635 2311 4892 4711 2997 2188 3895 620 3254 3001 739 4925 4082 4447 682 99 
2632 233 2067 4303 1096 2043 1564 284 1330 2319 1712 4723 2378 1903 4749 2641 4856 3448 
2110 2486 3695 2682 2880 2527 15 2396 54 2399 4764 719 841 796 1819 2319 1317 3974 
35 4814 3137 1620 2101 774 3518 4839 3437 4140 3935 2288 4833 2230 3921 687 3935 489 
4800 1674 3442 4888 4071 3180 4556 987 2690 1910 2493 1382 1307 2362 97 4118 3788 1090 
2760 4582 4827 3835 1446 685 1535 2325 3980 3873 3456 2930 4861 3199 4022 4567 3460 2250 
3967 4036 4536 841 196 305 1030 2524 1013 634 4521 289 4533 1171 2229 3177 2387 2048 
4225 2819 3719 3836 3023 2888 1630 4875 1315 4133 3467 1327 274 4404 638 2661 4114 100 
4771 877 4733 3348 847 2589 1317 3444 37 4687 802 318 405 1387 2863 1061 4403 757 
2022 1225 2369 138 3308 1633 3705 2072 2997 357 1539 2170 3650 1707 776 880 3355 4199 
2245 3248 2439 3524 1204 87 3570 4382 4820 2598 850 742 1728 3322 734 4054 3484 2609 
4722 2111 790 1775 1899 3121 749 1765 2790 3875 3708 2558 1876 275 763 537 3959 749 
1046 801 788 4009 1242 1828 2629 3674 3464 4433 2511 711 3298 3002 3403 1484 4481 4906 
1548 3754 2667 2566 3950 2978 3875 2416 3486 2733 511 1880 3270 1388 374 2726 4417 1965 
1897 1135 3183 753 4010 3684 899 4240 4779 457 852 3931 3541 142 2932 4945 159 2901 
4482 2439 1775 1159 3341 2367 4733 3606 1194 280 2277 4493 4080 3678 4221 1163 2066 2706 
4948 2381 915 2899 3031 4099 4879 1739 2175 3031 1047 2115 4829 1583 4374 2324 1502 2323 
3288 24 3406 2924 3662 3251 619 3175 3767 1087 4020 3614 3868 3075 3920 1886 4896 522 
1443 3145 2963 445 3057 105 3502 616 4576 3551 3433 4242 941 848 2623 3754 1155 4513 
1652 387 39 2449 626 677 3664 4946 3445 4560 3267 3156 4892 2642 2991 4239 1558 2924 
3964 4810 4347 3673 1399 1325 347 2100 2584 1867 2747 2295 4816 2137 2598 2397 3813 3917 
1477 4266 3592 4200 578 3905 2673 2478 864 4035 2535 1612 822 863 1935 1480 3861 3823 
1335 1968 4035 2442 230 3402 1209 2147 4943 1292 25 2690 3691 3640 488 2492 1374 589 
4153 4024 3484 1465 4595 3482 21 4049 4950 4751 1442 4323 1086 3012 4182 3541 2849 320 
3442 863 4013 1722 3621 4654 134 3861 4793 813 2232 1071 3697 894 1366 3145 2577 1733 
1087 2395 748 71 4535 4429 69 2624 792 1115 3513 1062 4815 3400 4462 2153 4457 1297 
1867 3670 1128 3590 83 4908 3909 1950 1132 2212 4031 3583 399 1389 4891 1330 902 1183 
3851 4762 2834 2500 882 4818 4014 4162 1197 3944 3248 2789 1497 1972 156 1360 4719 4171 
3929 2404 2602 238 360 3129 974 369 1746 2211 1835 4248 4935 2106 4490 2105 2235 1823 
47 1739 3466 4268 1823 1363 807 3153 1961 4762 3579 478 278 2377 1625 1152 4479 263 
85 2672 3361 2842 2413 4297 4065 2369 3773 1767 4301 4856 4067 2281 1431 2633 4850 62 
3322 3022 993 1677 3524 4663 839 4566 3157 0 1528 4229 2667 3476 2032 1844 652 3182 
4623 3001 2625 3400 2454 590 305 2740 3246 2130 2666 3265 1943 714 2384 1438 3469 652 
2715 2008 1026 2770 4408 3197 1786 4110 3082 2063 2891 4458 3566 4036 646 1655 1597 462 
3847 2731 652 4815 432 1674 4893 254 954 4287 1491 299 2525 3121 313 1382 1240 4627 
2172 4949 3899 3762 3596 759 2360 3042 4928 185 3538 1259 3929 2037 224 426 2659 746 
1827 4412 839 4864 2833 4835 2883 2215 856 1491 151 3786 537 1965 852 1536 2331 983 
2950 4389 1824 500 3827 3764 4736 733 3323 4298 4353 3814 4122 1004 3555 412 571 595 
974 3364 2347 3160 1595 3708 3768 4097 3971 783 4282 4885 2963 1676 1469 4641 4429 4218 
1102 92 1995 1942 1373 4809 4578 231 4901 31 1070 4063 3043 1177 377 769 3843 2152 
82 298 1523 3499 4944 4235 1378 229 3365 55 1974 3725 2090 394 2174 2732 3177 2419 
1160 4034 1008 2108 461 2507 4644 1508 4337 3706 3889 485 3997 3052 3725 378 2102 2722 
1837 326 219 2286 2570 2296 2480 3159 2061 4057 4801 2393 696 3944 397 2196 1081 4381 
2738 2623 2180 3812 295 4790 759 773 2839 1987 4238 2622 791 4584 767 1641 2736 2232 
3154 2574 2641 3398 2241 4282 888 1599 4295 38 565 3620 999 3028 4875 3574 1464 1442 
3742 4082 4715 322 429 1798 4555 2848 4294 155 1248 4651 4162 1453 1939 5 2192 513 
2181 3366 2762 3191 1185 2998 3712 2479 2432 1312 2485 539 3982 4147 2686 2180 3322 2384 
3579 2803 3383 1851 1427 704 4104 3658 2151 4940 1807 2697 1711 4674 3956 3593 134 484 
118 2544 4005 999 3673 4389 2714 1636 1667 4022 1613 702 1501 3483 4574 1787 3530 4282 
4489 1074 2135 4701 3430 1268 223 33 1723 2480 4527 2215 1945 2384 361 3189 2737 1979 
2496 925 1672 1126 4220 1899 248 4707 840 1374 1355 1280 4541 3478 4519 597 1557 3248 
1123 3228 3820 2567 2311 4727 3857 4467 1547 3038 4732 1514 2411 3813 1507 3183 1869 3382 
196 4091 4866 326 2978 852 2764 1345 364 954 3225 4382 721 3710 1159 3166 1169 1870 
4192 1276 4153 1335 841 3661 3400 2327 4521 3974 3469 80 821 776 1037 3699 1524 3161 
2638 3330 1698 4214 744 4488 4306 1743 2514 3734 1275 405 4253 2217 9 1101 4455 290 
4389 3398 4144 2436 4866 3206 1200 2951 1259 3845 311 1050 1695 3206 4239 759 2128 563 
4693 483 381 1910 3293 3743 233 1866 4497 4368 2084 4675 1288 2633 1936 2999 1961 2407 
622 4535 305 4553 1026 3988 2857 2895 243 1450 1931 582 3912 3831 3008 3660 3608 3622 
2958 1108 2379 3072 1165 3229 3031 1477 449 3542 2145 1785 1596 87 2050 285 198 4704 
1290 733 4272 1495 3704 3965 1905 1740 3010 633 4462 1693 2739 4309 245 1320 3923 2937 
4308 4564 4456 630 2927 179 3750 345 1243 913 2863 1976 4959 4905 4620 2784 2180 2661 
3277 2403 4499 233 63 4675 2801 3168 392 1531 4784 1018 1191 4532 4106 2626 2230 4866 
1096 1164 4327 4292 162 4469 2492 3989 4659 4136 4807 3892 2069 2707 385 4776 1572 4172 
1131 2991 696 4594 715 2390 1173 769 4714 647 2062 4479 4279 1376 2106 2937 3329 222 
60 1338 1539 4937 1034 4822 4374 2300 2280 3923 672 4569 2556 4154 2506 1707 1471 4454 
4171 3289 3800 3328 3932 3989 4177 2344 4507 3395 1036 1766 2307 1323 808 4070 1256 1275 
1320 4427 948 611 524 3064 2620 4948 3611 3314 4150 3760 4351 227 645 4792 1721 381 
1367 2107 1838 1572 243 2839 3168 1604 4215 4725 4904 1326 1387 1444 1603 943 2782 1010 
4621 3734 625 752 3144 4932 158 1507 4719 3882 1515 3088 616 480 3822 2132 2143 3125 
2734 3175 1926 1116 1158 3889 1933 3219 625 3365 4274 1967 4269 2709 978 3190 1488 3810 
4957 3649 4795 3456 3272 4448 1867 3577 221 771 3006 807 2725 981 2442 727 1365 109 
763 3691 465 3150 212 2463 4156 3337 1810 1432 4740 1322 174 4274 2014 1422 2111 1942 
4506 931 101 4555 3469 4482 4464 542 586 496 1930 2404 3989 2428 3366 3925 1429 1227 
3118 469 4076 1869 3933 486 2988 4473 671 25 1127 928 568 3502 2941 2124 2923 367 
2573 2764 4079 2079 211 1595 3700 2258 3461 4821 1726 1537 1813 3314 2758 2268 615 2378 
1584 1018 720 1898 28 1339 4520 3662 280 2493 1706 4280 2865 2022 870 3577 3997 3765 
3892 4328 3275 916 3116 4547 1925 3707 1373 1941 3283 3294 1565 2598 2189 3066 4239 3815 
4481 3119 2166 428 214 1856 1789 3517 2072 3159 1891 1961 2032 3587 4354 835 3921 2676 
2000 151 2697 2350 4576 4672 1788 982 4008 1988 2552 4881 2935 2276 714 4817 4043 3933 
1654 1987 3856 3708 1725 3687 4705 3804 624 2349 143 4526 326 4891 550 4760 3149 1242 
4021 1617 2573 4291 4269 3334 4784 3768 55 3755 4768 436 350 4320 3979 3379 1022 2764 
3533 3498 715 4681 3743 3924 2711 3579 2724 21 2167 3423 2019 4173 551 188 1983 379 
4241 2626 1707 2010 4001 2225 4465 485 987 4365 4788 3409 2319 126 2484 4636 3386 658 
4669 3053 375 584 3159 272 1442 2262 3820 4182 4805 3558 3346 1207 2592 1880 2826 80 
3879 4547 3033 1387 1946 298 2632 4056 2863 1772 924 1958 2494 4845 250 1068 4927 1269 
854 426 495 3003 1236 1661 2232 3411 3963 190 1087 1783 4874 4801 2906 3032 4065 2493 
4468 3665 1234 1058 1147 3881 761 594 3706 3694 962 4296 3862 1600 4216 4920 3519 4009 
4318 847 3565 2095 350 1418 274 741 3029 4685 3077 2366 49 1835 1441 22 4902 1841 
617 4148 3295 787 265 3570 3483 878 3911 2533 2219 2814 3178 3375 727 3128 4730 2751 
4428 1423 4280 4671 4131 3719 2337 1259 3232 1414 3560 3935 2810 4897 3564 4598 4267 2774 
2570 3716 4878 3517 1444 3204 2784 931 4078 527 283 2587 3771 2723 3653 283 4446 2926 
4609 2615 1642 4329 2583 62 1459 1849 390 213 123 70 1667 3882 620 516 4949 1833 
3610 533 3645 2915 2741 3483 3626 2772 3097 1717 994 4345 967 4017 4161 3202 2313 3397 
3607 2346 3017 4495 533 1151 1010 3613 2224 3727 967 4094 4218 2168 4536 1463 2876 2946 
3646 1509 457 2804 4471 4241 3601 567 1887 4282 4332 629 4432 4844 3115 4896 805 4450 
1434 2123 4351 2897 1503 4945 2798 314 4639 5 3125 1615 224 456 4059 2432 3112 4258 
30 2478 1211 3525 3074 1258 4090 2666 1427 2093 708 4949 4689 3745 1997 4448 999 2199 
4193 2607 3987 120 1278 3444 1610 2162 585 3104 2941 2284 2776 4106 3373 3735 4447 1832 
2120 1960 820 2093 1378 4246 3437 4532 1026 1263 3864 1683 258 2532 2546 2949 3559 1609 
809 3113 3468 3010 4512 3781 3690 4616 415 1855 3561 1244 1414 3163 732 4530 4914 4100 
1457 553 1945 14 1333 4302 3252 1309 4050 3971 2 4893 1398 2104 1212 3300 3924 2896 
770 584 3668 2685 4181 4693 1457 2865 3008 3701 4186 4128 640 4599 1447 2134 4912 1030 
3264 4211 3217 4143 253 4087 3497 962 4632 444 2421 4496 223 3104 4127 1027 3913 3168 
3255 2898 4203 3183 4014 4439 3882 4636 2915 390 423 3538 2774 1644 3523 4187 4781 3228 
880 3457 1585 2471 684 3495 2546 1750 2082 3445 2389 2086 2545 445 3308 270 2298 2206 
3748 3181 2893 1764 197 4381 2825 4783 1120 2673 980 156 1009 2187 598 2164 3299 1467 
4713 2001 4653 2294 2764 2055 2683 3039 2770 1283 2927 4767 2002 3246 2437 380 758 2406 
3244 2058 3660 3620 1316 660 3691 1766 2299 4406 3263 4501 3959 4032 823 3011 3107 2998 
1932 1187 3863 692 3050 1237 4649 667 1312 989 1454 728 947 2940 4910 1121 79 4646 
4311 4055 3639 2884 4006 565 3516 3073 3663 338 1348 3089 994 3219 4888 3761 1480 3644 
3404 15 4782 2241 4621 2203 3018 440 2019 2714 445 889 1986 3873 2324 3620 2911 2236 
3058 1386 3535 3314 3202 3385 1523 2601 865 3119 1870 2651 2751 1570 2622 1231 3537 3633 
4497 3530 3268 4678 2960 2979 3859 36 4756 3457 3920 284 3986 4385 4578 3107 4204 3918 
2205 4528 1420 1030 2614 3275 25 4614 3107 3738 1321 429 3094 3695 4798 3196 1709 1226 
679 4683 648 2128 1202 3726 2012 820 467 3527 178 275 3325 2440 524 503 887 12 
1213 854 2534 4078 3047 955 804 1440 1985 3580 2783 487 3 1141 656 4261 1410 376 
354 3363 1941 1106 4255 3422 3092 1661 4146 1992 3010 1172 3419 1669 3767 2793 4138 4506 
4514 1078 1384 2508 1848 4324 1213 2944 3175 2827 4421 2344 1480 1414 4746 2038 776 4808 
4769 1821 2366 2948 618 4413 4483 3759 1469 4464 320 1353 3226 2013 3472 2221 1776 158 
1685 1700 190 3607 1652 1684 3949 3611 1076 4224 534 252 4782 1027 2933 2051 3032 4447 
4904 315 2913 1114 2303 79 3237 62 2583 4134 4748 4607 4233 4504 3257 4761 2430 907 
1475 4592 3492 2764 4353 1400 4630 1483 2626 615 3830 2971 2472 1966 1139 2503 2738 3981 
1970 2409 17 4787 2920 54 2975 597 3707 1014 3786 3555 1719 3117 1637 547 3983 368 
1372 3118 657 4478 2056 343 1178 4038 4556 4437 2646 1162 4832 513 603 4711 773 3212 
461 977 1013 4400 4334 4344 1817 3152 2217 3783 1184 4305 4387 885 4079 2572 3067 1078 
4553 3671 3182 3381 486 715 4533 381 4747 3829 4577 1774 3686 1974 151 1466 477 3611 
1365 683 3960 1350 4800 3382 1033 4696 1506 4088 3356 698 3777 779 1231 3875 4660 1394 
3138 2314 4614 2878 3634 3849 875 1455 1010 3906 3140 1737 2662 373 2911 1581 3061 2993 
3428 485 3644 4600 501 4258 1022 2495 1429 1376 3470 4410 3413 1581 451 2772 3582 1798 
3348 352 4195 4196 3329 4341 1751 1497 2012 3925 3046 476 1427 4840 4093 2879 2537 4432 
562 710 4083 1107 262 3499 2882 1087 0 3938 4534 3021 2903 1548 1402 194 2443 1569 
3951 4648 2815 1821 4213 1309 4388 988 2795 2195 4016 1473 4908 2007 787 2635 4050 3406 
3458 1363 1950 586 4120 1072 1038 4535 4469 43 2496 3464 3871 1976 365 4855 3805 4121 
2420 1897 4344 1681 3513 3937 1159 196 527 3992 3915 845 2512 319 1622 3406 107 4526 
4853 1875 3768 4186 273 1453 1682 4830 2592 2895 535 2813 524 4051 13 984 2552 4358 
4420 312 4376 4341 3676 1454 368 3467 3255 968 43 1042 1827 3902 2639 3039 811 1667 
778 3784 3520 2750 969 1728 2998 2995 273 3460 2601 2307 1264 4893 3538 4059 3450 1126 
1552 3107 3059 2255 3327 4690 1950 193 1279 99 4399 3585 2200 688 1005 2959 3196 3819 
2352 243 3046 3291 2754 3123 383 913 4848 2029 1473 222 1405 1352 4692 484 3034 1141 
2449 60 640 3996 927 3956 3317 3395 2606 4000 4200 279 4463 4429 936 1187 4687 3439 
825 3195 1992 84 113 3621 4916 4520 3342 4346 2939 137 566 1074 2070 4550 1975 4717 
2008 1782 1197 1886 208 3307 3564 4659 3451 1159 830 1746 2206 131 2066 853 4090 2848 
3289 4439 1871 4252 3012 3984 1787 2608 231 967 1102 3530 2227 2305 4399 2812 4189 1899 
4044 102 4777 3050 917 2509 2598 1506 1925 2401 846 740 3603 3257 2056 4143 4893 2068 
20 20 914 1005 1087 2863 3652 2627 1335 669 4010 2395 202 3855 296 293 2490 1373 
2431 4858 2743 1974 3889 1044 2495 2045 4545 869 1169 3328 2914 32 3723 1633 3542 663 
3868 4600 784 2418 1046 739 3078 2377 3680 4354 4701 179 55 877 1615 2676 4130 558 
2658 3728 522 184 4110 1242 3464 1518 1960 1015 1894 1169 4182 4542 2370 2394 443 4237 
3482 1543 336 4574 1121 3945 4281 1097 4596 2176 2702 2612 1572 4352 152 1471 3354 1198 
3833 3129 539 4680 424 3640 1450 1222 3296 2368 4609 1533 2287 4615 4887 1172 1064 2297 
3262 1258 3101 2341 2360 1280 2787 3248 3037 3870 484 2077 128 3391 2157 4157 1548 3486 
4590 2519 1402 4957 437 3412 4553 2743 3369 4138 1182 3271 70 1281 3876 4182 4872 596 
2153 1431 3952 4002 3040 13 171 3580 2944 4144 2052 1869 2661 94 4426 3739 4313 4820 
1939 3646 4176 122 1690 709 2077 1801 4709 4350 3373 3176 3939 1041 2337 781 2648 2971 
3513 3817 2806 3108 2596 2932 3650 1036 947 3263 1943 3017 4526 3514 2054 480 133 48 
3246 1805 4152 3310 585 2500 4523 2559 1760 4218 4436 1302 1896 311 1394 1648 4653 1893 
3181 4616 3047 4029 1582 4938 4353 1632 1570 1318 4211 3708 2616 2236 731 1328 3526 3533 
1272 393 835 1268 2499 1374 2020 2099 1349 1518 390 443 244 4740 1658 1332 1162 1196 
2469 1785 1974 2761 1041 2381 653 999 3095 710 4821 1865 2799 3484 131 3662 1448 1045 
2129 4744 149 4403 3819 161 2365 1145 2782 1548 568 680 927 2023 3966 2126 2147 2482 
4174 4238 3497 3556 4035 1069 1220 602 209 2717 1952 220 2618 4338 2202 2691 4062 494 
4390 3928 4483 2542 547 1465 3887 2674 2229 3495 325 3683 3675 2891 1319 1985 4756 847 
339 1147 3896 3536 2944 4164 497 4401 391 1228 978 110 3595 3644 2916 4329 4678 1341 
3940 557 2927 510 876 372 4932 100 1286 3888 176 4486 136 4284 1668 3613 3407 3658 
3556 2992 2873 80 4390 4387 1083 3818 4422 1561 1876 3184 3776 3920 4932 962 3868 4932 
3213 1567 3124 3068 1510 3409 987 3145 3049 3169 2459 1468 2584 1458 181 2992 4098 131 
3552 4333 550 2210 4546 593 1353 2980 1433 4416 4029 1197 1776 2634 4869 1696 4863 820 
1458 3005 2179 2593 4533 139 4959 4349 366 1905 1318 161 4638 749 1009 3618 1893 175 
1119 2442 246 3804 4658 2162 2831 4093 1958 3913 4049 147 3669 1907 2951 3284 2042 4905 
4822 1506 365 1245 1418 2459 586 3777 4795 1605 1810 4498 4946 1935 1055 1958 3901 1685 
1269 4822 3748 623 2471 2458 438 2529 3213 2820 1559 1969 976 2717 820 1369 2940 2215 
4799 2270 2542 4010 4947 1313 3231 3908 1827 307 4046 3550 2274 2965 3533 1222 2525 448 
80 4527 179 1685 3545 3518 4910 628 3892 2814 3648 3916 1763 4436 3016 648 160 1132 
2200 500 3840 3245 3944 2443 1778 1597 1549 1088 3269 2169 1017 3518 2922 1984 2881 1804 
2196 1111 3391 3632 46 2423 2240 274 4694 4207 2501 2088 1492 3493 1296 4607 3655 449 
3135 4388 4205 893 1625 2113 1747 4683 2850 261 3811 2234 1204 2165 3039 3538 1515 3 
838 2964 12 3572 3165 1958 4917 824 474 2437 2808 4928 3519 1566 2259 1933 2144 2553 
446 1448 921 4380 1521 2456 1210 1859 3435 3924 4713 2151 428 4196 3742 1210 4480 1917 
965 4812 70 3114 3297 1071 2173 1838 2476 4898 4772 3754 987 3540 730 3651 4297 1233 
900 4700 4810 2015 3783 2294 293 2993 1213 4270 4490 3721 3221 3274 2234 3630 155 4923 
4534 4893 2482 11 3424 3712 2117 1957 66 2903 386 1638 4345 3037 3001 2624 1404 1285 
2115 2659 439 2267 2449 2695 3566 1679 354 3404 3794 294 1806 2456 2022 297 257 2787 
993 2917 3773 1575 1196 2479 3816 2932 2848 1068 3242 1642 3124 4747 2599 4802 3267 3127 
2511 3203 499 3021 4583 3072 4592 3748 131 4688 1490 1250 2071 4895 53 4219 209 3126 
3417 1528 376 4935 1925 2322 2552 948 2773 2004 2642 370 4348 4555 1156 2226 2508 173 
954 4331 622 1490 2286 3407 1939 4482 1412 3083 4608 3546 1725 821 694 629 2841 4217 
2305 3957 3879 2740 1268 4808 477 222 1655 1886 576 3947 4792 3097 4526 330 4413 4558 
3027 1283 1394 3012 2327 3034 4131 3705 3555 3093 1842 1362 1793 231 3080 2517 741 1069 
2080 783 331 2196 2428 4560 4605 4082 2937 2614 1661 2286 2094 1236 1117 3975 601 1874 
711 3837 1287 911 3526 3514 3780 346 4016 580 942 785 2205 1361 2795 3973 4199 3120 
693 1274 3026 1104 2365 797 900 1358 895 4390 2002 1418 2280 655 4838 2131 1387 3205 
2150 4015 141 3287 467 480 162 2906 3314 4096 2212 2630 4229 3749 3034 3234 2974 1585 
2299 615 2593 2751 4344 3602 2785 3675 4699 1025 4076 975 503 4260 2914 3414 1885 1091 
4763 830 4804 2231 1720 1320 3726 1991 4661 965 530 4360 4140 4849 1214 69 4616 89 
221 3323 493 1992 4320 4435 4560 2552 2099 703 2203 1333 1133 3360 2230 892 3053 683 
901 4769 1756 1429 2765 3874 3574 3835 177 385 1308 1075 4074 2476 3330 2 1522 1738 
44 525 3125 4447 2262 2571 2301 4270 794 2433 4287 2797 4119 1661 4631 1084 2805 1443 
575 549 2835 1117 2043 3348 3962 463 2407 1167 2211 3243 4303 1979 2318 1796 1122 2221 
2107 975 3979 1546 1085 1885 597 1215 463 4010 2738 2673 3115 4715 3745 4775 3008 1399 
4748 22 3692 1347 56 2904 3169 2812 2021 3100 1785 4072 2572 78 2146 4839 1069 572 
1854 3247 2385 4435 4274 2584 2510 4555 4139 2110 4514 3062 1363 3125 122 1500 2272 3337 
197 2386 1086 104 1053 3301 690 4177 3814 3651 1108 1651 4622 2213 3060 817 4619 1011 
4465 2548 1593 4342 4160 1748 2397 2366 1395 4918 2543 624 64 4560 3274 2994 481 3159 
658 2770 3971 2506 2743 3932 3373 4217 3541 2988 727 1675 4765 4125 2117 4616 434 1724 
2663 4326 2428 1467 4438 2994 2756 685 3906 3601 3930 1926 2187 2971 1283 2577 790 1726 
4461 4745 3806 3736 3938 3552 4370 1313 1526 188 4695 840 522 1675 2292 3210 717 1348 
4277 3789 1742 4543 2948 414 493 4639 3533 26 4120 3358 2839 2879 1080 457 3940 288 
1147 1232 511 2699 1113 3199 4526 241 4416 937 358 4183 4027 1668 1722 3111 3335 3734 
3406 2616 4668 3587 2386 3017 417 2463 3200 3343 4715 101 1633 4565 4340 846 4905 1430 
1456 3890 1282 2396 3736 282 131 736 3826 2939 1441 2793 3125 4814 1543 2416 21 4394 
4042 3396 1747 460 1120 2544 448 2309 2496 4163 4423 4621 1710 2179 4361 2659 580 4630 
929 260 3888 4047 1274 3213 920 983 3080 4438 723 119 2534 372 3069 3329 1030 2004 
1774 3693 4675 2569 1296 1276 3615 364 2639 1702 1132 947 175 619 3357 3573 3110 3782 
1496 4256 152 615 1019 2502 4246 2700 355 2863 985 3325 510 753 3764 3397 1070 1986 
2849 3862 3425 695 459 3861 1282 3085 1218 3095 1885 3609 283 419 3735 3772 1746 2492 
2529 2153 427 381 2677 3679 480 3208 4262 4903 4502 1826 2688 459 466 2711 3013 3685 
4337 2701 2978 2588 1443 4361 2531 266 1174 1600 2509 3228 4739 2743 4437 151 4345 4604 
2377 1877 1244 2534 4025 1512 4647 4746 4209 3378 4795 2711 4149 4159 3026 1434 944 2420 
4849 654 1125 2122 2543 4852 628 3295 2274 1426 791 141 2141 2417 3729 4069 4233 330 
1731 2454 3071 3886 1365 3723 4640 4565 1946 4159 1632 4464 271 3787 4203 1339 997 516 
2824 1328 4590 1747 3968 2226 3277 1759 4124 4565 1886 3126 215 808 1515 3637 329 220 
3639 766 2134 4360 872 4303 2025 614 2635 2131 156 186 1587 122 2416 767 1076 1408 
111 3674 3936 406 460 2101 2526 3639 4536 1608 1219 1759 4081 1460 791 3544 4536 1997 
4723 2275 3384 1925 2950 1539 2560 32 4692 2671 625 2451 2834 2574 853 1015 359 1518 
2091 3850 1608 454 2277 4336 3756 3607 157 4345 2102 280 451 3977 2870 1143 2807 1663 
3179 2203 4447 3058 519 545 3526 4137 1159 3137 1893 4953 3731 1062 3452 3609 2914 1750 
3927 113 847 2848 2831 1021 1874 1797 4598 93 1658 579 154 1082 4165 3850 2922 2291 
1105 4531 4718 1656 4729 3693 3843 1344 1638 4487 4313 1187 2031 4013 4118 1784 2329 4925 
4726 4234 1814 635 4360 1432 3089 4768 486 4627 3554 3397 257 3216 975 3236 4615 2256 
4857 3884 3107 2253 4121 3824 1011 373 8 4275 96 3219 1972 1172 891 72 1623 3497 
191 4217 2685 3481 3845 1929 4171 3704 2779 1071 3136 1044 3268 3406 2989 3726 161 4839 
517 509 3731 4637 568 4012 1830 1855 69 895 1359 2683 565 2979 4742 4929 2988 2230 
706 982 3770 2732 2106 92 1067 1929 3862 3117 2358 4871 1029 384 4250 1390 361 4490 
4104 776 4757 1402 1006 3991 1509 2282 1417 4740 3504 689 3490 2192 3228 1865 3952 4344 
1638 576 2718 1501 4897 772 1259 3896 4235 508 875 459 2057 1942 1879 2708 331 3693 
316 2289 2064 1398 1944 3794 4478 4250 1502 2331 1902 533 2487 318 887 4458 2339 1109 
3323 1872 107 2688 925 4256 785 1210 2501 2900 3669 2312 166 2340 4111 1542 1389 1888 
1672 1269 4360 2873 4482 1062 1603 3502 2619 1332 1724 3360 3600 4841 1893 2071 4127 2172 
160 1151 3588 4882 2466 4694 4863 3654 2800 640 990 4920 2684 4194 3865 1174 3297 703 
3657 2872 728 1427 1847 1822 1976 4661 4200 4259 4852 3823 4146 2552 4100 1533 2344 2894 
4380 1190 660 707 4085 3740 1449 2755 58 1448 750 623 1641 1244 4063 4425 1964 214 
3315 3567 1322 4263 2344 2122 3529 4548 3053 653 3354 1553 3261 2298 3199 2413 3702 4503 
91 3445 1565 3646 2646 4725 3016 1272 117 292 2202 4152 3733 3519 4087 1094 2526 4003 
1942 1760 871 1778 176 984 4804 2733 3327 3999 1485 2134 742 2518 2446 586 2214 4827 
4702 3897 4214 516 3831 2275 1937 4044 1221 4261 790 1618 3090 2650 3421 4773 3263 3041 
4782 3473 1229 1377 2639 2535 361 341 908 563 1015 33 3889 150 3658 1920 2555 1993 
670 1966 2729 2386 4632 3614 666 3550 4268 4694 1079 814 282 2365 3964 4594 4039 1358 
1826 2605 4377 4654 3439 1455 3948 218 2825 3350 1238 2079 2276 1792 793 2761 4059 4446 
4925 1308 548 2055 224 1035 1972 4676 1074 1804 4678 1816 4486 864 2332 1744 1402 1654 
3625 2628 1030 1277 4273 2605 4567 4370 3567 682 4441 4172 642 851 746 1569 4303 822 
3643 4499 3414 1337 4296 1260 3449 382 3645 3708 2297 40 968 893 302 2546 3737 4194 
4604 2871 945 779 987 2929 2363 2526 4874 962 2195 1037 120 1508 2780 1771 1569 984 
3790 4556 836 1804 2867 2933 4626 3100 2707 2126 2895 4119 3936 4464 194 1740 3346 4330 
1761 773 3913 3782 512 4823 2668 1619 2788 3536 3450 596 206 1718 725 4709 324 3049 
4691 235 3959 1176 1668 925 340 2447 212 335 709 1153 3116 145 4116 4173 4857 3420 
3788 3838 4572 1356 59 3869 135 4724 3333 2458 4065 4463 1378 4376 1310 681 802 3008 
2070 3553 3329 96 3670 2198 4759 1603 3900 1592 1929 775 322 4081 2798 157 1371 4926 
3245 3452 1649 1736 3024 789 2722 2623 1722 816 135 4571 2991 4208 3289 3764 1172 120 
1210 4494 1217 3141 3036 2210 3433 3843 3795 415 1243 1497 803 1075 3919 261 4035 4840 
1379 3155 1704 4101 3862 1124 4020 4267 521 4480 2433 1931 1973 4854 4145 3072 3293 3123 
1520 3030 3130 1225 1831 2420 1103 4125 4090 4790 2685 4207 872 1195 133 1354 3285 3068 
2089 4655 4440 3436 971 1642 163 3749 930 3132 3503 877 2278 1232 345 1452 2740 906 
2147 3733 1040 329 758 936 2520 1881 3483 1098 2475 1241 4361 3434 1237 4008 1330 1454 
982 1530 2518 4020 1955 3863 1280 377 4662 759 659 2271 3162 1470 3720 816 4825 3442 
1003 1833 694 2905 877 1839 4574 3020 1080 1286 1623 2416 3694 4468 34 239 4561 4120 
1369 1863 4940 2420 833 711 3557 2619 4550 2706 2781 34 4608 878 2573 2652 1333 2762 
4496 1667 4579 1863 4747 72 3671 321 4644 3370 2378 4240 44 1025 4937 4499 4791 520 
268 2776 3590 2427 3516 1709 1809 4789 4710 517 3938 3171 626 4308 3435 132 2173 4017 
2332 4630 4043 1316 2607 2942 3144 4256 945 2768 1303 4098 4492 4492 871 4701 1685 1156 
1319 4048 2695 4866 4502 2192 3174 2174 4640 860 3195 617 3937 1649 174 3633 3398 1278 
409 4236 3876 749 227 3314 4718 3993 4097 1372 3219 3941 112 3313 3388 1849 933 3028 
1945 4583 2717 2858 1290 3638 3841 195 362 2648 3191 1692 2715 3926 1687 1925 195 2628 
1109 4536 973 28 4288 3579 2841 3306 2096 1789 4537 2877 4426 3795 4401 2643 33 1901 
4071 827 4070 1709 3428 3981 2909 2220 1626 1273 267 1445 4409 117 4677 858 2273 2367 
4350 3176 69 2073 2604 4064 439 3744 4959 2283 4753 451 536 3456 10 2562 158 536 
1509 4365 3707 4238 1464 315 2302 4123 2545 4413 898 4919 1361 4364 3275 891 3466 4662 
3094 2630 2758 1329 4348 349 3324 3981 4442 3368 1610 4014 3121 942 3417 2345 3022 3664 
385 1765 2265 3304 1818 2107 3081 1844 791 3657 4508 1840 1042 3022 1179 1692 3685 3937 
3608 1231 627 2057 2875 2335 2425 2256 1629 619 3328 3362 1484 4706 838 328 4648 2102 
1512 2955 389 3725 1371 4281 1068 3178 2385 3184 2603 2787 3711 4923 1982 4145 2953 4797 
2940 2253 2811 3461 4292 468 3405 3649 1687 4474 959 4009 4789 3603 1446 2639 3462 4518 
4944 2096 3842 533 1913 865 1241 3692 1325 4141 4457 2037 76 160 1678 4122 1978 4580 
2169 2014 3630 4362 1188 1707 4816 2382 4048 2209 3061 3472 3175 2243 2800 2053 892 1135 
3662 4294 4479 1200 2891 1134 147 4295 1778 3825 3932 3391 3368 2371 2152 2192 2294 1432 
3090 731 979 3272 4883 3391 1385 4171 4939 674 3013 2141 251 1530 4439 3022 1037 2725 
3600 4850 4884 1298 4072 4330 1362 2405 1367 1455 1425 551 3661 897 1529 242 3675 1206 
4236 482 3483 2608 704 806 3883 4024 3150 2622 912 4818 1275 3087 2929 3598 3399 2999 
4564 4891 29 1414 3822 4860 2524 1030 3802 4017 794 4419 840 4427 3460 1146 2690 4635 
3783 1233 3030 4919 4057 2639 2342 2802 2591 217 2272 2519 857 609 3286 4500 242 2783 
2518 4883 1770 2903 1904 604 968 2266 1103 393 594 2242 669 2569 108 4413 1719 722 
171 665 3720 4653 1367 4590 4398 1073 1647 3833 159 4097 3521 2382 798 1851 1446 3814 
1470 764 3027 2464 1005 2583 2637 4098 3304 2693 2818 4209 1188 2066 2998 4706 3556 4215 
680 3856 765 1327 1591 2188 685 2650 4879 4251 3047 4107 1156 271 1694 4879 1229 3596 
3803 3912 4486 4048 4150 2775 3122 1549 4388 785 3710 4145 236 401 3896 2852 2554 4482 
2439 3351 2214 2228 2553 873 4007 4728 3544 2572 2441 4101 589 2489 294 2686 4213 1673 
4668 2533 1401 4432 1937 658 2949 4211 1123 168 4147 4697 2173 2385 3757 218 3779 2625 
4794 4958 4077 4213 1622 4399 1119 2301 2928 3756 2314 3379 2791 2513 6 770 4182 1607 
4568 1339 4607 2155 2364 2855 4444 3638 3598 4810 1141 4527 1693 313 3159 1605 4878 4090 
4951 2769 2565 4453 800 4167 2577 1909 3348 3780 2850 4813 4781 3597 1370 3684 4664 1618 
644 770 2554 902 3903 75 3406 4195 4166 1564 3998 4293 2007 3200 264 611 3954 3076 
2876 4755 4052 892 2732 1360 2311 4764 2364 4002 86 1307 250 1748 354 1927 3764 3257 
4322 4574 516 2482 1137 3271 4857 4366 3266 4763 3763 2327 4385 3993 1538 2248 330 2309 
620 3345 2287 3908 3348 732 4486 1777 1356 3667 3895 1087 4340 4188 3166 1868 2078 3473 
1488 2791 360 1958 4713 483 178 3210 3577 1111 139 1190 4265 48 3625 3575 3783 1828 
4798 4644 1135 1503 4956 246 4470 641 3086 2545 4323 1701 357 2222 809 374 498 2788 
3712 4357 1906 1982 2361 120 267 2333 844 2320 738 523 576 3829 2603 2668 2386 3541 
2612 3390 4638 914 1761 4021 419 1245 1289 500 2184 4218 3913 3639 1152 3526 3210 37 
4525 1341 3792 4395 157 4150 1676 54 1872 4606 1417 3914 2962 1830 1744 4676 3594 1770 
1923 104 4822 1911 3728 3214 4205 3552 3762 2667 4479 4288 4911 2339 2902 4757 3379 3654 
251 2647 3663 1063 2552 522 2987 2759 3584 2861 649 1300 4113 2675 4016 500 2061 3215 
4341 4224 2322 4068 921 3528 4612 2662 4671 1781 1138 4442 2089 3735 293 153 3755 2478 
4958 4001 4526 3713 94 4015 1305 427 94 3736 2293 1578 3338 2447 1835 66 1200 3446 
4202 3256 438 505 1394 765 2625 545 501 4463 526 3030 1343 3924 1140 2717 504 334 
4906 4096 1327 2496 3750 3928 3316 2417 2005 4600 665 11 681 2100 4792 3454 389 3945 
3915 3521 3445 4702 4762 3305 4697 1982 621 1650 4565 3350 4173 3127 3784 1652 1703 4300 
1077 3615 2714 4359 723 2808 2346 1124 4306 3619 4433 2441 185 4272 4109 4025 931 876 
4231 3520 1635 1771 2520 4353 2471 3389 4774 1423 1240 3168 1001 3641 2149 4931 2999 1352 
1298 165 1700 2175 4336 3309 884 2771 2218 1138 4392 2269 3755 678 3713 4824 2179 2660 
4916 1816 4011 1048 1968 3223 4627 3359 2775 1237 4078 1041 113 4513 614 4344 2494 3095 
1323 4773 2549 17 4391 2720 2483 1695 294 95 4326 150 1448 2416 3986 3060 3412 134 
2698 4890 3083 3767 174 3845 4135 782 3908 3050 4691 611 3962 727 2659 2846 2452 3272 
1944 3284 118 1983 1779 1914 3154 3795 4620 18 3760 1230 3804 4592 1620 660 3936 4590 
1026 2328 4190 4320 4036 3081 793 850 1769 714 4128 2149 4956 682 715 1665 1770 219 
2802 4676 2587 944 3610 3364 1072 4913 1187 290 2827 2940 2209 3568 2100 4007 4450 2951 
180 4495 4208 2693 342 382 3467 2575 1219 848 4309 2740 1316 4818 2468 211 3968 4025 
3424 1300 1223 2203 4099 4293 4673 1868 4062 2691 3375 4313 2084 720 1205 291 2813 4458 
3703 638 274 4686 4848 2553 3530 3265 4009 4126 4616 3767 2697 2017 4525 3963 1234 2276 
967 3424 423 3655 316 3139 2203 4775 1298 3256 3491 2504 2793 4009 2864 3690 4716 2806 
3986 1320 1347 1012 813 1943 3374 233 2298 1836 4688 4452 521 4182 2719 4424 2920 4292 
1331 831 3478 3948 104 2315 2309 1997 3051 2755 3556 3107 1370 4277 2349 4907 555 634 
2024 1942 2584 4710 3429 393 4019 1335 4495 3976 1338 4725 735 2286 592 2451 1971 977 
2373 2368 1944 92 1224 930 1775 3737 759 2689 217 59 4156 2938 3284 3905 2984 1820 
4310 2577 518 1955 300 1368 3132 4556 4077 694 2861 3431 2390 1913 3872 319 1469 1457 
470 1892 2606 1568 2628 415 1204 1736 1318 1156 8 2955 1794 103 3192 2847 4761 3996 
912 765 4156 3558 3791 321 4148 139 4627 4692 2291 2076 2945 1403 4721 2684 435 3097 
103 2211 4642 2760 1666 4519 1426 3246 1719 1629 2193 3949 1934 4534 4779 2622 3404 1697 
1982 1402 834 1952 4250 4194 2088 2754 3896 70 3416 866 3243 971 3475 581 4938 3057 
1828 230 256 3385 4599 3725 17 4340 299 568 4708 1164 2723 1464 4189 4107 4144 3258 
3539 592 2843 176 1663 3961 1013 2336 3003 3532 4344 4660 1045 3154 3169 2899 3179 3701 
2272 3721 4610 2958 3778 4210 1780 4799 1055 3422 687 4574 2939 4594 166 2471 4809 3366 
4132 4824 3436 3230 2613 2950 2829 4858 693 928 1986 3621 828 2947 1780 3807 2028 521 
2786 3657 280 851 1636 3216 4248 4126 3856 2946 3586 4558 4367 4610 1715 4669 410 4293 
3224 1070 3885 1135 1426 4335 957 2762 4566 3714 4477 2098 4489 3262 4735 1191 808 70 
1830 3797 1235 996 4805 3172 3381 3690 1853 2851 2759 96 4704 127 4811 2538 2342 878 
2589 567 3709 2463 1866 398 3837 4385 827 3486 1984 4440 4569 1059 421 3678 2963 534 
4015 2946 3335 3661 4605 4888 1304 2897 4404 1295 944 3989 3530 3412 4179 1379 4337 4126 
4474 1408 319 3876 852 1219 4613 3442 2780 2137 3247 3844 4179 2576 4672 4293 1565 2533 
3855 1035 2807 4802 3375 27 2697 40 2550 4019 4279 3441 4494 4529 3141 636 13 9 
1734 4157 3009 3669 2704 929 1770 2572 2544 2588 441 4561 3747 4028 4509 1423 2774 3266 
1946 4468 2190 514 1223 487 2149 1053 211 4338 3671 4821 313 15 831 4698 1077 3944 
